case_id,source_file,source_sha256,chain,address,chain_address,runtime_bytecode_sha256,metadata_stripped_bytecode_sha256,metadata_status,deployment_timestamp,prediction_cutoff_timestamp,incident_timestamp,cutoff_lead_hours,deployment_to_incident_hours,eligible_1h,eligible_24h,eligible_7d,eligible_30d,implementation_address,admin_address,beacon_address,beacon_implementation_address,eip1167_target,has_implementation,has_admin,has_beacon,has_eip1167_target,has_any_proxy_indicator
ca2-00003c2c7afe8e9ef32d,ca2-00003c2c7afe8e9ef32d.json,f3fa7bad89b12cc2cfb1255ef347a02b1ac250d343428c998308dad638b54cb4,bsc,0x2607118d363789f841d952f02e359bfa483955f9,bsc:0x2607118d363789f841d952f02e359bfa483955f9,ab89a0244c7e5a86aa8e1673b4c5b825db93bc406c7934e923ebb0a7c4548ac7,21aaaee65b8888b84b3233f12dea4e2077bf5c8c5e51ae3e1a0e9da53308f44a,metadata_stripped,1718489801,1718576203,1723438356,1350.5980555555554,1374.598611111111,True,True,True,True,,,,,,False,False,False,False,False
ca2-001b14467ef9b84b416a,ca2-001b14467ef9b84b416a.json,6e3d7d53ea89ea169bba424eed75cf6eb8e8b287b16af2c1fda2b301be7318b4,bsc,0x977087422c008233615b572fbc3f209ed300063a,bsc:0x977087422c008233615b572fbc3f209ed300063a,3383b988bd5c19c710a23c5440ff549282e1ac20d7758fcc7f3fc457a3f24361,f93c61e8b3de6073221f7fd5f8d071204e4943bcc8b4f4150a9634aa79da21aa,metadata_stripped,1676818374,1676904774,1682946672,1678.305,1702.305,True,True,True,True,0xeb3e6e2a30b2c23ac3442fbb25d6fe2fe495e3c3,0x3ff830dbc1cf4dca3c16203f2f29ce48c2e83ce8,,,,True,True,False,False,True
ca2-003bb3e01f9c7c13410b,ca2-003bb3e01f9c7c13410b.json,07d0ecd430be2ff1e31dca248933cc10212feb5dc236936ec92a779b1d58846e,bsc,0x564d4126af2b195ffaa7fb470ed658b1d9d07a54,bsc:0x564d4126af2b195ffaa7fb470ed658b1d9d07a54,ba051733ab1c3a4efd2867aa97f7f48f9e2ce74c99ae5f469af3a8ff4dc1f19d,c77592aac15a0cbc9817dae4496968f1469474dd65c6a46caf790c0880b959b4,metadata_stripped,1615344835,1615431235,1727023855,30997.95,31021.95,True,True,True,True,,,,,,False,False,False,False,False
ca2-0062515827b6285930f2,ca2-0062515827b6285930f2.json,2dc0cdf61e3fa90a9982854e6f746fef35dfd45d8f3872ae5666f8330f7008f8,bsc,0x518281f34dbf5b76e6cdd3908a6972e8ec49e345,bsc:0x518281f34dbf5b76e6cdd3908a6972e8ec49e345,105735d780f0c6f3c885604b216f5d378de8b67d4317264ab3d3abbf7e905232,e81f4169c2d18c154e7c1046f559e5c8a2e80c40648642a3b5088b8da4818628,metadata_stripped,1645536080,1645622482,1676587680,8601.443888888889,8625.444444444445,True,True,True,True,,,,,,False,False,False,False,False
ca2-0064b472336ec4210007,ca2-0064b472336ec4210007.json,a1132612d6ae2f6640163040f01d0fc93f9a7c98093f708da89014b28b3f5bc2,ethereum,0x5f0ad32c00641d1d2bb628ff341e0d4bb4494318,ethereum:0x5f0ad32c00641d1d2bb628ff341e0d4bb4494318,f1ae6587c2e09fb7dae9cdaa2f5aa752b6fade03dd4e37868d438bb2c55ddaf0,875eb641f321a0f222ae3f9d714c072fbd85d1102fb68f45103e3a66788317e6,metadata_stripped,1776722711,1776809111,1776945467,37.876666666666665,61.876666666666665,True,True,False,False,,,,,,False,False,False,False,False
ca2-0119280f82385cf56670,ca2-0119280f82385cf56670.json,341bb8d2ef0510a939899a81fc319e066a103e778a0afdd9517b2c490d4e5501,bsc,0x700ee24c350739e323dcf6a50ae3e7a3329c86ae,bsc:0x700ee24c350739e323dcf6a50ae3e7a3329c86ae,a8363ce49a59e4c960e872415a5491a2b770b2283271ba90e957266726a907d6,240c3df31850ae066ce4aef677d036cfbe4473cb272ff7b81030435947970345,metadata_stripped,1685386459,1685472859,1702803676,4814.115833333333,4838.115833333333,True,True,True,True,,,,,,False,False,False,False,False
ca2-01398b37f50bcbb8adc6,ca2-01398b37f50bcbb8adc6.json,099d08bc9540e9d03363eb1b7b3fa22185c629123b8c30b94e4362cd39323c50,ethereum,0x245a551ee0f55005e510b239c917fa34b41b3461,ethereum:0x245a551ee0f55005e510b239c917fa34b41b3461,b63d6428739c4df7fe510efa5019074d638795e8848a50d75ca463055840ab9e,045e03cfc33569c62b43e0ac0fd7ab6a05f6246d63e11d7077225701c3d78533,metadata_stripped,1624212418,1624298821,1752979811,35744.71944444445,35768.72027777778,True,True,True,True,,,,,,False,False,False,False,False
ca2-0214cb74200856148943,ca2-0214cb74200856148943.json,273b59f94192df3268d906472642893f529707b719c55439435baa43c5ab2772,ethereum,0x8ebd6c7d2b79ca4dc5fbdec239a8bb0f214212b8,ethereum:0x8ebd6c7d2b79ca4dc5fbdec239a8bb0f214212b8,209f278eac1a001ec432614dab5f77113816ed7e927cf460c9628ebe16b5f912,c4ed492600a10339a8b536ab3ba5c93073793b2d9b03f4dbad0f860621bdc42c,metadata_stripped,1684548023,1684634423,1693907843,2575.95,2599.95,True,True,True,True,,,,,,False,False,False,False,False
ca2-024816e85dcbd941c181,ca2-024816e85dcbd941c181.json,5a482ff9306a0603c12a0d35a7bcfa344382fd8fdc446ea5757e12213820736f,bsc,0x32b166e082993af6598a89397e82e123ca44e74e,bsc:0x32b166e082993af6598a89397e82e123ca44e74e,1460f7db07b95ad6d1d796266defc4f0735564976e5a17b17f42cac646e6fe57,11f7bd2ce9bc5c958e675f9f71068cf261aa0026e458a82e755243d3682c7017,metadata_stripped,1662216784,1662303184,1666264104,1100.2555555555555,1124.2555555555555,True,True,True,True,,,,,,False,False,False,False,False
ca2-02e1298629b75e4dec93,ca2-02e1298629b75e4dec93.json,8ffc37604fc949f3779a3334aa58164e9a0d20d78536b215f926b58d68be59d6,bsc,0xdbf1c56b2ad121fe705f9b68225378aa6784f3e5,bsc:0xdbf1c56b2ad121fe705f9b68225378aa6784f3e5,cbd134ac8d285892d5d33ec1bf94dcdf1102a990b1046d1594cb286e9239697b,6f4cd91554d949a8ad8047da7543a1ed35a94f9b9b1e6c2159563c05819ba95c,metadata_stripped,1676888138,1676974538,1690115795,3650.349166666667,3674.349166666667,True,True,True,True,0x0d116ed40831fef8e21ece57c8455ae3b1e4041b,0x87e31f333981162c5d16c9802ea2b5addb1df767,,,,True,True,False,False,True
ca2-03a929a60d6ca387d4bb,ca2-03a929a60d6ca387d4bb.json,f0035ee657812a0ff8aee5420461ba86beede8a3e20a42624484c70870387dc2,ethereum,0xf0358e8c3cd5fa238a29301d0bea3d63a17bedbe,ethereum:0xf0358e8c3cd5fa238a29301d0bea3d63a17bedbe,ef47d6433bcb6d430eecfe8b900af7fab0aaeceb2c3a5ec1c307a4f499e62dff,fddcccd0cd2485138ac862077e69c60138e1be434fccd2d4ab7575d37dfe8931,metadata_stripped,1603116154,1603202555,1603680829,132.8538888888889,156.85416666666666,True,True,False,False,0x9b3be0cc5dd26fd0254088d03d8206792715588b,,,,,True,False,False,False,True
ca2-0583d91c7785bb31ad8f,ca2-0583d91c7785bb31ad8f.json,d07326bd7b24708b4d7c601ab86863c214e78b6bd9a55ffb3e5879bf41505da1,base,0x7b5969bb51fa3b002579d7ee41a454ac691716dc,base:0x7b5969bb51fa3b002579d7ee41a454ac691716dc,cd69f5570d35e71743441cef0aadf3ca0a7d98e3426cf5f3250d3c7daa31133b,9633721a880b82802a478507ca988ca5b9e52aa2fd794be9a19d21f490a4b4a4,metadata_stripped,1704751391,1704837791,1712942883,2251.4144444444446,2275.4144444444446,True,True,True,True,0x574027c70abd7b25953b2cd060ed7827fd2c7b03,0x7f5a7ae2688a7ba6a9b36141335044c058a08b3e,,,,True,True,False,False,True
ca2-0687f6e05dc58457935a,ca2-0687f6e05dc58457935a.json,6e287f12a7f6bd7158c69370591fba44666883a3a0ffe87b66f4a5a820d5c0ae,ethereum,0x2409af0251dcb89ee3dee572629291f9b087c668,ethereum:0x2409af0251dcb89ee3dee572629291f9b087c668,7880887bc1bef905da0d5f4c5c744b4215a7b0d5e04892a70831d5395600c8da,67fc7feb4d616ccab68a57c5c3d7d6754418903841f3a210e5029ac6550d2290,metadata_stripped,1663606547,1663692947,1718021147,15091.166666666666,15115.166666666666,True,True,True,True,0x05bfa9157e92690b179033ca2f6dd1e86b25ea4d,,,,,True,False,False,False,True
ca2-0973b5638247f1875b62,ca2-0973b5638247f1875b62.json,bbb8656fbbfe447fc14b5526134d8ec7702e35b5aa1f8fa2e3103d056e725a77,ethereum,0x31a4f372aa891b46ba44dc64be1d8947c889e9c6,ethereum:0x31a4f372aa891b46ba44dc64be1d8947c889e9c6,b6825a3b89104dfb9741f1e7d86dec22db56447dbf6a536ded056cdffcd71a0d,2510e38310e5ad7940a677900e1081d5ba3bf4e99de7ddf4231c40f9310a95cb,metadata_stripped,1622853409,1622939816,1674132839,14220.284166666666,14244.28611111111,True,True,True,True,,,,,,False,False,False,False,False
ca2-0998fb22a8fcd705afbc,ca2-0998fb22a8fcd705afbc.json,56f0b2288090ea512f0d59c9911630c9b60c84d542443182b7ea0f0ccb10718f,ethereum,0xe68c1d72340aeefe5be76eda63ae2f4bc7514110,ethereum:0xe68c1d72340aeefe5be76eda63ae2f4bc7514110,e47a7c23499c8e5671514851060ef52e30e19011ef93af43f3f3fa189a6d8681,0cca443179034fc1d741651fd97b76907b089aa25cdc8f47803bc85cd81d546e,metadata_stripped,1633269306,1633355726,1720185323,24119.3325,24143.338055555556,True,True,True,True,,,,,,False,False,False,False,False
ca2-0a80356999aee511c6c7,ca2-0a80356999aee511c6c7.json,a4db773ead134de32c33b35f6c3cfb63a21ec7e22e21d1883abf623fc685a76c,bsc,0x2f3f25046ea518d1e524b8fb6147c656d6722ced,bsc:0x2f3f25046ea518d1e524b8fb6147c656d6722ced,dd2fad0493c30c5fb2635027b506eb7c1bda884caa0d00fd67b58c1dfb72fc3d,2295bc657da9828ce35b619c5db69800c0dafddd6576e3a30262706f9ac04fdc,metadata_stripped,1660637518,1660723918,1768205154,29855.89888888889,29879.89888888889,True,True,True,True,,,,,,False,False,False,False,False
ca2-0aa20008e0303e8a5201,ca2-0aa20008e0303e8a5201.json,f3527d838568d47ab0489ea8b3af83f1e4e216fb3b1d98c9693ff267a7d8a35d,bsc,0xb75ca3c3e99747d0e2f6e75a9fbd17f5ac03cebe,bsc:0xb75ca3c3e99747d0e2f6e75a9fbd17f5ac03cebe,b9da25e811e24ee97c742dbf5a4e3d5a59e4dccae678b57e00ff138a5ec11fe6,6a78894159fe2422aceb440bb6c94264348dbf3644e1852322bea9f3af23e5f2,metadata_stripped,1662542095,1662628496,1662719563,25.296388888888888,49.29666666666667,True,True,False,False,,,,,,False,False,False,False,False
ca2-0bc1321f2d440dbae4b1,ca2-0bc1321f2d440dbae4b1.json,0e23d875d5975b61311c2da705ea6ba2ff6e23277e48b51372ffe157d83bc77b,bsc,0xd990094a611c3de34664dd3664ebf979a1230fc1,bsc:0xd990094a611c3de34664dd3664ebf979a1230fc1,18808e7e12c9fbc460bbd2d0098955b0a78629568f355c18c16e9f175c14fbcb,f922178e326381c2faadb0743d237fb36394cb4a88343f750c6dfc0333c4d313,metadata_stripped,1689161260,1689247661,1690219415,269.9316666666667,293.93194444444447,True,True,True,False,0x02a4b53926bad267df700ff8e9f5d4a2516bb1fc,0x00a534b2ebdf2ee9f3f743211aa57d1448e5f69a,,,,True,True,False,False,True
ca2-0bd28c93ecf3fec1d833,ca2-0bd28c93ecf3fec1d833.json,63be2bec9e97549eb02fd1524ab941a05f5cc38867662b2fc2ae1818aecdeed9,ethereum,0x5f360c6b7b25dfbfa4f10039ea0f7ecfb9b02e60,ethereum:0x5f360c6b7b25dfbfa4f10039ea0f7ecfb9b02e60,104bf4100a23c7b25859cf0b95bf62409947a1a2abc326bc1e121ef95b337c39,81d4c0ddf125731cedc72e27c8fde534d39f1fcbc388ed838d33306aa4d5ad29,metadata_stripped,1660132148,1660218600,1673450927,3675.646388888889,3699.6608333333334,True,True,True,True,0x93dafd75f3f809d6a940e3971d401cfcc78f328c,,,,,True,False,False,False,True
ca2-0d308a16f604ed495788,ca2-0d308a16f604ed495788.json,3e86056d1e54d752654c6b97a06898d934e468960f772db52c049fdd6bd0f57b,ethereum,0x9f54e8eaa9658316bb8006e03fff1cb191aafbe6,ethereum:0x9f54e8eaa9658316bb8006e03fff1cb191aafbe6,06dc8a8a3157c2e7d1fdc4b31f86508c73b1f599bd1794d4613171fcb3a7d9e1,5c057d4a78ad366836f11b3a19adc8f05ba42acf9ab29e3599c8f14d00a1d017,metadata_stripped,1718295743,1718382143,1720765559,662.06,686.06,True,True,True,False,,,,,,False,False,False,False,False
ca2-0d94b0dee68d0b41352e,ca2-0d94b0dee68d0b41352e.json,5127775b5bc92371dd39a6e0eff41118bc2ad4e86202e150fbdf173b424dd297,bsc,0xb3a636ac4c271e6cd962cad98eae9cf71f5a49c8,bsc:0xb3a636ac4c271e6cd962cad98eae9cf71f5a49c8,ae49e48839486510d3cd246dfea598184cb2fa86bc0ef76c63cf8667e251f387,de1bc08391adf60aa79c881f472ab4a984da09f02b2bb468ab397cf1cbac01ad,metadata_stripped,1685458228,1685544629,1685602811,16.161666666666665,40.161944444444444,True,True,False,False,,,,,,False,False,False,False,False
ca2-0e06e67c5c9253228751,ca2-0e06e67c5c9253228751.json,323ebba4c7fd161fafef4f6e15656a96f6fe517f66de76055b4b69d10f3d498b,ethereum,0x5f58058c0ec971492166763c8c22632b583f667f,ethereum:0x5f58058c0ec971492166763c8c22632b583f667f,6a05d316ce0f3054069fac57d6c3625216cf8075f4346dc7f1f7f6b5c395d5c8,9ce4a7cfc0733c85736401b608018b4ea1e242f114d9a6c156f39c08c545183d,metadata_stripped,1592313072,1592399517,1592722118,89.61138888888888,113.62388888888889,True,True,False,False,,,,,,False,False,False,False,False
ca2-0f2e70bb64b6ee9426eb,ca2-0f2e70bb64b6ee9426eb.json,655663258684acaf9d9e5bc2233a541b10212bc8ce3d123b552d3d8e98a2829b,ethereum,0xcb3b879ab11f825885d5add8bf3672596d35197c,ethereum:0xcb3b879ab11f825885d5add8bf3672596d35197c,9147b2416121a147eff51edf775bd5b0d69b783034a0108132f3ec8aab3d28e7,cd6bd670ef0823da63dd1c85fde3a838c03db8273cb324160d8b74d3e95ee042,metadata_stripped,1666677539,1666763939,1682622215,4405.076666666667,4429.076666666667,True,True,True,True,,,,,,False,False,False,False,False
ca2-0fab25d3b5b764c482c5,ca2-0fab25d3b5b764c482c5.json,7f9478fe482f4e939e926b4d4e56cf087f79e5d9c709ddb1be6aa5269f371c40,bsc,0xb4e47c13db187d54839cd1e08422af57e5348fc1,bsc:0xb4e47c13db187d54839cd1e08422af57e5348fc1,5571a13342054e66598abcf9f7ba08cb8bb280f838230b9c79b339ea02766d89,fe16067bb65c4fde5e8731043def08ed84e366882571cad50d3b587b647ab52a,metadata_stripped,1668428662,1668515062,1685585272,4741.725,4765.725,True,True,True,True,,,,,,False,False,False,False,False
ca2-0fd406d4a5d581dc9171,ca2-0fd406d4a5d581dc9171.json,3281809ebf07bb8af3c907426202074fb38ccac6b33cb4332450a4104c26f6a0,bsc,0x04df78093e2b66a0387f8c052c8d344d84ca49af,bsc:0x04df78093e2b66a0387f8c052c8d344d84ca49af,116045d4eda7fc3d5855bc8f01f0307a72ed13f3f96237311790039c9f385663,7b177f025a5a6ee2af13a49829255d01725a49353d5f0b7c23eecf233c4a00a8,metadata_stripped,1635838906,1635925306,1748701369,31326.684166666666,31350.684166666666,True,True,True,True,,,,,,False,False,False,False,False
ca2-10135a96af2e104eb4a4,ca2-10135a96af2e104eb4a4.json,560303c2f34b5065c426a2c6bf480d23e18dccff851b72f6d3d0fae6e7489393,bsc,0x5abde8b434133c98c36f4b21476791d95d888bf5,bsc:0x5abde8b434133c98c36f4b21476791d95d888bf5,05fcf60d534f53f5ea761d96f9582865849b4fd4e566d5247445acfb35d270ab,49457bfa4fca8cbd641870bfb9d97c7e8bd90086419a2c5278a18427ff6ad8cc,metadata_stripped,1679024501,1679110901,1683045919,1093.0605555555555,1117.0605555555555,True,True,True,True,,,,,,False,False,False,False,False
ca2-1110a2625b12e4b110c0,ca2-1110a2625b12e4b110c0.json,85400b0fc72bbd9577d1699691dac206938e776849a64b781f091a42cfe9a4cd,bsc,0x844fa82f1e54824655470970f7004dd90546bb28,bsc:0x844fa82f1e54824655470970f7004dd90546bb28,dc154df8325c84881ebff973dc3cbfbaee5cd1253544cdd363e1b8a50b75651b,0394c952b646a81c62b35fbfc133245bb455e610d35763acdff44851fcec02c1,metadata_stripped,1616675212,1616761613,1637659441,5804.952222222222,5828.9525,True,True,True,True,,,,,,False,False,False,False,False
ca2-11258a259a94c2ae2ec5,ca2-11258a259a94c2ae2ec5.json,8effe7774af5017c3faf36b46528b6bf80ba0d2fb2db90a0a29c74ec56e3e2b1,bsc,0x8a6f7834a9d60090668f5db33fec353a7fb4704b,bsc:0x8a6f7834a9d60090668f5db33fec353a7fb4704b,bd2a860b95984cb0375f9a936bd34ffe0d87628f6a3ab32e5a4a98b5ad8be476,f6ad37be6e737ca8563a43122bfb26da044b509b99227ca370bbe438bdb864f4,metadata_stripped,1668232976,1668319377,1670657462,649.4680555555556,673.4683333333334,True,True,True,False,,,,,,False,False,False,False,False
ca2-11635f2908fcc175e7c9,ca2-11635f2908fcc175e7c9.json,7b0cdb66d2438252b6fe74016f1babc0e0a3e8a228e2c06498785785ace6b807,ethereum,0x1a7981d87e3b6a95c1516eb820e223fe979896b3,ethereum:0x1a7981d87e3b6a95c1516eb820e223fe979896b3,a74365296f496420eef92c1a356feec18dfa1cebe5b4437c57f1d6c07f631755,81ba88a4202d3f66e9db00e612970e83325c2c33d4bef4e2807a8c1da6502c69,metadata_stripped,1637338987,1637425390,1683617723,12831.203611111112,12855.204444444444,True,True,True,True,,,,,,False,False,False,False,False
ca2-122f147da75159901ea0,ca2-122f147da75159901ea0.json,0f36ab23d094b574b7903ab05b9a9720731e93c06c6088dba0dc1d5a5bf2adf8,ethereum,0xe77ec1bf3a5c95bfe3be7bdbacfe3ac1c7e454cd,ethereum:0xe77ec1bf3a5c95bfe3be7bdbacfe3ac1c7e454cd,63894e27cafbf39947a392154fbdf3e5b95486967ec1d51042c08cf9b2db602d,c9f476393f12a8fd7f3d4b62c958bc82676a398df421f32bf03c74937d8f3b50,metadata_stripped,1707680423,1707766823,1707917303,41.8,65.8,True,True,False,False,,,,,,False,False,False,False,False
ca2-12f0d5e40474ef0de502,ca2-12f0d5e40474ef0de502.json,a5afe5854f84763894c11e7eb4fdc81b1def86eaab9f30990f6abb047d3160c9,ethereum,0xde62e1b0edaa55aac5ffbe21984d321706418024,ethereum:0xde62e1b0edaa55aac5ffbe21984d321706418024,1322f8bfdefc5ae2654923837b3d0ecf7ba91e11ebf176ecbd6fb5314a6e321b,acfbb0461e317c2e89b94d3b937e7ef69ae193aefc08fed29b61595c0e513943,metadata_stripped,1676482307,1676568707,1676607623,10.81,34.81,True,True,False,False,,,,,,False,False,False,False,False
ca2-14b9ffae56e7c9bfb04e,ca2-14b9ffae56e7c9bfb04e.json,8877bbee6f5a0f55c510e84a7ed0cb827f1d04f956803e0d3bc64d3f3012b2e4,ethereum,0x50ce56a3239671ab62f185704caedf626352741e,ethereum:0x50ce56a3239671ab62f185704caedf626352741e,a3b812d889f2535892c5d4faa2c50b94086b5f76f59f612b1cc9b74e9804cc2b,1920b517a3860b6785df25128b573a7a2b703a76c2af9da07ddb2f5f1efb14eb,metadata_stripped,1664477507,1664563907,1708698923,12259.726666666667,12283.726666666667,True,True,True,True,,,,,,False,False,False,False,False
ca2-14bd5d42e2f704e2cc65,ca2-14bd5d42e2f704e2cc65.json,2e417d8d883f33a5476d331907ec6bcea5daf42b6857e52dd75a5130dc4bb1e6,bsc,0xe1747a23c44f445062078e3c528c9f4c28c50a51,bsc:0xe1747a23c44f445062078e3c528c9f4c28c50a51,d2ff1c99523f3530d1d8f954ba7e74dec87ee43aaf0aa9bf389d43e104e3cbf0,69e8532d67c36a1fcebc172123ac09edaf445ddc589be7a0273ea0cfd18ea4cf,metadata_stripped,1646660867,1646747268,1700019959,14797.969722222222,14821.97,True,True,True,True,,,,,,False,False,False,False,False
ca2-14f7f1899d2468d3cabf,ca2-14f7f1899d2468d3cabf.json,06b55577fa9c6bb8e798e03fa40d2ddcbf8a46f1a957ba353fde0b2f944b461d,bsc,0x1e813fa05739bf145c1f182cb950da7af046778d,bsc:0x1e813fa05739bf145c1f182cb950da7af046778d,dec8002ec1fcc340cf4932e310b6d8482bc95350dbb705e0d33dad55304852b2,050854dcaa3f72684ac753bbd7f1ac805f46bca8f7f342a1077a290b35492729,metadata_stripped,1647261680,1647348082,1658732504,3162.3394444444443,3186.34,True,True,True,True,,,,,,False,False,False,False,False
ca2-1579de76f9bed10399a7,ca2-1579de76f9bed10399a7.json,ee87523f5067a58ee6cb3b973386457373afea7f66178b8d34d562564ef8248f,ethereum,0xd3c41c85be295607e8ea5c58487ec5894300ee67,ethereum:0xd3c41c85be295607e8ea5c58487ec5894300ee67,c9dd792d44d69711a6969ab56a908503ffe1484f375f6d69d016d7ca2a4e8840,cd3eb32bf489102a58b35cb1b3b21e53be4f6935198b580b89b403e62f988eb4,metadata_stripped,1635636037,1635722440,1694678195,16376.59861111111,16400.599444444444,True,True,True,True,,,,,,False,False,False,False,False
ca2-15ae4c22b54f390dc4fe,ca2-15ae4c22b54f390dc4fe.json,1b9e33a71d8b338598bde4c78a657b1f11dc8e8dff8be090eb5bddced99d9375,bsc,0x8087720eeea59f9f04787065447d52150c09643e,bsc:0x8087720eeea59f9f04787065447d52150c09643e,65f9db61df14109ff165eb5b6ba869b3cd2194b5d536bfed7ca77524e8aefe59,4a3efcda36022b8aa1ab0a72b5466df88687e3e619be105f109432b549c54d19,metadata_stripped,1754020793,1754107193,1754881158,214.99027777777778,238.99027777777778,True,True,True,False,0x13dc7f825e5b97be1f53b7db4253a7c73b5068d6,,,,,True,False,False,False,True
ca2-170efb900eb90211eaa2,ca2-170efb900eb90211eaa2.json,85f519667e5ade1c418670c656b40ce94899644ff38e69b0bbbf863e96d81026,bsc,0xfd80a436da2f4f4c42a5dbfa397064cfeb7d9508,bsc:0xfd80a436da2f4f4c42a5dbfa397064cfeb7d9508,21fca3690f9f9439fde9e464f79a6cc193a00d2fe08b3a11582154e39b3324e8,4dd430f7d548673f510bdbde365665877961c9191b3222163efcd430284a642b,metadata_stripped,1706107085,1706193486,1713283732,1969.5127777777777,1993.5130555555556,True,True,True,True,,,,,,False,False,False,False,False
ca2-17240c1cdca17b758810,ca2-17240c1cdca17b758810.json,243255dcecade392feb19b8c300a02a78d8522c0a41d27920fe7ca01cfe307b6,bsc,0x35f5cef517317694df8c50c894080caa8c92af7d,bsc:0x35f5cef517317694df8c50c894080caa8c92af7d,d5140762f1837c2ceef83b4b96497c9cec3e322e4db039462f5456c39757a3fd,0a3c4f757184b71f9aa05775ca99a0cbd0c0bacff7f27d4dcff209e46d3d97f7,metadata_stripped,1719625953,1719712355,1719926076,59.36694444444444,83.3675,True,True,False,False,,,,,,False,False,False,False,False
ca2-1769b603523b156d5e27,ca2-1769b603523b156d5e27.json,c420b4727bca36d50b5ccea644a44a5fed5958d58fb39af7d723f20bf8136689,bsc,0x7dda132dd57b773a94e27c5caa97834a73510429,bsc:0x7dda132dd57b773a94e27c5caa97834a73510429,a41c0bbf3f3f3a3c034b952a239def43b155f3df79d3fa4d29189e1f793740c7,240c3df31850ae066ce4aef677d036cfbe4473cb272ff7b81030435947970345,metadata_stripped,1702208552,1702294952,1702723251,118.97194444444445,142.97194444444443,True,True,False,False,,,,,,False,False,False,False,False
ca2-194c50c55dd95140a294,ca2-194c50c55dd95140a294.json,f4d1aa5ccfddcaec466232c04c04fe79a864052dfef8a41517ada905bd321d13,ethereum,0xf10bc5be84640236c71173d1809038af4ee19002,ethereum:0xf10bc5be84640236c71173d1809038af4ee19002,f6422497ed7404819262b3322f3d5f891b4b04b834b66d4c5609f59867a0bef3,a22504e00edec29e771e0541f538d26dee4c82ef403a66af8c84b6e0705eae49,metadata_stripped,1677598379,1677684779,1727352107,13796.48,13820.48,True,True,True,True,,,,,,False,False,False,False,False
ca2-196bde1bc084a841e794,ca2-196bde1bc084a841e794.json,de8bca3c0e3b04bf79bb2adaef9c254c4eb72aa26ae18ff2da786b784257fe81,bsc,0xa2268fcc2fe7a2bb755fbe5a7b3ac346ddfedb9b,bsc:0xa2268fcc2fe7a2bb755fbe5a7b3ac346ddfedb9b,ddb3931abf0a8b73fb3e8acbfb02a7741c914962f0f517d8a3abbbb87066fd36,e75ae6cdfd0b4e688605c1d0f512f0708f5ad816342c59ddcca1a90b3a22c251,metadata_stripped,1704450156,1704536557,1728535784,6666.451944444444,6690.452222222222,True,True,True,True,,,,,,False,False,False,False,False
ca2-1a73db8dcf62dc8e4419,ca2-1a73db8dcf62dc8e4419.json,a5348cda7998a380e722f5955ce72042fa4aab00d333aa08a8c2a3295d272143,bsc,0xc748673057861a797275cd8a068abb95a902e8de,bsc:0xc748673057861a797275cd8a068abb95a902e8de,c145a322853b8f40fb0f05c51628f8517e76c5839fdec4be583aaf4d7a63d725,4b8927c14b8b295951c77d8f99d831f2f43e98ed1d1ef74fc699a36cbfdd2825,metadata_stripped,1621617676,1621704077,1685239910,17648.8425,17672.842777777776,True,True,True,True,,,,,,False,False,False,False,False
ca2-1bee07e4cd2ee7c6892c,ca2-1bee07e4cd2ee7c6892c.json,ca2c4aec387d4b147b86856c0242e0390db96924b0951b3c87432b60459a6664,ethereum,0x29003dd6b9970ad658314fffb61e42f352c41630,ethereum:0x29003dd6b9970ad658314fffb61e42f352c41630,699b20c9b03269b66d70b4ddc25d24cd0a23730e0f7c3c7010d295c6d9667b46,69ac7c60d00665d0af614add342a47921584fe719ff55521ac8d920055c7a043,metadata_stripped,1705212551,1705298951,1748988131,12135.883333333333,12159.883333333333,True,True,True,True,,,,,,False,False,False,False,False
ca2-1dbdc2611cd24dc765b2,ca2-1dbdc2611cd24dc765b2.json,cc4d4a628612c21a98c09cdad064751944c1b1716e2a02b3ac7966cfe432ea65,ethereum,0xb84cbaf116eb90fd445dd5aeadfab3e807d2cbac,ethereum:0xb84cbaf116eb90fd445dd5aeadfab3e807d2cbac,cae2f91dba3bc4eec6adac2957eedfd813fb15406aa2a1bbb7b10a6739daa5f4,2bfacfe9c6c02e933f3313630d2c6f18340b8d91566f8d6578c79108015ceb2d,metadata_stripped,1661970455,1662056864,1662134462,21.555,45.5575,True,True,False,False,,,,,,False,False,False,False,False
ca2-1fe777829f28c3e02e1c,ca2-1fe777829f28c3e02e1c.json,4c1fdd437ea7bb21a09420c6bc7c3f9f5a072d1ad3d6f07791b69a64ee52977e,ethereum,0x09a80172ed7335660327cd664876b5df6fe06108,ethereum:0x09a80172ed7335660327cd664876b5df6fe06108,a3cd8029250ba6a54f453ec7f0104f274294ffc9b1bb1a8e62b409990643d569,7f63b7cbdc36cd0057617569b71a7accb9553d1cacc700939800335c98a47366,metadata_stripped,1523389343,1523475747,1722938279,55406.258888888886,55430.26,True,True,True,True,,,,,,False,False,False,False,False
ca2-21ac1c8056ff7df162a8,ca2-21ac1c8056ff7df162a8.json,0caa823e42bb0efad5d313a9b7403600d53a5498e1da144de0ee3cda2b140c8f,ethereum,0xa5564a2d1190a141cac438c9fde686ac48a18a79,ethereum:0xa5564a2d1190a141cac438c9fde686ac48a18a79,8858f410bd94d73888a7ab042c29633e4363ce861cf65fda7e8a6a867047b553,5cbc577653c8693adb1fc7b72fab8fefc1927f03a1482e9c18a9f1e54099c500,metadata_stripped,1674586931,1674673331,1687272923,3499.8866666666668,3523.8866666666668,True,True,True,True,,,,,,False,False,False,False,False
ca2-21e1af0751214952c72b,ca2-21e1af0751214952c72b.json,d53195ae1c1953a688d6d0b899c04dbf1225bcddf2d790c0cef357dac8c29159,bsc,0xc1bb12560468fb255a8e8431bdf883cc4cb3d278,bsc:0xc1bb12560468fb255a8e8431bdf883cc4cb3d278,9fe83e0e386da66155c2569a32ce034124df03799ce291a02ccd93867ec90f52,99e6fb66a4167eb5f722c342979b6b298e15af9ba9b2ff5c923dbf8fb60e965d,metadata_stripped,1670134865,1670221267,1672701906,689.0663888888889,713.0669444444444,True,True,True,False,,,,,,False,False,False,False,False
ca2-220124d062a8c71c63c5,ca2-220124d062a8c71c63c5.json,d744aab94fb8a79fb0b64d554e983eed0a12488721c428a308d1bbdb74d1939d,ethereum,0xcc5fda5e3ca925bd0bb428c8b2669496ee43067e,ethereum:0xcc5fda5e3ca925bd0bb428c8b2669496ee43067e,b59409cc4f9df325e58e7dbb0bc7e99da6c702c8f336065d1c9dbc66f3a0c161,e13c48c098e5673bb235b456b806ae4b0c59952377821393c380211cbd7c35fc,metadata_stripped,1705123019,1705209419,1705432271,61.903333333333336,85.90333333333334,True,True,False,False,,,,,,False,False,False,False,False
ca2-22667ec3b73bf4e3f29e,ca2-22667ec3b73bf4e3f29e.json,79b75d1d796a67349e70d1e59d65a1334d8d0117c0bc96da37ee53ce54f73236,ethereum,0x369cbc5c6f139b1132d3b91b87241b37fc5b971f,ethereum:0x369cbc5c6f139b1132d3b91b87241b37fc5b971f,bd87f756b65aaf42388ec2eb50e0167c11ae5c2e7c653d8e6d728cb1985933fb,0191fc1f8d748609c23a837f1b9414814bed5ee7fc3de8c2fdfd556ce3154a53,metadata_stripped,1686256859,1686343259,1689966095,1006.3433333333334,1030.3433333333332,True,True,True,True,,,,,,False,False,False,False,False
ca2-22ca428502dddf9f2871,ca2-22ca428502dddf9f2871.json,8dbd1f67597d40ff84be22e0a38f22df98d97ee6bfe87fb5a46c1e167900cfa2,bsc,0x8bc6ce23e5e2c4f0a96429e3c9d482d74171215e,bsc:0x8bc6ce23e5e2c4f0a96429e3c9d482d74171215e,80e9b1a3ca503711405e397a325c3c18cc3d653c33163e25b8da2dd33b0107c8,7327095b8e19a0a0363d1c35cef5afb3720cb5ca3943d26b712ed785185f0ece,metadata_stripped,1684753996,1684840398,1684860207,5.5025,29.503055555555555,True,True,False,False,,,,,,False,False,False,False,False
ca2-22e8cd13c63b74bc9bbc,ca2-22e8cd13c63b74bc9bbc.json,fa5c6c02a25aadbb1a79375f5e133f15ad3990f07427e22b12e49ed8cd474b99,ethereum,0xb983e01458529665007ff7e0cddecdb74b967eb6,ethereum:0xb983e01458529665007ff7e0cddecdb74b967eb6,1699b775db16a20374ddde2b22d2a9ffbc7d4551739402f4c69a9b5f45522f3b,a183d9ec920409137bd5684a1adeaa02fcd6e941b96e22cb574fe07d2c07d266,metadata_stripped,1599093312,1599179716,1599988056,224.5388888888889,248.54,True,True,True,False,,,,,,False,False,False,False,False
ca2-23403cb09827b5b8f43e,ca2-23403cb09827b5b8f43e.json,620d779596150ad4b18e941f7bdea9f1afda3aadac919b04de3443a94a27d632,bsc,0xb8dc09eec82cab2e86c7edc8dd5882dd92d22411,bsc:0xb8dc09eec82cab2e86c7edc8dd5882dd92d22411,2359c039add398d5f89f1108b8e5c6cc1a94fc45052b8fd951259a16546eec64,64dc658c20ec78831b7c17550993bbca61b656922dbf24f28895220a62bf0191,metadata_stripped,1685427017,1685513417,1689602416,1135.8330555555556,1159.8330555555556,True,True,True,True,,,,,,False,False,False,False,False
ca2-252276d076fbf17cb546,ca2-252276d076fbf17cb546.json,a248fe6f75ec226b6801811b5df34d3f9898e01dbaeef29a57ce51d92b8a3951,ethereum,0x5fdbcd61bc9bd4b6d3fd1f49a5d253165ea11750,ethereum:0x5fdbcd61bc9bd4b6d3fd1f49a5d253165ea11750,ead36f0ff6d241ed05ed4f3608ca076e958304ed29daadd53ee0c8f9c45bf8e0,c95568e8171a687c72d8824c183f51b2f628f3ac051389bf2e4ff16bbb736229,metadata_stripped,1698335891,1698422291,1698832715,114.00666666666666,138.00666666666666,True,True,False,False,,,,,,False,False,False,False,False
ca2-2656a778ab34f3a823cd,ca2-2656a778ab34f3a823cd.json,df13d5b707b1d0d57bc169da4b20d9f5c0a185ec51c54cbcd5d127ba73c72a06,ethereum,0xbbbbbbbbbb9cc5e90e3b3af64bdaf62c37eeffcb,ethereum:0xbbbbbbbbbb9cc5e90e3b3af64bdaf62c37eeffcb,fd5aa16eea01735e0e33e51e913a27f7d5ed998adc0cec2bf1f9ea368d9e1bdf,8b9139d8dc22eff6182d03794e0ed3ba8da75fc7c6fdf13aeb1c76d1b7cbc286,metadata_stripped,1703754563,1703840963,1728815243,6937.3,6961.3,True,True,True,True,,,,,,False,False,False,False,False
ca2-26661d7a70b3c3c3ab9e,ca2-26661d7a70b3c3c3ab9e.json,dbb9f78b6929f3dbb9a3c241538c3f401d9f3fcd30b928c9122ac03f9603a7e0,bsc,0xc748673057861a797275cd8a068abb95a902e8de,bsc:0xc748673057861a797275cd8a068abb95a902e8de,c145a322853b8f40fb0f05c51628f8517e76c5839fdec4be583aaf4d7a63d725,4b8927c14b8b295951c77d8f99d831f2f43e98ed1d1ef74fc699a36cbfdd2825,metadata_stripped,1621617676,1621704077,1687350211,18235.03722222222,18259.0375,True,True,True,True,,,,,,False,False,False,False,False
ca2-275669506c0506e44e0f,ca2-275669506c0506e44e0f.json,5dda03b4aba9804d57541d6431aaec68b3067104f697e27b988a041f70a84bd2,bsc,0x109ea28dbdea5e6ec126fbc8c33845dfe812a300,bsc:0x109ea28dbdea5e6ec126fbc8c33845dfe812a300,3b79ab9ed3dd92f666f4c2878f672d0a10bc820c4a7035a3d387e2f3d1d96cbd,1db4e19b1756c5534cb8fa7d8a8b6f39dd8a7feab5a7961d2f7c17a91d3ec981,metadata_stripped,1622518260,1622604661,1622687086,22.895833333333332,46.89611111111111,True,True,False,False,,,,,,False,False,False,False,False
ca2-28489e4d5123e702b7a8,ca2-28489e4d5123e702b7a8.json,fe66279ef61df72d55bdf7f64f3c1665aa5bda070c8f71c62d2c14d363304b31,bsc,0x7ac55ac530f2c29659573bde0700c6758d69e677,bsc:0x7ac55ac530f2c29659573bde0700c6758d69e677,6645b331f57d2c5485d9aeb63b799b62cf87a523d1dd8e90d4added19738b9f4,300b72bbe1f8e5b681cb44d101fc8bdf0ad89e50e492b095f54d17ece05df429,metadata_stripped,1600478809,1600565209,1622141683,5993.465,6017.465,True,True,True,True,,,,,,False,False,False,False,False
ca2-28984dadb4e195ff0adc,ca2-28984dadb4e195ff0adc.json,d6d08da0512c0b4700c60071024ff42a85fb5a303ea2ea07f050bcc686e2f59f,ethereum,0x4306b12f8e824ce1fa9604bbd88f2ad4f0fe3c54,ethereum:0x4306b12f8e824ce1fa9604bbd88f2ad4f0fe3c54,2ab8741009e36fd80c6fe44789170b5632e1b7a3a5977bed49d9f352b41cf9ca,064a7bfbca118ec992410f017681a4e656f1e5f9d244bd523c4f3f7437625917,metadata_stripped,1675786763,1675873163,1690965887,4192.423333333333,4216.423333333333,True,True,True,True,,,,,,False,False,False,False,False
ca2-29064c97bd3050d5cc0b,ca2-29064c97bd3050d5cc0b.json,35bbd82f5327b363324d09e67246d827968e282f28bf42590a56f9a2e363fc00,bsc,0x34bd6dba456bc31c2b3393e499fa10bed32a9370,bsc:0x34bd6dba456bc31c2b3393e499fa10bed32a9370,f493237b9d26fcb9d47fc3685d30e1e17c8302b5d84071394e77642cfa14cfcb,a9e9f47e85bce0571f5933d7bee02de9201c3766c8d14409c13c54e7092e7816,metadata_stripped,1658991025,1659077426,1659914092,232.40722222222223,256.4075,True,True,True,False,0x35afc46f5392304eab8e57ecfc4a93170db415e2,0x8f8c3495800c708eae49df3269c60e9575240b41,,,,True,True,False,False,True
ca2-293982257dd654edb222,ca2-293982257dd654edb222.json,6c4d1e4345819d231d72278aaf0b2b604bf32ae68b3dc0319d3bdfd67e064d30,bsc,0xd4bbf439d3eab5155ca7c0537e583088fb4cfce8,bsc:0xd4bbf439d3eab5155ca7c0537e583088fb4cfce8,44f3899a6d05e558c2d193a95640cfdfd0e57895db99ec6fc416d12e2c256d55,851da229c40eb5fbfddd6bbbb8b34ea4f74ae9021b88f06a55a2b9dd71942ece,metadata_stripped,1614930727,1615017128,1620418383,1500.348611111111,1524.348888888889,True,True,True,True,,,,,,False,False,False,False,False
ca2-297229c8f057f9088676,ca2-297229c8f057f9088676.json,20d08f5f9396ba0d52a049ae810b8c2dddf0ab9edb7a91076f8184de0491c356,ethereum,0x047d41f2544b7f63a8e991af2068a363d210d6da,ethereum:0x047d41f2544b7f63a8e991af2068a363d210d6da,13412b6de1999ca45cfeaf6245688a5b5a91ebc76ce4f639043ff791d222b175,12487716809e31b6703ad3c3701d7188dfe813e4e04c5ba3968c4261bc8c1a7f,metadata_stripped,1712998547,1713084947,1727375291,3969.54,3993.54,True,True,True,True,0x317b8e2739616c9ea30c4f7e51c1d48c47876ef6,0x029e4fbdaa31de075dd74b2238222a08233978f6,,,,True,True,False,False,True
ca2-2ba749707a4aa17e7fd0,ca2-2ba749707a4aa17e7fd0.json,afeec5225878217c31fcc428a939ca7ef2ede1013dd96f88d983b29916a7cf59,ethereum,0xbb02a884621fb8f5bfd263a67f58b65df5b090f3,ethereum:0xbb02a884621fb8f5bfd263a67f58b65df5b090f3,ec2ef6abe31b3d7c87498c7cbfabc0ad3b335302a6562fe471615a69f8a8e7b5,ec2ef6abe31b3d7c87498c7cbfabc0ad3b335302a6562fe471615a69f8a8e7b5,metadata_not_recognized,1622688697,1622775102,1667946419,12547.588055555556,12571.589444444444,True,True,True,True,,,,,0x4a9cb5d0b755275fd188f87c0a8df531b0c7c7d2,False,False,False,True,True
ca2-2c7f349f1a1765272f4b,ca2-2c7f349f1a1765272f4b.json,a35c70069d7c005f0f7a56afc3840bd5a1710d0da53ad62855de9ff37e4d44b9,bsc,0x1befe6f3f0e8edd2d4d15cae97baee01e51ea4a4,bsc:0x1befe6f3f0e8edd2d4d15cae97baee01e51ea4a4,bf212f2b664292edd3745d5284c2f56dddf85c882ac88dab6d7b160dca94fa9b,be885f8b6f92ec631f462af593fea5ea616d228a5698cedd1541dd04b8796b85,metadata_stripped,1648120259,1648206661,1649518711,364.4583333333333,388.4588888888889,True,True,True,False,,,,,,False,False,False,False,False
ca2-2d1d603841d5194ab452,ca2-2d1d603841d5194ab452.json,ed7590670fbadfc481e2b27749a6328486d99c6921b3b480cd3d8e47ae8f9b84,ethereum,0xe0b94a7bb45dd905c79bb1992c9879f40f1caed5,ethereum:0xe0b94a7bb45dd905c79bb1992c9879f40f1caed5,1f157208639a5a4b3e66d5d9023db3e2a44c305c59831221b21bee3dafab82ea,b6898673205d44564100172ad5276f3ef96e7a97fe050a37efc4cea4d0eb251a,metadata_stripped,1605829775,1605916196,1609156820,900.1733333333333,924.1791666666667,True,True,True,True,,,,,,False,False,False,False,False
ca2-2d415ee24d090e5e26dc,ca2-2d415ee24d090e5e26dc.json,10fe96a02bf878b7fbc4c01bc6093cc813653578dc44d3de6e54aac5a63027eb,bsc,0x1292267f726e6f313972ec4e14578735473e1649,bsc:0x1292267f726e6f313972ec4e14578735473e1649,98b4fdf1dce6e49a7e53d8ac3d872fd315640bbdf38465b0aff8ae4640f1f4f9,3eec45d65e7acc83c87ed504539a0d3a740a7ec156fdde18f11fd08da4adaf68,metadata_stripped,1659459797,1659546199,1659621006,20.779722222222222,44.780277777777776,True,True,False,False,,,,,,False,False,False,False,False
ca2-2dee2c2a8e814aa3fa88,ca2-2dee2c2a8e814aa3fa88.json,b2f00c95c98dff85899e08cabc027b3e2b7d1b509d199ad3c0fed79e122efb09,ethereum,0x1880d832aa283d05b8eab68877717e25fbd550bb,ethereum:0x1880d832aa283d05b8eab68877717e25fbd550bb,41555caa4c43b0b019374727cedf5d11b787a59738731a9f02e5b7b515ca43e3,aeffb3d7a0fdc60c8642c7c5292aec71eb8ffc34c5a1ba9319c082a1fd3dc3ea,metadata_stripped,1757677187,1757763587,1776647315,5245.48,5269.48,True,True,True,True,,,,,,False,False,False,False,False
ca2-2f2a6d7666820b172f1a,ca2-2f2a6d7666820b172f1a.json,991a0ebc595cd2c18a6a8c082e0548fc59afcbab004d7766bd281c2d37bc50ef,ethereum,0x35a254223960c18b69c0526c46b013d022e93902,ethereum:0x35a254223960c18b69c0526c46b013d022e93902,a870ed22a071b345ae14f625a1d0128049981321ed82a17f21b9ee69b59a6daa,2f0f48ed16de49f8615ee8ac58ba14d32e2c113bd04e2c72c6288e3a3d84788b,metadata_stripped,1601316265,1601402696,1674046451,20178.820833333335,20202.829444444444,True,True,True,True,,,,,,False,False,False,False,False
ca2-2f4322a54fd6caa407fe,ca2-2f4322a54fd6caa407fe.json,f8e15d398a540be17ae4073352801cad4f43ae1589befc5d90271d2045b47b27,bsc,0x12b3b6b1055b8ad1ae8f60a0b6c79a9825bcb4bc,bsc:0x12b3b6b1055b8ad1ae8f60a0b6c79a9825bcb4bc,d679babae234e2b99c15bec4bdf4d9762a108928438f734ab885f8493709cc22,08f678c3d9e42a325db4d39bb85f221d4dbb1baa424c737274d7d5ea4b64693a,metadata_stripped,1695724505,1695810906,1696785076,270.60277777777776,294.60305555555556,True,True,True,False,,,,,,False,False,False,False,False
ca2-2f764ff5c7c146ad35b3,ca2-2f764ff5c7c146ad35b3.json,42590648a56487cfb06a450709ebfdec8f852da819eb20853ffc79bc7930c332,ethereum,0x765b8d7cd8ff304f796f4b6fb1bcf78698333f6d,ethereum:0x765b8d7cd8ff304f796f4b6fb1bcf78698333f6d,d44e2865391f32c0342d0ac80b4d7b9764e52a8771b1dddc146a4980294545f4,f4eae0ea38ef88e97ebc5aa7505700eca89d5225243c43e46d422d27078926b1,metadata_stripped,1611740698,1611827109,1685512451,20468.150555555556,20492.153611111113,True,True,True,True,,,,,,False,False,False,False,False
ca2-2f808fc768214bcb9f7d,ca2-2f808fc768214bcb9f7d.json,15aa964e57352493a7dc537c1e32c38e1dab8d1b5d1aaf6a2b5090e7ce4a4aed,ethereum,0x3d5bc3c8d13dcb8bf317092d84783c2697ae9258,ethereum:0x3d5bc3c8d13dcb8bf317092d84783c2697ae9258,521978a89950e48043a9a34216ddc32603eda4bc8b0a4d202bdc9629ad539c9b,4b08cf57647d484f520467ab9f871509e430180753360b7fa9439a8f8fc4efb4,metadata_stripped,1596363502,1596449917,1635342842,10803.590277777777,10827.594444444445,True,True,True,True,,,,,,False,False,False,False,False
ca2-2fce7b426138574319d9,ca2-2fce7b426138574319d9.json,d8fcbe9ee676d3bf17ce563992432d28481b22f17e5953c860ce0e4638c578c1,bsc,0xa5f3728767f834c591ee99c8c5854b752f39c385,bsc:0xa5f3728767f834c591ee99c8c5854b752f39c385,07f29aabd3c3474268167e88545513a6807ae1a6902fc7831a1ea11a03eec0ca,360797863f75e3511655db4fbee1bbdc2ffe5b4cfca5197865552729a169facf,metadata_stripped,1747202467,1747288867,1747380870,25.55638888888889,49.55638888888889,True,True,False,False,,,,,,False,False,False,False,False
ca2-301863287cb1e49bdbb5,ca2-301863287cb1e49bdbb5.json,54f2fc384bb6deb30fd2c20c23f2e60a84ddbabf122375412d5dd1d90253f83d,bsc,0xeccd8b08ac3b587b7175d40fb9c60a20990f8d21,bsc:0xeccd8b08ac3b587b7175d40fb9c60a20990f8d21,74f90ef68c79a40628e972d8515e84ad0afb72574e1eee8cf8e6bd5375d5690e,3895b053eb3f69e2c4cdc9ae4046467f551b26facb5a05fe6ebebdf44b39bfa1,metadata_stripped,1658322363,1658408764,1665051347,1845.1619444444445,1869.1622222222222,True,True,True,True,,,,,,False,False,False,False,False
ca2-3049d2889726467cfdcb,ca2-3049d2889726467cfdcb.json,fd615d6959be711df4bf35801e2123f2411b38f10574ff5939082676b83a275f,ethereum,0x9210f1204b5a24742eba12f710636d76240df3d0,ethereum:0x9210f1204b5a24742eba12f710636d76240df3d0,15137e613a3376918b780373a74f516b28081467faa30ed3a542cb771a6dac8d,dc1c36a93acb2342d73d0e8cdd10a923dd5e746786ca9264eaf28bb9b7d8e377,metadata_stripped,1639434927,1639521338,1693122947,14889.335833333333,14913.33888888889,True,True,True,True,,,,,,False,False,False,False,False
ca2-30b42ce7f2f4b08cf742,ca2-30b42ce7f2f4b08cf742.json,e1dd660a2379b6d3647e1658892651a8a146077f02b3dc77eb9b805966b853fe,bsc,0x9ca66a67dc3d77beb59dc11caf96677843797c08,bsc:0x9ca66a67dc3d77beb59dc11caf96677843797c08,5a0220cb5b3f8029c61543962ec6a92bd5d0e712cec83c1292d552bdd4b86eb0,68e3f9a4249a4dcf7c98b5c714115c29d9a6cb5ee78b59bbccdb07b81f14602f,metadata_stripped,1701199054,1701285454,1745886459,12389.168055555556,12413.168055555556,True,True,True,True,,,,,,False,False,False,False,False
ca2-31fe70569e5c85e1450b,ca2-31fe70569e5c85e1450b.json,52f20ae0bfe1c87169b0f80fe94f945a521c352d8ea91c9b59120470d6a0a0d4,bsc,0x2c25aee99ed08a61e7407a5674bc2d1a72b5d8e3,bsc:0x2c25aee99ed08a61e7407a5674bc2d1a72b5d8e3,57a2649086c4d63f886953ff185da7a25499f0872bf98d121179c6e9e562c3e0,dde245c3fd81f5b36c8538b4677ae3117e2b514ddd74240f76e494348b19ea6b,metadata_stripped,1675274091,1675360491,1682316206,1932.1430555555555,1956.1430555555555,True,True,True,True,,,,,,False,False,False,False,False
ca2-324926ca92042b3a084e,ca2-324926ca92042b3a084e.json,b51554a268b1f016620b2a356bb3a15167ba3f757c7318bbdf38490a61ea1247,bsc,0x760c2aaa22220f24b9343b2a91a62dd664953853,bsc:0x760c2aaa22220f24b9343b2a91a62dd664953853,a178b12c486692e2ca5f861f748f6aa8fff63935b3467ea5911d8b8eb3f2a584,79f7138bb1dd3a87b0d69b194d859653f421df6143af9d810af166bc0f138950,metadata_stripped,1618391524,1618477924,1747671130,35887.00166666666,35911.00166666666,True,True,True,True,,,,,,False,False,False,False,False
ca2-332ccdc5e82202082265,ca2-332ccdc5e82202082265.json,c5ea0449cd2f2d09cd19621d54490dd08d8b3d8d9304411cd89025c31f3fa67b,ethereum,0x3f2d1bc6d02522dbcdb216b2e75edddafe04b16f,ethereum:0x3f2d1bc6d02522dbcdb216b2e75edddafe04b16f,53bc264ae874fe3fb1f9cc53ac550d68ff9c2e978d021f13fa3c1d1573479e39,22f05376be4df3c8ce416e2b3f915a2cee3b3e8cd57beb3a4749ace35a98a3d0,metadata_stripped,1637706687,1637793101,1651311143,3755.0116666666668,3779.0155555555557,True,True,True,True,,,,,,False,False,False,False,False
ca2-33375f53486ac02fc6d2,ca2-33375f53486ac02fc6d2.json,8e4dfef6f01f63fa548dfbc41e345de6a359dedf0e804e30dd8eb8658141bb1e,bsc,0xbf5baea5113e9eb7009a6680747f2c7569dfc2d6,bsc:0xbf5baea5113e9eb7009a6680747f2c7569dfc2d6,33da08bfdeca45f61b5a3f0a9265a761a1cbb2abfa702b29247ca8aec1cb9063,6822e6ac4cc85687549db4a11f5a20655839e9555e531edd64c5f5a26e356553,metadata_stripped,1664546388,1664632788,1679670732,4177.206666666667,4201.206666666667,True,True,True,True,0x01f521187169e19c519e09e24638bca927def30a,0x9dc3482f55420b4649f4eb5a8eade5a5c71560b1,,,,True,True,False,False,True
ca2-33876c68131f30cf0f4a,ca2-33876c68131f30cf0f4a.json,69aa5d0fdd793799084e05a5221b1d341e385cc93c982140d62d462287028721,bsc,0x028c911c10c9e346158206991e02d09bd0a8a35b,bsc:0x028c911c10c9e346158206991e02d09bd0a8a35b,af31f38d3325a841fd4633f704966ce9fa1a0cfe01b25ee9da43bd1cb744b92c,a67ad085b3bcb435c19c9f39d9ec5e1fb0c2145ed22cb26bead86e93940bb4f8,metadata_stripped,1679679516,1679765918,1717144542,10382.951111111111,10406.951666666666,True,True,True,True,,,,,,False,False,False,False,False
ca2-347a5ac7c8586f3866c1,ca2-347a5ac7c8586f3866c1.json,e7398b707843a32eca169676cc423cf8a395fa709a1d53b12345f29c9a875a19,ethereum,0xeda47e13fd1192e32226753dc2261c4a14908fb7,ethereum:0xeda47e13fd1192e32226753dc2261c4a14908fb7,96b3d962ae718003414366e078d0605755f18b360ec3ae403fd603222e1d5a7e,940ac6c0da44c1361d70c2fc2d0b54a87a3fb64a2c0b291ae620549237a9efd0,metadata_stripped,1637710820,1637797235,1683611027,12726.053333333333,12750.0575,True,True,True,True,,,,,,False,False,False,False,False
ca2-3503e03a9a7fd4a87fe3,ca2-3503e03a9a7fd4a87fe3.json,99492fd88480fac055c54939f8705c1b6ce9ddb1136a60b10b140f6b478e94a7,bsc,0xdf4895cd8247284ae3a7b3e28cf6c03113fada5f,bsc:0xdf4895cd8247284ae3a7b3e28cf6c03113fada5f,125bac9bc7f8e724556e2ef4de9dd2f887d080bbd7dee685acf3fba7bddbb6fa,474e691f223fc1d095f4fb6e0f85f7240684006e6b76fabb97215943e351c4e7,metadata_stripped,1715761142,1715847542,1716919263,297.7002777777778,321.7002777777778,True,True,True,False,,,,,,False,False,False,False,False
ca2-351de4f0c9d0919d5212,ca2-351de4f0c9d0919d5212.json,5d5f5d9a11e4c21bec9bc6a4f14afe9bb7f6bb7ebff70f3d83b7612aaf6eeac0,bsc,0x810f4c6ae97bcc66da5ae6383cc31bd3670f6d13,bsc:0x810f4c6ae97bcc66da5ae6383cc31bd3670f6d13,6c1bd94a5dd8c4ff9d9db44935036edf3bcc4133818594209d8a2fa8a701f455,41c50ff2a3c1c5da796c57840ed2c5697953fe223fb048069fd50dcb95cc1ed2,metadata_stripped,1713163426,1713249826,1714966548,476.8672222222222,500.8672222222222,True,True,True,False,,,,,,False,False,False,False,False
ca2-35c4477f5ae385f13b96,ca2-35c4477f5ae385f13b96.json,a09e2732fd9253b7b9718423c8b25666e1368a9c9540f4a9160572c8322a0428,bsc,0xf436f8fe7b26d87eb74e5446acec2e8ad4075e47,bsc:0xf436f8fe7b26d87eb74e5446acec2e8ad4075e47,89cdd66e230009bc65c40b4b4b5bbfe5cbf051d1040247a0bec9d8ba5b2a6ed0,a9c0941861056920e909b3ae803584e1688ee04edb4c8de75e6691b2e0967b2b,metadata_stripped,1679476244,1679562644,1711948730,8996.135,9020.135,True,True,True,True,,,,,,False,False,False,False,False
ca2-3626b19eb243950f0171,ca2-3626b19eb243950f0171.json,9dc6fd7bbc6d22ea3233b752c9861a02b62f69ecc667918f897797db6b686030,bsc,0x5fbbb391d54f4fb1d1cf18310c93d400bc80042e,bsc:0x5fbbb391d54f4fb1d1cf18310c93d400bc80042e,d5815495295f8d45ceb99ed1b100c9ee4443ea0172707ea225d5451b4178b3b7,c145d26ad7d94fb3299995fd536cce48ee93a0b2276f0d34b1c7c20de2cc78ec,metadata_stripped,1719138340,1719224742,1732625873,3722.5363888888887,3746.5369444444445,True,True,True,True,,,,,,False,False,False,False,False
ca2-36bcb163bd23551701cc,ca2-36bcb163bd23551701cc.json,0e1c6c60e42a7be195779de7c95fbc53f8cfa0db3a14106cecd29189e7cfeeeb,bsc,0xa943ea143cd7e79806d670f4a7cf08f8922a454f,bsc:0xa943ea143cd7e79806d670f4a7cf08f8922a454f,fc334bc57badf345bd514c4a6e8cafac77a3a1a9a58de21bc5734bbf5a157a02,97b0f99a59fd031ac17cbb11868bed5e218ce6d79ffdf3f6cdac0657dbe14f44,metadata_stripped,1618554844,1618641245,1619496707,237.62833333333333,261.6286111111111,True,True,True,False,,,,,,False,False,False,False,False
ca2-36def0144d519bbc5d86,ca2-36def0144d519bbc5d86.json,09bed74694c28525129fe3120c109926ded036e13e1f09a04ef37a060f1d5931,bsc,0x94e06c77b02ade8341489ab9a23451f68c13ec1c,bsc:0x94e06c77b02ade8341489ab9a23451f68c13ec1c,8e0bde4591d63bb5e2e698be18f9da63cd81d33df16502f821a4bac45b87dceb,9182941320670d837db909af46020f47b934b10edfca2c1f94539ba149a3d2a4,metadata_stripped,1644555915,1644642315,1653374627,2425.6422222222222,2449.6422222222222,True,True,True,True,,,,,,False,False,False,False,False
ca2-37b12c1f2e2b7af31377,ca2-37b12c1f2e2b7af31377.json,ffbd9d5bea051ca98c2d7aa3638f87d505d527ee78aaa1ae53fa30b5a960d0cb,bsc,0xe4997f98e84c1891e7b57069e177fccf5f4f6094,bsc:0xe4997f98e84c1891e7b57069e177fccf5f4f6094,ed965bf5dbd3b23d2345c0d8aa0bb1c729fbcbea3484a42890a20378c84d7c06,c0feea81dde2f7c7ff83970f42690051177ae29adfc15e1ac810e03b4ffa81c9,metadata_stripped,1727254730,1727341132,1749396725,6126.553611111111,6150.554166666667,True,True,True,True,,,,,,False,False,False,False,False
ca2-382283494db3462edcb4,ca2-382283494db3462edcb4.json,6ba32c261b20e9ab8e99a3b387100d949499157e879e9767f164c84e75873373,bsc,0x061944c0f3c2d7dabafb50813efb05c4e0c952e1,bsc:0x061944c0f3c2d7dabafb50813efb05c4e0c952e1,18722efac98299bf32bba550c799631868217b4da37c8332ff29cb13ceaa3b5e,d31ee3b15ff62d88acc5a151dd3bca84fb8ac470a3013bd89c5b22348bd440c6,metadata_stripped,1732377707,1732464107,1733246836,217.42472222222221,241.42472222222221,True,True,True,False,,,,,,False,False,False,False,False
ca2-3843aa138b13af762925,ca2-3843aa138b13af762925.json,717b2119454754814dcb050fd0ef5bead76e9786530a3f893db8995984bca39b,ethereum,0x6847259b2b3a4c17e7c43c54409810af48ba5210,ethereum:0x6847259b2b3a4c17e7c43c54409810af48ba5210,1f05e0b1c7ffe4594b88860aeaf1d668ff98c6a81722ddaf49d92ee05e9ebd80,e183c18190e3a533bb95dc9f2aa38996a68f75e5f6537a813d7b0da2527e1801,metadata_stripped,1603411456,1603497857,1605983779,690.5338888888889,714.5341666666667,True,True,True,False,,,,,,False,False,False,False,False
ca2-38de662649bc5f386b3b,ca2-38de662649bc5f386b3b.json,a7fb2d3c8f25f8e928f42ea57d286d1f1cd3a981b5566aadf04ebfee359fcf43,ethereum,0x237d59bf98ec4f4f013bc35d66f22d2bc9504b3f,ethereum:0x237d59bf98ec4f4f013bc35d66f22d2bc9504b3f,1904055fa1b6982a26fbef7f020c988f788e84e3e61bbe75439b0f3d8b85b37a,2358f70d449827551602e7c321fda4fd7d2f1b328be547b71f998b12f4d98e66,metadata_stripped,1587961308,1588047718,1773594935,51540.89361111111,51564.89638888889,True,True,True,True,,,,,,False,False,False,False,False
ca2-3a72b153af20c2c77bb7,ca2-3a72b153af20c2c77bb7.json,f821c01f47caf24de6c02c2d61416d742f4349dbf729fe612ee982e510a50a3d,bsc,0x3aa2b9de4ce397d93e11699c3f07b769b210bbd5,bsc:0x3aa2b9de4ce397d93e11699c3f07b769b210bbd5,7eb75f6935513253cd2a9ef48f9f40e962e7fb14ecb7af02903a47b92ced1b9e,483f7374976b6acd3e970e793701b3082e9545186aea741de10b771170c11f01,metadata_stripped,1668418741,1668505143,1670230642,479.3052777777778,503.30583333333334,True,True,True,False,,,,,,False,False,False,False,False
ca2-3ae6d0e93f222f7571b2,ca2-3ae6d0e93f222f7571b2.json,7f5097517bf328d0c94328d7a98ee048c89a13fe31dcfa18e04c405327825648,bsc,0x7fdff64bf87bad52e6430bda30239bd182389ee3,bsc:0x7fdff64bf87bad52e6430bda30239bd182389ee3,edbaf4b0628ed1acbbb5f73db0ef1ee1dc0ccbd6344d5ba3fbb5383b99f5ded5,1d589480bf07e0bba4d8d5fc6243e69b428efdf4efc1fadbe9a03dca9b90be15,metadata_stripped,1742996994,1743083394,1743097389,3.8875,27.8875,True,True,False,False,,,,,,False,False,False,False,False
ca2-3b0aac1754ae5d74f870,ca2-3b0aac1754ae5d74f870.json,f46127b0b8428b1d9441ea7a5ee302e42016ac57709f92e77dae6da5b6bb286d,bsc,0xe48b75dc1b131fd3a8364b0580f76efd04cf6e9c,bsc:0xe48b75dc1b131fd3a8364b0580f76efd04cf6e9c,7b4c0c486a484616f6dfbaa0e5132eb0be6657d9fa89fb0ab57528f5ddc9f68e,7ab4f795048c334c122cc5c05e29e523b9e9a80a6ffeea5ea4f4963d10c279a6,metadata_stripped,1652210338,1652296739,1662613078,2865.6497222222224,2889.65,True,True,True,True,,,,,,False,False,False,False,False
ca2-3b5e98c9b74a83f683a0,ca2-3b5e98c9b74a83f683a0.json,2bd2f78deb04752249aec80f191faf6e80c56a6929d936ea3b1bc444c5e2e3ee,bsc,0xca11bde05977b3631167028862be2a173976ca11,bsc:0xca11bde05977b3631167028862be2a173976ca11,2756d7c52baee85cacb504f6ee1df7aad6809ac8d94a4a111d76991f90d36d6e,adedd3b42c412842999739844a78c8689e7496eecfef420c00e3f85aac4523d4,metadata_stripped,1646867874,1646954274,1755700170,30207.193333333333,30231.193333333333,True,True,True,True,,,,,,False,False,False,False,False
ca2-3c88785c0f3b4867d7f4,ca2-3c88785c0f3b4867d7f4.json,19fa2578aacaa077a36388126a86213b0f9542e6dbf5325e3d23db43ecab24f0,ethereum,0xd2933c86216dc0c938ffafeca3c8a2d6e633e2ca,ethereum:0xd2933c86216dc0c938ffafeca3c8a2d6e633e2ca,bc52c6f4100021326b5e3bdf0b1eb659595f7fc84d3240107611b1e48a409e90,32308ae6d7ff87f02ff2eeb0cc48fc6c7347bf3f5fde0855ee4d88a6b7188cb0,metadata_stripped,1644922178,1645008591,1749694667,29079.465555555555,29103.469166666666,True,True,True,True,,,,,,False,False,False,False,False
ca2-3ce3786a7c84825faed0,ca2-3ce3786a7c84825faed0.json,78470760970b622733f2d2a00415c2eca7aff3d85e9e3fc63fd9351acbd76df2,ethereum,0xb276647e70cb3b81a1ca302cf8de280ff0ce5799,ethereum:0xb276647e70cb3b81a1ca302cf8de280ff0ce5799,939622973602a0f05a00f15ba4ff5e9c81a08531a8bfc006e586c4b939915abc,b2cc8410c03ca5c522526b9fbf9c33b0d22e545a53e75fe36245b80c8a247919,metadata_stripped,1612581387,1612667825,1660075453,13168.785555555556,13192.79611111111,True,True,True,True,,,,,,False,False,False,False,False
ca2-3ceb352e665fb61f7402,ca2-3ceb352e665fb61f7402.json,f0d39f6ee168a5c1877f925854cc000654f14e7e5284ac81bb05f7267ff68f03,bsc,0x1f415255f7e2a8546559a553e962de7bc60d7942,bsc:0x1f415255f7e2a8546559a553e962de7bc60d7942,a8196645ba15f46fd88b97db29fd40f5ac411b58a3b7ddef6cc0e3ded70f41e7,526e0b173511de67a632bffda5a7a5dc4d34771ff44531db03c39971498e6d32,metadata_stripped,1687159648,1687246050,1689145685,527.6763888888889,551.6769444444444,True,True,True,False,,,,,,False,False,False,False,False
ca2-3d7964746397bc97e185,ca2-3d7964746397bc97e185.json,a8427802ac866fefccfe60610270e5b377dc706e5b6c0a295c69e4bf6fc79aa2,ethereum,0xf2919d1d80aff2940274014bef534f7791906ff2,ethereum:0xf2919d1d80aff2940274014bef534f7791906ff2,185a971440e33f9b8701ea5b0b0d2e3893e4c7d1e1087767c8eed3e46e8b4dfb,63c2350333502d009d222896d055539de3295ac7e2a7817c1ab5d9450f69f97a,metadata_stripped,1658188079,1658274480,1672290131,3893.236388888889,3917.2366666666667,True,True,True,True,,,,,,False,False,False,False,False
ca2-3d8e91015c9360a5a76f,ca2-3d8e91015c9360a5a76f.json,e0daa6883d19a0ea6aef7532fe1792142bff86c018827a2871e90d18371a940a,bsc,0xb390b07fcf76678089cb12d8e615d5fe494b01fb,bsc:0xb390b07fcf76678089cb12d8e615d5fe494b01fb,48854c96e6f49ebf54f401ae9b884bc0bd8b3d41af2c302364f21bcedb7771e2,fc63ad62f4fc0a65f493ff0990ad3686f78d41a4660d939fb760b8473fe42408,metadata_stripped,1613184728,1613271128,1621161377,2191.735833333333,2215.735833333333,True,True,True,True,0xc60c6854d10c034718aca198fe92d73eb83b744c,0x07f6521bbcb71d166d6e2e116d21b6d21f2dd5fa,,,,True,True,False,False,True
ca2-3ea99bf48860cd3d90e9,ca2-3ea99bf48860cd3d90e9.json,e4c2562582267e7130fbfb5e14f2b234b0ba1b3b205c60c2669256a14ffd3364,bsc,0xed56784bc8f2c036f6b0d8e04cb83c253e4a6a94,bsc:0xed56784bc8f2c036f6b0d8e04cb83c253e4a6a94,5cbd38ce07671d84bf12aff55e09c25da5530ba5b8af424a744f4f09579c2385,3a6d33c083fcdb37f3698b98a62b70d06fcc64a455432fe62089a8880a64fbb1,metadata_stripped,1687012599,1687099000,1688472383,381.4952777777778,405.49555555555554,True,True,True,False,,,,,,False,False,False,False,False
ca2-3ef6014a26a0b205a68e,ca2-3ef6014a26a0b205a68e.json,3ab02aa11614e3fdd0d47f43664bba4061ace7ed800a5a561d126e55c2891102,bsc,0x179aad597399b9ae078acfe2b746c09117799ca0,bsc:0x179aad597399b9ae078acfe2b746c09117799ca0,1ee03c25853d4323e0b0f28cfb399e3dddbfacf9fbafa554408f4c9c51bcef02,46d3e480039700ca791effbe4f598a99781a9031c0ae5c3cdb307c780627fe08,metadata_stripped,1662283603,1662370005,1680386219,5004.5038888888885,5028.504444444445,True,True,True,True,,,,,,False,False,False,False,False
ca2-3f7bb52435313429cfa7,ca2-3f7bb52435313429cfa7.json,fe375fcd3167c2cb3b3866e73e4deed4bb6f3cc29e4e38185f18915f58f1a0cf,ethereum,0xcd6ca2f0d0c182c5049d9a1f65cde51a706ae142,ethereum:0xcd6ca2f0d0c182c5049d9a1f65cde51a706ae142,70f80666f4387b42c9accad742a0b7a91c2fd8bc88dafc42d8b5d46818cf3a82,6667967001edab8aaa8c459a068c2f19eb07591b80d5a53502222333f0600513,metadata_stripped,1701511451,1701597851,1706782583,1440.2033333333334,1464.2033333333334,True,True,True,True,,,,,,False,False,False,False,False
ca2-40ac2c3e107d3d88709a,ca2-40ac2c3e107d3d88709a.json,dd15364f8abf69484fdb29e2f767db4c8687e3df3402e2f0589988d8f422517b,ethereum,0x3d9819210a31b4961b30ef54be2aed79b9c9cd3b,ethereum:0x3d9819210a31b4961b30ef54be2aed79b9c9cd3b,ca44b19199db839e4178f609af5a53a278ceea70ba3a7551dc78ea37499735ab,4b08cf57647d484f520467ab9f871509e430180753360b7fa9439a8f8fc4efb4,metadata_stripped,1557191237,1557277637,1702256339,40271.861666666664,40295.861666666664,True,True,True,True,,,,,,False,False,False,False,False
ca2-40ca8a9aca77ecfbfe71,ca2-40ca8a9aca77ecfbfe71.json,b40977a6619deb4692c96bc7382fd27af87ce3e7597c9f530c04c565c32d3ac8,arbitrum,0xf7ca7384cc6619866749955065f17bedd3ed80bc,arbitrum:0xf7ca7384cc6619866749955065f17bedd3ed80bc,38abeffcc0f6a076c3a8f2e59ced995b993554c8dab29507dffdb04ad9a475cd,d20783f15f1c955f43d8505d2018712f608166ed47219286cef2278b3f318367,metadata_stripped,1634145984,1634232400,1768033835,37167.06527777778,37191.06972222222,True,True,True,True,0x9bbc2890239bd144dd6f6f0b65cda56c597fb88b,0x35e55f3bb78f650804fdc7d365e9d018aaafe813,,,,True,True,False,False,True
ca2-411b50fea47298d98579,ca2-411b50fea47298d98579.json,3738ad1a658d10843fd1a9da8abdd525b0a661eaaa56bc7b9dc5ae81c2503f9f,bsc,0x27dd6e51bf715cfc0e2fe96af26fc9ded89e4be8,bsc:0x27dd6e51bf715cfc0e2fe96af26fc9ded89e4be8,60550fc7efd8cf546b79f788e8b31c04c2fc6cac3295cf0a5b4d774ba45d9408,10f86306ddfe5f9e92288866e9dd9833a7dac0aec175b5f889fdf6f7b0bb20ec,metadata_stripped,1619319124,1619405524,1624402677,1388.0980555555554,1412.0980555555554,True,True,True,True,,,,,,False,False,False,False,False
ca2-4146cf0ae387533d1340,ca2-4146cf0ae387533d1340.json,5eee12bc52aad1c0221acbc88188c29825c5b0d02d54fae50ac3d4c917b30fdf,bsc,0xd0fbf0a224563d5ffc8a57e4fda6ae080ebcf3d3,bsc:0xd0fbf0a224563d5ffc8a57e4fda6ae080ebcf3d3,3ce98d2ad69c88f70f5c8197f4c51d6332a28a5a26d7efe098d02388a4bcb8c8,3ce98d2ad69c88f70f5c8197f4c51d6332a28a5a26d7efe098d02388a4bcb8c8,metadata_not_recognized,1620601354,1620687758,1636929728,4511.658333333334,4535.6594444444445,True,True,True,True,,,,,0xf642f2a626a8b732619606c493abfc2433dd2d35,False,False,False,True,True
ca2-421dd5bf165b069c74f3,ca2-421dd5bf165b069c74f3.json,8871abc96bd3a7c0f5c3e955a25eb3af59de09a0a572b7eb0b260c8b47d5a7c5,bsc,0x2496b87189d5ae18d4d83b8a7039b0c8a07d98d4,bsc:0x2496b87189d5ae18d4d83b8a7039b0c8a07d98d4,17871e765877f4c4913eb244f684b3f5fdb948eff9ef5567c5b95d27539c33c0,23b1182d0642bd87e6ab01514a1fc72b07bb0699e43e6c1a3103714c5a2b9459,metadata_stripped,1741968982,1742055382,1750381733,2312.8752777777777,2336.8752777777777,True,True,True,True,,,,,,False,False,False,False,False
ca2-42413804b9b826875275,ca2-42413804b9b826875275.json,9c36ea9a4f04d0748bd58c05270a7a148a615bbe3163b4ed3b4d38281b72e2ba,bsc,0x80df77b2ae5828ff499a735ee823d6cd7cf95f5a,bsc:0x80df77b2ae5828ff499a735ee823d6cd7cf95f5a,06d5cf78b1e3b078b79c6c30d314b8518864107e4b5d369f643e094c1632faec,d1bfeb2f10bd9f3e873ae7a0f0bb64c1f6fd984f583ef00ae293b872bd511bb9,metadata_stripped,1715875805,1715962207,1718743550,772.5952777777778,796.5958333333333,True,True,True,True,,,,,,False,False,False,False,False
ca2-429b8f8a4d1baf287471,ca2-429b8f8a4d1baf287471.json,229cade4a48c62a375c9cd4d3c6815abf89f3116064e8dcecfd60f1baa13cedc,bsc,0x57db19127617b77c8abd9420b5a35502b59870d6,bsc:0x57db19127617b77c8abd9420b5a35502b59870d6,e5b7326296736d103cacc13866b98097a6f172b570d51a2f9ef97a5657b4a58e,9c91f7485fee10a08030d681ab2c3b2dbf68893cfb23495ca5a577391c281934,metadata_stripped,1680174526,1680260927,1683961933,1028.0572222222222,1052.0575,True,True,True,True,,,,,,False,False,False,False,False
ca2-42dc2e766a267767f0d8,ca2-42dc2e766a267767f0d8.json,9f21e73cc160ee99d7138ffd823cdb9baa4eb29a7059d78a2ffb3f763dd78436,bsc,0x1bf7fe7568211ecff68b6bc7ccad31ecd8fe8092,bsc:0x1bf7fe7568211ecff68b6bc7ccad31ecd8fe8092,167d02d1ab26468572a4f933917b7e96b1a8e68ae3783d49a2f86622c6844794,c74bc6818f03e737811d65ceae088ddf101430d9282adc6be5ca075bf8283ace,metadata_stripped,1613391744,1613478145,1624579642,3083.7491666666665,3107.7494444444446,True,True,True,True,,,,,,False,False,False,False,False
ca2-441ed1a86d9edadc1707,ca2-441ed1a86d9edadc1707.json,46f8e6b4388b3b854b98fa370f9fac515b047baca2904e650ac9993d7de711dd,bsc,0x6fb2020c236bbd5a7ddeb07e14c9298642253333,bsc:0x6fb2020c236bbd5a7ddeb07e14c9298642253333,1670b197bd5f26b29208661a7272d4f2be078a65c50070dee6eca433f70dcb02,52901eec4ede39ff43e13faae9e75857e966e7c8f49940408ac2c2235791e335,metadata_stripped,1642172757,1642259157,1653831935,3214.6605555555557,3238.6605555555557,True,True,True,True,0xd8cd8896d333acac3a0c155ccdb630660b4d03d3,0x085a27b00206f4463bcf8037fced804282bd16ec,,,,True,True,False,False,True
ca2-444479add25939f22fc7,ca2-444479add25939f22fc7.json,1f3d80ac435cb9613903ec84f1cfd862c65c8d5d550e6d07305adf670ff920eb,bsc,0xb5a0ce3acd6ec557d39afdcbc93b07a1e1a9e3fa,bsc:0xb5a0ce3acd6ec557d39afdcbc93b07a1e1a9e3fa,c8415e42bbb7b1b57ddbb9bf2acfe2dd6805ee6a1f0ce0b1617c80c42545011c,914f19e44f1f2a3dacb407db584ad2992a96ae4cf7faa3bdf5afba0c5b0352d3,metadata_stripped,1622825669,1622912070,1681866278,16376.16888888889,16400.169166666667,True,True,True,True,,,,,,False,False,False,False,False
ca2-4565d5902877fc12ffa7,ca2-4565d5902877fc12ffa7.json,15d8d1b1312798b2b0308f3fa9cb7a3e2db5df7051d6e5c2d639a95e3eb42b4a,bsc,0x8785bb8deae13783b24d7afe250d42ea7d7e9d72,bsc:0x8785bb8deae13783b24d7afe250d42ea7d7e9d72,992159ec60bbaacd797ed967cf19947c190d56b8214134d6d3fc3da66785ba97,af96106595c9196b723190024c454537aed232ed32d81e5c5437868435990b3b,metadata_stripped,1634885684,1634972086,1664649354,8243.685555555556,8267.68611111111,True,True,True,True,,,,,,False,False,False,False,False
ca2-470ed35ca97a31cab7dd,ca2-470ed35ca97a31cab7dd.json,4f3268982a105dc7c1efe852a177da950cebc9b77b031d109fd846e1b5bf2dba,base,0x7f12d13b34f5f4f0a9449c16bcd42f0da47af200,base:0x7f12d13b34f5f4f0a9449c16bcd42f0da47af200,41e79fb5df22eb58bd8fceb7ce470ada2223f7b51c69c858d25bc73041e47929,86d17aaebc43c2481c6650147b6a9d384e5558fb56120dbc67e559ab8477ac86,metadata_stripped,1709763017,1709849417,1716694911,1901.526111111111,1925.526111111111,True,True,True,True,,,,,,False,False,False,False,False
ca2-47d01daca3ef9c1ed2f1,ca2-47d01daca3ef9c1ed2f1.json,bd8f71c636ef3fadec7ace88b26706cfaed22e91e305ed574a81019cb82a922f,ethereum,0xb0f8fe96b4880adbdede0ddf446bd1e7ef122c4e,ethereum:0xb0f8fe96b4880adbdede0ddf446bd1e7ef122c4e,d1e6803739beed4b0ed54adf6241e8f70847a973e736b88fe9acffb9fbe64068,4f47976685d829cc48b82178e98b704ffcface6ac48fbdcb13fe36a8b049d0fd,metadata_stripped,1676942915,1677029315,1688477435,3180.0333333333333,3204.0333333333333,True,True,True,True,,,,,,False,False,False,False,False
ca2-48d4577fa72f25875ad3,ca2-48d4577fa72f25875ad3.json,5e8589c9571c309dc186a3970cfa90af247d98f729eab55a133173989b96eff0,ethereum,0x50f5474724e0ee42d9a4e711ccfb275809fd6d4a,ethereum:0x50f5474724e0ee42d9a4e711ccfb275809fd6d4a,6f10e4095dd71ca9badd74aee5c0d54fb50c5eb46c5b5e4c59371996d3b49e1e,6cadfa37a9c8e1052da770a43ebf404ff0c85bad153160fd69a1ffbf23849a05,metadata_stripped,1575445915,1575532337,1644291339,19099.722777777777,19123.72888888889,True,True,True,True,,,,,,False,False,False,False,False
ca2-4ab53dc147bf1894e356,ca2-4ab53dc147bf1894e356.json,83e94db113671d1fc85d6d7ad8e72141f04b50b7fc28916356b8bfaf8c07d467,ethereum,0x3335a88bb18fd3b6824b59af62b50ce494143333,ethereum:0x3335a88bb18fd3b6824b59af62b50ce494143333,996f06001679dd402201b04ea17819a73887c961689c72039c5b1b5318dc7735,92637db4736a3ab38d6dd5d942dedcf8147e5a6708c2fba6b81da07eb3296d8f,metadata_stripped,1661247923,1661334325,1671957059,2950.7594444444444,2974.76,True,True,True,True,,,,,,False,False,False,False,False
ca2-4b9009f78d24b677e07e,ca2-4b9009f78d24b677e07e.json,4428a77c88227a246f09ea47478a5b9e384116e5eeb0e5fb0e9fcca838b06014,ethereum,0xbb787d6243a8d450659e09ea6fd82f1c859691e9,ethereum:0xbb787d6243a8d450659e09ea6fd82f1c859691e9,be2515cf36ae52487b9bf857b4585bba97f87dcc34b593b4e69c79f73c501901,b4bad90d2ffb912f38083f8d0c274baee054ed4e16d62cc4a889e1c325693166,metadata_stripped,1688128343,1688214743,1689935699,478.04333333333335,502.04333333333335,True,True,True,False,,,,,,False,False,False,False,False
ca2-4c0faea601ab4a95ced8,ca2-4c0faea601ab4a95ced8.json,795612154c9fe2063e208b9ee9e589b8062cb8f365abd9f2ee8262451201c23a,ethereum,0xae60ac8e69414c2dc362d0e6a03af643d1d85b92,ethereum:0xae60ac8e69414c2dc362d0e6a03af643d1d85b92,80e0f0884eca8d1a53576cc65cd6d2c20cfeddf80a99ebdfe38002af99efebfe,8663b98a4d0539f88094769f287a61ea74eebe5cf69614f180b42eddb65972ea,metadata_stripped,1614438883,1614525285,1696470491,22762.55722222222,22786.557777777776,True,True,True,True,,,,,,False,False,False,False,False
ca2-4c7dcc457e38b7cc78ee,ca2-4c7dcc457e38b7cc78ee.json,7dc84dff8b7db3ef03fcf3122e137fb131d718b6aad22522135e39f1657da349,ethereum,0x8f9036732b9aa9b82d8f35e54b71faeb2f573e2f,ethereum:0x8f9036732b9aa9b82d8f35e54b71faeb2f573e2f,b9fbc6845602b7212282f097fb8318a5b8bab9458d7b4be739a920124827d4ba,34e6eec10f7087089aa40ec59862db9ab3f4e42c48ca697c8a350d8b684d4b21,metadata_stripped,1624560074,1624646481,1665248531,11278.347222222223,11302.349166666667,True,True,True,True,,,,,,False,False,False,False,False
ca2-4cd0e024b3073b041691,ca2-4cd0e024b3073b041691.json,006274cbd3c2ead85614eb1a9bedaceac5732206be68955ab86d8dc40355c710,bsc,0xfadda925e10d07430f5d7461689fd90d3d81bb48,bsc:0xfadda925e10d07430f5d7461689fd90d3d81bb48,f02a95dd5f53804f1a220ae3cb2fa0e053270524a7edabe8d114cd7065d105d5,ba31e22e0f509d958eccb86a1c4cd1ffe909d5f4de5796ec4bc9be08978d45b6,metadata_stripped,1687611825,1687698225,1695753429,2237.556666666667,2261.556666666667,True,True,True,True,,,,,,False,False,False,False,False
ca2-4d6568a7691d786971d0,ca2-4d6568a7691d786971d0.json,5c6f257c424c01094f0fa43e82df13ee4b84ebb69caf610bab83f7423cef0b18,ethereum,0x7094e706e75e13d1e0ea237f71a7c4511e9d270b,ethereum:0x7094e706e75e13d1e0ea237f71a7c4511e9d270b,783a467272e2b5db1edcace35fc308f728750c3d88f409e6d007cd24404e59f7,755058c70db595df92dafe834d78d5c9c7a26b3e6f8f08afcc4f34d302c97b79,metadata_stripped,1641270344,1641356767,1740354515,27499.374444444446,27523.380833333333,True,True,True,True,,,,,,False,False,False,False,False
ca2-4de34020e1fa2eaee68a,ca2-4de34020e1fa2eaee68a.json,9d596c7b30c810719587c4a6eb4ae342314ed38ddd87632230fe45ca74e23dff,ethereum,0x531110418d8591c92e9cbbfc722db8ffb604fafd,ethereum:0x531110418d8591c92e9cbbfc722db8ffb604fafd,1760a36e2fbb03a8339c53220d5e3c76339bab975cdb37e8ea3402feececc85e,9f41fe7063306ead631fcc38782b393dcb847ad0bf064f579064ba12c81fd00e,metadata_stripped,1675449671,1675536071,1676697371,322.5833333333333,346.5833333333333,True,True,True,False,,,,,,False,False,False,False,False
ca2-4e64c62c912196653625,ca2-4e64c62c912196653625.json,c64b5fd12e95b9a0fa44ec240fb1274281ff4b24699cd445b30fc12ebc7122ff,ethereum,0xbc452fdc8f851d7c5b72e1fe74dfb63bb793d511,ethereum:0xbc452fdc8f851d7c5b72e1fe74dfb63bb793d511,e8a367a0a912cfcdac3cc3ddd81c0c91a33ea4826729289ff3e4231f3a6731bc,7a9ab2e34717270ac389e2fd7e95f814d5ae5fceb7c70a5e33a6160e730ee1b6,metadata_stripped,1700669051,1700755451,1713510395,3543.04,3567.04,True,True,True,True,,,,,,False,False,False,False,False
ca2-4f5a0a76d69326e4c2cd,ca2-4f5a0a76d69326e4c2cd.json,954a758aff5a64563c672026462c97bc710be827bbbcded60cdfed8d9af744a0,ethereum,0x04c80bb477890f3021f03b068238836ee20aa0b8,ethereum:0x04c80bb477890f3021f03b068238836ee20aa0b8,1207c35f578d02383601bf2ce1af6386abfd8d3f9835b35435566dc3b1d73f6a,f710d73f4c63a24dbad8f6adc16aed15566f205fcc1c12dc057b537f25536e5b,metadata_stripped,1706273675,1706360075,1706464487,29.003333333333334,53.00333333333333,True,True,False,False,,,,,,False,False,False,False,False
ca2-5011063427fa6a95c108,ca2-5011063427fa6a95c108.json,37faa9490e75c502939babb28ebdd35cb00fa70289e873178ed453e4387e56a7,bsc,0xdca503449899d5649d32175a255a8835a03e4006,bsc:0xdca503449899d5649d32175a255a8835a03e4006,abb7380fca8b61ee99988b6e71315e59431756f107de92832e59e2f797a566bb,5699a4d53620808b0671964ef10122d7af862c3823bad68fb81a34d300253ae8,metadata_stripped,1685027552,1685113953,1689641734,1257.7169444444444,1281.7172222222223,True,True,True,True,,,,,,False,False,False,False,False
ca2-5015a9e901810cc6c613,ca2-5015a9e901810cc6c613.json,66a2a547ebee9c5219c1766f51de4bffca04f19e9f3e249a7615d7377aa52159,bsc,0x495670e5a43ce393597952b2fe944036e6785baf,bsc:0x495670e5a43ce393597952b2fe944036e6785baf,02dcd29deec2da369b0c5d9aeb7614cf40877998f2e301957ef5ad44856f3315,dd5fd29a1a40da1005a9f26caed56d8896f1341bb776781d792e8441ef4ec1f0,metadata_stripped,1642683487,1642769889,1748160325,29275.12111111111,29299.121666666666,True,True,True,True,,,,,,False,False,False,False,False
ca2-5033d73f3cec5063c5f5,ca2-5033d73f3cec5063c5f5.json,4a9f178e23dcc084afdc49f0c7ad37270f0bff44b6a21eb75f6f92d6d07b9e07,ethereum,0x0d0e364aa7852291883c162b22d6d81f6355428f,ethereum:0x0d0e364aa7852291883c162b22d6d81f6355428f,5e0d9f714fae37f165a7b20eac322110648a4afd0b6d4a0c9ec79550c273b94f,5e0d9f714fae37f165a7b20eac322110648a4afd0b6d4a0c9ec79550c273b94f,metadata_not_recognized,1738290383,1738376783,1741685699,919.1433333333333,943.1433333333333,True,True,True,True,,,,,,False,False,False,False,False
ca2-50a6237be75e1de28124,ca2-50a6237be75e1de28124.json,50bd3fb5f1743f51a55df863ba30c8338d6553c5e49e4f42a89d46e28fc3d521,ethereum,0xe3334e66634acf17b2b97ab560ec92d6861b25fa,ethereum:0xe3334e66634acf17b2b97ab560ec92d6861b25fa,eed1b2a95c911a5e9ecc6cb0e1ecc3ff187556027944ce848925227a0d83b505,de29825107356eda0575b2bd60465eb36add96c9e676c0cdcf8d6682c35d37c3,metadata_stripped,1611236196,1611322608,1723816691,31248.35638888889,31272.359722222223,True,True,True,True,,,,,,False,False,False,False,False
ca2-511b838cc3ae7420a912,ca2-511b838cc3ae7420a912.json,83da6ea8bcc58b50e5c817affdebfc01e4e067c6aa2e585acfead13fd2ac2276,ethereum,0xa62f9c5af106feee069f38de51098d9d81b90572,ethereum:0xa62f9c5af106feee069f38de51098d9d81b90572,f4f82b12ab616d33835203df8da5d3d19ff6181eff1b35cd9608a6c4f44182f6,da57b27644dbbc089a8d6b16a814af8c0d53bd42ea4e561fc0e4785084ddd46a,metadata_stripped,1695536423,1695622823,1699400615,1049.3866666666668,1073.3866666666668,True,True,True,True,,,,,,False,False,False,False,False
ca2-5168eea9714e081f78ad,ca2-5168eea9714e081f78ad.json,20619b8a1b8c5b4d5f8aca5a610302306454da40377a4f3f372b47481afb93ea,ethereum,0x35d8949372d46b7a3d5a56006ae77b215fc69bc0,ethereum:0x35d8949372d46b7a3d5a56006ae77b215fc69bc0,be0920ad2e183004297ed3206e6b8cea64aec5f83d7c4f8021befe179c439d90,6fe2efc551cd0b878ae6616b437ab4d254decfe9b737bfd8ea570507abe2434c,metadata_stripped,1717592195,1717678595,1748370707,8525.586666666666,8549.586666666666,True,True,True,True,0x3bbd5136122818c7a6dc2022e014e426dbf16f09,0x65a7042460932a8e7b6aa9c765c2bae5f4535c22,,,,True,True,False,False,True
ca2-522ebe1e13a3ab2c2fe8,ca2-522ebe1e13a3ab2c2fe8.json,3b609bbc778daa02b6de7b2982273decc8e52c4f2540685175d41b06f4bc3e5d,bsc,0xdb103fd28ca4b18115f5ce908baaeed7e0f1f101,bsc:0xdb103fd28ca4b18115f5ce908baaeed7e0f1f101,777dbf5b59f0aa9b9f2d79819464a54e5e46477bff9d03c8b21b9bc7a5d756d4,a1163760025a90bb135dc93303b59c917ab3f71fd132ad47ac0b72e3a5b427cc,metadata_stripped,1686124676,1686211076,1688130279,533.1119444444445,557.1119444444445,True,True,True,False,,,,,,False,False,False,False,False
ca2-5293bf48f2bcc29baaff,ca2-5293bf48f2bcc29baaff.json,615c89921888356c26e2fc8767be8ca3471c1458e4041ec1bb22f27aed902178,bsc,0x1ac5fac863c0a026e029b173f2ae4d33938ab473,bsc:0x1ac5fac863c0a026e029b173f2ae4d33938ab473,bedb220362436f8e868abda0c8874d5803dd8cbf84b45e9cbb29c9c4ab1355be,eb4f5b219dd3bf4e28d92ab999e1e65d065f3f14e6dbcd04a275398d6b6f3216,metadata_stripped,1710017802,1710104202,1710336524,64.5338888888889,88.5338888888889,True,True,False,False,,,,,,False,False,False,False,False
ca2-53f0c0893c96da4fd077,ca2-53f0c0893c96da4fd077.json,41343a1beb6a4f66426cd1daf5442e4d507b37003b1924dd3dcedc45d362954d,bsc,0xf573748637e0576387289f1914627d716927f90f,bsc:0xf573748637e0576387289f1914627d716927f90f,196a9ecaa1c8e92cda47eb765a909ca72912accf0ebd6b5cb13bb40dc9a89f6f,51c2da52c8378ffd786ea714a4051a417ddb13504b76c56da1ae12e14b0d39e6,metadata_stripped,1678927602,1679014004,1736586122,15992.255,16016.255555555555,True,True,True,True,,,,,,False,False,False,False,False
ca2-54094307591338d2b28a,ca2-54094307591338d2b28a.json,27d69f831fb35e0aed15ccbf0e14174fdbfe3e34ba288c5363721ae4caa4e802,ethereum,0xc0a6b8c534fad86df8fa1abb17084a70f86eddc1,ethereum:0xc0a6b8c534fad86df8fa1abb17084a70f86eddc1,057ca3940f51f250f566bd82af2af62d432890a1c88314f753a51ba28493895a,95da6b19ac2fafc89b08e2da63f89a53add05d81e723b6f544d0968886df03b9,metadata_stripped,1612122628,1612209029,1631645258,5398.9525,5422.952777777778,True,True,True,True,,,,,,False,False,False,False,False
ca2-549aa2c44edd65acedb7,ca2-549aa2c44edd65acedb7.json,ffe5f5f1e7e1234bb8daaa410b524f704293b4c493e36d48d970d7341e538d5d,bsc,0x70873211cb64c1d4ec027ea63a399a7d07c4085b,bsc:0x70873211cb64c1d4ec027ea63a399a7d07c4085b,2f93014eac9aa12e70b18b8a7b223cf2c52173d63f2c0dac111550692283947d,b3b56045472bbe19cc37db83c5bbd61a7fd3326f0cb1b8922453a4d49ac6aca0,metadata_stripped,1641929222,1642015622,1746523319,29029.915833333333,29053.915833333333,True,True,True,True,,,,,,False,False,False,False,False
ca2-55d26359a2d08ac915c0,ca2-55d26359a2d08ac915c0.json,5d8578c383d2f7828c01e134127c5f594331df6861852f2e2b1efa2ce9702b37,bsc,0xe613c058701c768e0d04d1bf8e6a6dc1a0c6d48a,bsc:0xe613c058701c768e0d04d1bf8e6a6dc1a0c6d48a,f493237b9d26fcb9d47fc3685d30e1e17c8302b5d84071394e77642cfa14cfcb,a9e9f47e85bce0571f5933d7bee02de9201c3766c8d14409c13c54e7092e7816,metadata_stripped,1658163140,1658249540,1699285706,11398.935,11422.935,True,True,True,True,0x084646db9177f19913462c388ee5b18bb135229f,0x256c94f29f8aa7e484f2a246c5c5ca26fe923a58,,,,True,True,False,False,True
ca2-5600aac7a0790bee4d8c,ca2-5600aac7a0790bee4d8c.json,d09c7682507aa114fa4c8b2c347ba7f657dd3aa47235d2e88020a6d7b8140059,ethereum,0x879e993e2e37de3b47f38c13858e1f337d51448b,ethereum:0x879e993e2e37de3b47f38c13858e1f337d51448b,e09fe01b4f1bfb64fee412779611065a9c66275f545aeef247cca7da25fe75bc,cb5f85c1ac37b31ab8b532957f57ffabbe093a66744298b7a7a99f5ee1af7109,metadata_stripped,1754063375,1754149775,1755434003,356.73,380.73,True,True,True,False,,,,,,False,False,False,False,False
ca2-5616b56d8b8cbc0a3ebe,ca2-5616b56d8b8cbc0a3ebe.json,29112630db782d0ed40a6cb4a00d5cfa16e853b6727dfa9e264c8354dc3249d1,bsc,0x31bfa137c76561ef848c2af9ca301b60451caac0,bsc:0x31bfa137c76561ef848c2af9ca301b60451caac0,e835bbc5825ca19f4ec64aa3134472f7e0f1e478df35bddd55902e3f78f17af9,5a173efa63a59b8024d76b0275cbae143096e6f8bf5bbf3ec0f06ac7451709ba,metadata_stripped,1706186011,1706272411,1706632979,100.15777777777778,124.15777777777778,True,True,False,False,,,,,,False,False,False,False,False
ca2-5675dfa92c14429a4b9f,ca2-5675dfa92c14429a4b9f.json,ccd3df45a86736d9973fd62f0dc2359279759c0b5547b50633d1ee1dff1eddc1,ethereum,0x439cac149b935ae1d726569800972e1669d17094,ethereum:0x439cac149b935ae1d726569800972e1669d17094,99cf54a4d9010a27fc5dd6e9db95118d0e1858d43b1d3db0e86192b6ea221336,ca1284b272c9223d4cc1f976ca4b5ff19df662c6d8e64428a12b69fadb66e14b,metadata_stripped,1646180663,1646267066,1736874695,25168.78583333333,25192.786666666667,True,True,True,True,,,,,,False,False,False,False,False
ca2-56bcc5cdf2d34dd9c4fb,ca2-56bcc5cdf2d34dd9c4fb.json,0f9e84ab9d77216359e0c531955d7b9f4a7983244b4237fc72bb34a31388a417,bsc,0x21125d94cfe886e7179c8d2fe8c1ea8d57c73e0e,bsc:0x21125d94cfe886e7179c8d2fe8c1ea8d57c73e0e,8c0ad72e01ddcd0d48e6bb9d064fbdbea8669a811f2c11b5c432fb1c8f5dc0b6,e5c94cb0e80bb00adac4ef42af882d01c9e0f28c75fc80e333072519f7fe52a4,metadata_stripped,1614674002,1614760402,1701813180,24181.327222222222,24205.327222222222,True,True,True,True,,,,,,False,False,False,False,False
ca2-573d346bb7ac970e759a,ca2-573d346bb7ac970e759a.json,0b3a7c79c9aa0e949e22c31a6abcbcf238bb9b8331fd3e4640a981d8baee6c8e,bsc,0x0fdfcfc398ccc90124a0a41d920d6e2d0bd8ccf5,bsc:0x0fdfcfc398ccc90124a0a41d920d6e2d0bd8ccf5,aef86f9f8fb52ab018e6a30a967dc8821079bf007f062f3c17bf04fbf3adbd66,5a41d20bbf99bd0ca4d6c71b8e667879b33cc1ac54a6814b558d46e083166520,metadata_stripped,1693782975,1693869377,1694072657,56.46666666666667,80.46722222222222,True,True,False,False,,,,,,False,False,False,False,False
ca2-57582b3e77f95ed74d3f,ca2-57582b3e77f95ed74d3f.json,8dd5feb1efab0da1c974fb861cf6adf046cd6b41136b444b9753ce5412450665,ethereum,0x0eee3e3828a45f7601d5f54bf49bb01d1a9df5ea,ethereum:0x0eee3e3828a45f7601d5f54bf49bb01d1a9df5ea,6fcbe85e32539ff7053a80d4564675a38608cec722408e0930c3d5c7b0360f16,b6ebfdb326e60f04ac6fbb4bb51b6ededed32158bd1fcc0bb97a3f827200b674,metadata_stripped,1565072217,1565158635,1587257746,6138.641944444445,6162.646944444445,True,True,True,True,,,,,,False,False,False,False,False
ca2-59a1cba91e5790395c7b,ca2-59a1cba91e5790395c7b.json,e732758857304c16d038c00e5e429ef535d54d4561641c7bed12c561a27be4f5,bsc,0x9d6d817ea5d4a69ff4c4509bea8f9b2534cec108,bsc:0x9d6d817ea5d4a69ff4c4509bea8f9b2534cec108,9f58cef16ca1b548dbbe32b1311fa77a7181747df0df96f4bf78b988e4dce62c,f43b2053c3fb9837b2b937bed129ffaa3eee766cb7ba37048b3577d64c96ffe3,metadata_stripped,1654548622,1654635023,1683987893,8153.575,8177.575277777778,True,True,True,True,,,,,,False,False,False,False,False
ca2-59b9ab9a48493aa5ebce,ca2-59b9ab9a48493aa5ebce.json,f09f3022dd83eb438e2a0573cdd791db7257f194f4e62982956201494cd26350,bsc,0xe732a7bd6706cbd6834b300d7c56a8d2096723a7,bsc:0xe732a7bd6706cbd6834b300d7c56a8d2096723a7,aca515ecefa42e7dd1cbc86837bd933ec616d2a5e2f2e29572f588b3e2445f77,1d1c60c784a7b19fd0b4f7a217684c644cab7d74030bd718ec629ffb917401e6,metadata_stripped,1653888956,1653975358,1654501818,146.23888888888888,170.23944444444444,True,True,True,False,,,,,,False,False,False,False,False
ca2-59c27a09402366528ab6,ca2-59c27a09402366528ab6.json,9c732858ba59401d916e6242c5d30030cb67c5249ee0683c14360de6ae5a7755,bsc,0xb1da08c472567eb0ec19639b1822f578d39f3333,bsc:0xb1da08c472567eb0ec19639b1822f578d39f3333,6c770dcc8b1e0033d6ae749104194316384eb984c6f7eabb4bd3a3671fc61ccf,ca0e3ce1c35bdf2985e74217bdd1189264128213c2ca4b5a8b7b1dc43f0749d2,metadata_stripped,1677241454,1677327856,1689830488,3472.9533333333334,3496.9538888888887,True,True,True,True,,,,,,False,False,False,False,False
ca2-59fefab120e73557ebbd,ca2-59fefab120e73557ebbd.json,58a2d74e9322b1e4f37c00480b1446fcdbe60fe5ecedeb16332d8513b5e02479,ethereum,0x044b75f554b886a065b9567891e45c79542d7357,ethereum:0x044b75f554b886a065b9567891e45c79542d7357,6390273e362e98328b9c6972bf9f08c34c1d1526dcfb225614ad04cf52f3ed37,c16e2bc6e3cce97f74dc7fee2b97fd4951c954e8219d810af1bae8b6ba731dec,metadata_stripped,1680677219,1680763619,1681007747,67.81333333333333,91.81333333333333,True,True,False,False,,,,,,False,False,False,False,False
ca2-5a019aa2bc528c73de90,ca2-5a019aa2bc528c73de90.json,fac56343134c7fce3530b882795837152508bd9ead83507eeb5abe1b39538cec,ethereum,0x4622aff8e521a444c9301da0efd05f6b482221b8,ethereum:0x4622aff8e521a444c9301da0efd05f6b482221b8,ffb2e8c60e08c3bf59138ce8315cc413c08dd7cbe05b5847d300fe81f17df47b,bec38091647b73980405d6330564da5dec82211fbaa7b6c160d3a5d2eefe1632,metadata_stripped,1625550489,1625636905,1705527059,22191.709444444445,22215.713888888888,True,True,True,True,,,,,,False,False,False,False,False
ca2-5aa3d29494fdde461d33,ca2-5aa3d29494fdde461d33.json,1d9c2b1ddf6967848615d5c308536c6033d7100217c7a95bb9d15649f655e394,bsc,0x595eac4a0ce9b7175a99094680fbe55a774b5464,bsc:0x595eac4a0ce9b7175a99094680fbe55a774b5464,420d3cc783af01ce3b7e5ef6e4994d1839887a0e622f64007f18afe54afd0ba0,07bcf6541da2b795cb03f6b395f362843142c2d578fa5c3aabbfed19d7280d79,metadata_stripped,1694057998,1694144398,1694286992,39.60944444444444,63.60944444444444,True,True,False,False,,,,,,False,False,False,False,False
ca2-5b4e3baaff7190f2f54d,ca2-5b4e3baaff7190f2f54d.json,734b4b6ce377c00aeb74e95c079b7f9438e958825a01ef070ae6518ab1e8ccd8,ethereum,0x12392f67bdf24fae0af363c24ac620a2f67dad86,ethereum:0x12392f67bdf24fae0af363c24ac620a2f67dad86,3706d2585d12d9ba3815a7e9cd5c28d954c9e3fa1b7c1b0cd2846d65fd3b5f2c,0c719012aa239b927b830db8efacc154898eeb4f7296651682ada0e1a828b7fd,metadata_stripped,1602071129,1602157532,1645674897,12088.156944444445,12112.157777777778,True,True,True,True,,,,,,False,False,False,False,False
ca2-5b927b3791414bdc410e,ca2-5b927b3791414bdc410e.json,17958a731734943c5c324a2fdcd8eb69ba303cba9b8cb81f7ce11a9434c6bd97,base,0x6a0b87d6b74f7d5c92722f6a11714dbeda9f3895,base:0x6a0b87d6b74f7d5c92722f6a11714dbeda9f3895,ff510444c9179dac4106b161e4e33af1c0f1d4fb3aa2ae178a7e2cd9c15bcbd5,f8d09a3b080898ef37d0b29b034a2264a4d812379034aafe71e4c2fa3c7a13bd,metadata_stripped,1732870613,1732957013,1733818247,239.23166666666665,263.2316666666667,True,True,True,False,,,,,,False,False,False,False,False
ca2-5c189b8bf9f7db29dd4e,ca2-5c189b8bf9f7db29dd4e.json,a69bc342053a9ae0f2d184145d0135dc0ba5c67063183f0906ef28022f948a95,ethereum,0xe39fd820b58f83205db1d9225f28105971c3d309,ethereum:0xe39fd820b58f83205db1d9225f28105971c3d309,f2536d90de6833e0eff3da06e065a3f61292d5cb9bc7be55c3f346ee1964b338,49c682bed85a51863e586b526e5498181e4c25f31e34dc6d3f52238b8e57b7ae,metadata_stripped,1653628352,1653714759,1665748715,3342.7655555555557,3366.7675,True,True,True,True,,,,,,False,False,False,False,False
ca2-5c60ed4125f7ab7d31ea,ca2-5c60ed4125f7ab7d31ea.json,917b71c7fdca1170bf8e974af3b5c9e24c5055422af69ad5f4521fce13c9901e,bsc,0x4e87880a72f6896e7e0a635a5838ffc89b13bd17,bsc:0x4e87880a72f6896e7e0a635a5838ffc89b13bd17,745d4231f64018c5f55a0037676988e95366ba4601a5b54a9797bafce7543876,35bcf477985663c29f238316f3324cc7cf46c91765fb381a70a8d00f06f8101f,metadata_stripped,1659190472,1659276874,1669726874,2902.777777777778,2926.778333333333,True,True,True,True,,,,,,False,False,False,False,False
ca2-5c6b3bca3311000683b6,ca2-5c6b3bca3311000683b6.json,7fbe75117d68925d8b6255b8340c732aaa2dafb3f2054d7d42e460c28080d8c2,ethereum,0xf5140fc35c6f94d02d7466f793feb0216082d7e5,ethereum:0xf5140fc35c6f94d02d7466f793feb0216082d7e5,36bd0250719d6f156a1b4f66845f3e091327bc4593670129e37d8377361d0249,a76dfb768a8208eb3c8a4e33d24c5d16d65c7465b0c20e9692611203ec69c96e,metadata_stripped,1595548921,1595635322,1697736707,28361.495833333334,28385.49611111111,True,True,True,True,,,,,,False,False,False,False,False
ca2-5c90f11e08cf22426454,ca2-5c90f11e08cf22426454.json,06b06e847975fb1510eb13ed976b4e3dbc2179d25955e1bb0363de7eb284915f,ethereum,0x2b083beaac310cc5e190b1d2507038ccb03e7606,ethereum:0x2b083beaac310cc5e190b1d2507038ccb03e7606,d74c2c23a9a5fa143a445a5fdf210530e2d06fd37570633ba19aeaf704e362a1,bfefea1e6374d83db5d99e551da3d8a052abc1912c8f18bb1273d1910dec9d10,metadata_stripped,1720974971,1721061371,1722524375,406.39,430.39,True,True,True,False,0x47c69e8c909ce626af73c955a5e34a20b7c71f19,0xf16d93acf337de38ee55dfb2f2a276883ff59e89,,,,True,True,False,False,True
ca2-5d15ea73c6fd71a4407d,ca2-5d15ea73c6fd71a4407d.json,ebf2bea34471f90d0b9633d8436d015b5867fa4f8b3484d57be65035b38d6291,bsc,0x93b621a9f8f1821a6a693a29672ca3d6612a2a7e,bsc:0x93b621a9f8f1821a6a693a29672ca3d6612a2a7e,16c9876738cdd037924a9e0a5678f176b70e1519eeec70bb87eddd64c26246eb,47645dfce1db46b08101bf25ae1cab478f7fe01aae1fc5f320c834b4f691ef69,metadata_stripped,1749320543,1749406943,1749441923,9.716666666666667,33.71666666666667,True,True,False,False,,,,,,False,False,False,False,False
ca2-5d29f9c5eb314dcba612,ca2-5d29f9c5eb314dcba612.json,6cb835c96eb5e500ee033c1b267aaecf8913c709430a2fa206032c7b6d9cdd28,bsc,0x80121da952a74c06adc1d7f85a237089b57af347,bsc:0x80121da952a74c06adc1d7f85a237089b57af347,9f17184f59dcafba3ed2dbaeadf00eb54ddce3bc9fd391543901471783633255,e78c434786f1962bef9c2a92eca769c33b00f2fefef9856122276d40f6bda5b0,metadata_stripped,1685162161,1685248561,1689811623,1267.5172222222222,1291.5172222222222,True,True,True,True,,,,,,False,False,False,False,False
ca2-5d74bde6e71788f42085,ca2-5d74bde6e71788f42085.json,a2e1f8863cdff712f8120594d2c2f40209bd25ffff4456cb483e45d9a6cfb840,ethereum,0x418c24191ae947a78c99fdc0e45a1f96afb254be,ethereum:0x418c24191ae947a78c99fdc0e45a1f96afb254be,2fb372991b01472c9f0b0ed5f04e99b3c380b91f5f1880ca2869ff387908dbab,5cfaf0c97558937c157cfa95ef79af8f13b8cb5c1e322820e1b986d1ad6c7ba1,metadata_stripped,1636939528,1637025950,1666009859,8051.0858333333335,8075.091944444444,True,True,True,True,,,,,,False,False,False,False,False
ca2-5e2c8b988ed2dd09b840,ca2-5e2c8b988ed2dd09b840.json,caea9e0d36dfd8015610a47b0739674a273dd5ef2b0a04e34884202892c5f251,base,0xbeb0b0623f66be8ce162ebdfa2ec543a522f4ea6,base:0xbeb0b0623f66be8ce162ebdfa2ec543a522f4ea6,a2c7be5685f8de086905746b76692601d8590d6b88afa8e2c402e07a3fceb8a2,04d47b48b571e32f155aebc4505fc8b58a64d5cd46f57cc170cd2772bf9d1978,metadata_stripped,1734626991,1734713391,1754989859,5632.352222222222,5656.352222222222,True,True,True,True,,,,,,False,False,False,False,False
ca2-5e2d8f30a0d9b1dc548d,ca2-5e2d8f30a0d9b1dc548d.json,54cae6859a845b3d0ffb59ac96ac4cbddae5a9a57fa730b5a2496f5946dc2261,bsc,0x2b9bda587ee04fe51c5431709afbafb295f94bb4,bsc:0x2b9bda587ee04fe51c5431709afbafb295f94bb4,cbd134ac8d285892d5d33ec1bf94dcdf1102a990b1046d1594cb286e9239697b,6f4cd91554d949a8ad8047da7543a1ed35a94f9b9b1e6c2159563c05819ba95c,metadata_stripped,1687895677,1687982078,1718607505,8507.063055555556,8531.063333333334,True,True,True,True,0xaff18b43dfb44d9b56c2b88e8569b3b0880c2a56,0x721475bd09652ba43c18082f3b532d4a569959dd,,,,True,True,False,False,True
ca2-5ec981d26607ce3dec41,ca2-5ec981d26607ce3dec41.json,8f4dcd5566052401a9640afbf6d8c792373e8a0b73b5c7ed4135dbf718c8f2a9,bsc,0xce1b3e5087e8215876af976032382dd338cf8401,bsc:0xce1b3e5087e8215876af976032382dd338cf8401,ea711288687610876d7125f42efc932322cec464bf96e1766798f5e593d7a12e,d5d25c4631a9b7014a0bda430a4202c9215424d00c6bf802d282a28754f2e80c,metadata_stripped,1657872421,1657958822,1674106022,4485.333333333333,4509.333611111111,True,True,True,True,0x88e05c0dd235cfff7d128194ca70327c95074975,,,,,True,False,False,False,True
ca2-604ce8fc1c483067805c,ca2-604ce8fc1c483067805c.json,405f93e890cfe82642101d2eabb1e59a218e42b22ca2c0cdc413f3a48ebef982,bsc,0x335ddce3f07b0bdafc03f56c1b30d3b269366666,bsc:0x335ddce3f07b0bdafc03f56c1b30d3b269366666,5c00d0c039e63b07c75453f4bfe4acfb08878a47bed3d8d5d91424b06bfe9891,642a640cc82acd9d57e9e556c62f1b1f07bacdbd1099d839686d35b3a1a0d643,metadata_stripped,1658672150,1658758552,1664582256,1617.6955555555555,1641.6961111111111,True,True,True,True,,,,,,False,False,False,False,False
ca2-608fc098c08911f51783,ca2-608fc098c08911f51783.json,b79c790aa228e3f2743100854878ae7439bac46539543c5dfd61bb1a619eede0,ethereum,0xffadb0bba4379dfabfb20ca6823f6ec439429ec2,ethereum:0xffadb0bba4379dfabfb20ca6823f6ec439429ec2,b8ed09e4ac06f0093c90f3ad8d0a0dfeec174740b79424ac61c217cd38c6f797,17e429d9333319280d26b5b26d25bb213aa80136ec92912adaca7980cd211465,metadata_stripped,1705983371,1706069771,1708654919,718.0966666666667,742.0966666666667,True,True,True,True,,,,,,False,False,False,False,False
ca2-60a0988512bfa1f54c2e,ca2-60a0988512bfa1f54c2e.json,ea36fd48cac3a2cabf983f6666fdf757b423e38e12081bcb810938ca3a861859,ethereum,0x007fe7c498a2cf30971ad8f2cbc36bd14ac51156,ethereum:0x007fe7c498a2cf30971ad8f2cbc36bd14ac51156,f4aa149c0919d7f954629bef4123b1cbd7fb4f8e29d52801c045f66199de4144,1f0816385581ccf2de55c4142738094dd5cf1e8c096a525aac13f4efbff55a81,metadata_stripped,1663338011,1663424411,1666329755,807.04,831.04,True,True,True,True,,,,,,False,False,False,False,False
ca2-60b7a39b3acbf3ed1937,ca2-60b7a39b3acbf3ed1937.json,ae38168dce61b5f35efc283ff451c72e00869905d3f89023a364b7ac2d3a0823,bsc,0x27539b1dee647b38e1b987c41c5336b1a8dce663,bsc:0x27539b1dee647b38e1b987c41c5336b1a8dce663,e846c5e5b94d8365d7b0f0ac75dafa6d54ba4b9ab2f9e83288b7fbecaaef39c2,cd34fe55ec67497814dbf1eff7f622d5ec2f9300d92e5d54b7c7c33114f54e64,metadata_stripped,1663816940,1663903340,1664374995,131.01527777777778,155.01527777777778,True,True,False,False,,,,,,False,False,False,False,False
ca2-610c56fd6c594f9c9f90,ca2-610c56fd6c594f9c9f90.json,9bce8bc334d5fa058ac5cf387f7db53349aeb7fe6175b53aef82255275aaa769,ethereum,0x764c64b2a09b09acb100b80d8c505aa6a0302ef2,ethereum:0x764c64b2a09b09acb100b80d8c505aa6a0302ef2,e61e7ec0556d03e0f0d00a74f2ff819c0f7a8b599500544c08c0ed039dba0711,1d829175021139ea9eb11b51baa7ed3000585ab0cf51a236630a9492de3dd45a,metadata_stripped,1618138494,1618224975,1767888143,41573.102222222224,41597.12472222222,True,True,True,True,0xc186e6f0163e21be057e95aa135edd52508d14d3,0xab749bccbee148dbd273bff4840cfdf751491c0a,,,,True,True,False,False,True
ca2-6123dfbf4db930b4d1d5,ca2-6123dfbf4db930b4d1d5.json,9820afa6785fc59f3c94b1b2a23b0f158e850af6f244a71fff1ee550e30db213,ethereum,0xc36a7887786389405ea8da0b87602ae3902b88a1,ethereum:0xc36a7887786389405ea8da0b87602ae3902b88a1,f493237b9d26fcb9d47fc3685d30e1e17c8302b5d84071394e77642cfa14cfcb,a9e9f47e85bce0571f5933d7bee02de9201c3766c8d14409c13c54e7092e7816,metadata_stripped,1634355385,1634441789,1638278865,1065.8544444444444,1089.8555555555556,True,True,True,True,0xa1fba7f2079131acb3e2073563ec53c8d43bc144,0x1c51a05b25c1f980b74d82e3f984c9d4f2a41e15,,,,True,True,False,False,True
ca2-61379f018c08925d7ecc,ca2-61379f018c08925d7ecc.json,565f564e7b7ed2df702e112395289c09e92c73070a1cf9d0351e62c2202b09df,bsc,0x4726010da871f4b57b5031e3ea48bde961f122aa,bsc:0x4726010da871f4b57b5031e3ea48bde961f122aa,22c30d7cae61542df0b024b4253d1bcb2f75854e4c04ee585787e166443bf396,d4673b20980393bf9154b0ddc804257e26884510de5f120652fdabfb323d082a,metadata_stripped,1667990286,1668076687,1668553500,132.44805555555556,156.44833333333332,True,True,False,False,,,,,,False,False,False,False,False
ca2-616b55afdd61c6ca8b12,ca2-616b55afdd61c6ca8b12.json,042721c445d46afb602ddb2b60fb40b58e7f3ca9e6ad4748fc52abbd77d3c50f,ethereum,0xa1ce40702e15d0417a6c74d0bab96772f36f4e99,ethereum:0xa1ce40702e15d0417a6c74d0bab96772f36f4e99,75624fb7b9f7c7cb756cc403a50c8508dd5c04bac298a26e47eab6a79d5d2ab3,822f67cd6dd3c1d75a81c782d40bcab8588da6c820f47ffedfa28523cd67ad98,metadata_stripped,1717979219,1718065619,1718526875,128.12666666666667,152.12666666666667,True,True,False,False,,,,,,False,False,False,False,False
ca2-61c7c0bc0fd854fd8541,ca2-61c7c0bc0fd854fd8541.json,bd21c97288704728ba646538bdaa1325f36ec6b1e088bddff5238e886e34d0ee,ethereum,0x051ebd717311350f1684f89335bed4abd083a2b6,ethereum:0x051ebd717311350f1684f89335bed4abd083a2b6,4712a836767701dfe76e6e82dd18174cc45f5533baba2d7334eae7c70c368871,4712a836767701dfe76e6e82dd18174cc45f5533baba2d7334eae7c70c368871,metadata_not_recognized,1614341266,1614427678,1615234816,224.205,248.20833333333334,True,True,True,False,,,,,0x2bbd66fc4898242bdbd2583bbe1d76e8b8f71445,False,False,False,True,True
ca2-627fce499908ff82ad6d,ca2-627fce499908ff82ad6d.json,d81ceb898da7388e64f4513f9873b060e379c7cbb4b6ecb6c6a30806fa835b22,bsc,0xa4f5d4afd6b9226b3004dd276a9f778eb75f2e9e,bsc:0xa4f5d4afd6b9226b3004dd276a9f778eb75f2e9e,ec040f1a50091d039fc826ba3dd1454c20c9eeda523b9c83c7383d4c8ceec19e,fb69849fbc221931c50be19c9d52035a5e7747bb0261b6dfdeb1599fb616ec62,metadata_stripped,1658475763,1658562163,1660085340,423.1047222222222,447.1047222222222,True,True,True,False,,,,,,False,False,False,False,False
ca2-62fc7b9b9ac57e1b7351,ca2-62fc7b9b9ac57e1b7351.json,1d99867d1c155ac98645142d6439bd4ecd04d1ca122298107b659a64163299a1,bsc,0x6b869795937dd2b6f4e03d5a0ffd07a8ad8c095b,bsc:0x6b869795937dd2b6f4e03d5a0ffd07a8ad8c095b,f493237b9d26fcb9d47fc3685d30e1e17c8302b5d84071394e77642cfa14cfcb,a9e9f47e85bce0571f5933d7bee02de9201c3766c8d14409c13c54e7092e7816,metadata_stripped,1681122288,1681208688,1690822274,2670.4405555555554,2694.4405555555554,True,True,True,True,0xa15f6044660735914b3740f76be8f5573944d0ca,0xe795fefdfe8ca1668191ec2d9181487e668d74a4,,,,True,True,False,False,True
ca2-6330139e9160d6464fd9,ca2-6330139e9160d6464fd9.json,63abcb0c985695d5a638a054ba7ca091cf7ceff07447aea35f0a2b8f477f0931,bsc,0x1f8336aef584795e282fece8de356babd7734c59,bsc:0x1f8336aef584795e282fece8de356babd7734c59,0ee03d1342eceb7d280794e8bd249776b144e76f54560bed824a1b36c629abfd,8af7cbf877ec39c991e0abad028862f2aa9ee0939c8db35d5c53b7cc457695c3,metadata_stripped,1773831403,1773917803,1773931596,3.8313888888888887,27.83138888888889,True,True,False,False,,,,,,False,False,False,False,False
ca2-637d0856b7b1d9ca4dbd,ca2-637d0856b7b1d9ca4dbd.json,14a82a0dd4f4636c92e4539fbe97a10f0bc1567b6d04490e90e71d1f25f5cde2,ethereum,0x317aa10528ff675ef4c358ea6a5b7b5494325733,ethereum:0x317aa10528ff675ef4c358ea6a5b7b5494325733,9e25a46081b421256f1c44cefea6e261f6c41d0b3324ec3ddabe1fddf44c8689,d10dd2fa2470942aa0c41df642d505feaecc335567b2f137e0197ce5f83525e5,metadata_stripped,1770179579,1770265979,1777388411,1978.4533333333334,2002.4533333333334,True,True,True,True,,,,,,False,False,False,False,False
ca2-64ef33688d6e79b3439e,ca2-64ef33688d6e79b3439e.json,6107676166afd042dc961db786a69700f51504c212b469e8422eb795a3869b49,bsc,0x05c2dd9cf547c6cccf91245346e6e1bc9926cae7,bsc:0x05c2dd9cf547c6cccf91245346e6e1bc9926cae7,a83546ff561b0bef2db7a2c6e81e7233e603a80b41c8ee2a7778b32f019fab72,7b224e27b99ab38ca8c91e6f5f18af508e7d9bfc06a73d3531c820f81df6106c,metadata_stripped,1710289315,1710375716,1726430224,4459.585555555555,4483.5858333333335,True,True,True,True,,,,,,False,False,False,False,False
ca2-6673e21002a8af6f4d12,ca2-6673e21002a8af6f4d12.json,e67876cd3d2588509c87122b366007e37a9e2ae97149f7b35241c1549b7605d5,bsc,0x88b3eb62e363d9f153beab49c5c2ef2e785a375a,bsc:0x88b3eb62e363d9f153beab49c5c2ef2e785a375a,ab89a0244c7e5a86aa8e1673b4c5b825db93bc406c7934e923ebb0a7c4548ac7,21aaaee65b8888b84b3233f12dea4e2077bf5c8c5e51ae3e1a0e9da53308f44a,metadata_stripped,1701941227,1702027628,1702129046,28.171666666666667,52.17194444444444,True,True,False,False,,,,,,False,False,False,False,False
ca2-6829820c6abb9fe3a566,ca2-6829820c6abb9fe3a566.json,d33f8b4de8cdbf207e4146d7a00b472bd05535180e47682b98d5c03fef928d77,bsc,0xd4524be41cd452576ab9ff7b68a0b89af8498a91,bsc:0xd4524be41cd452576ab9ff7b68a0b89af8498a91,09d49a364126c27b55dc59e7cb360a2b58673b899011176fa1f98860dc2bab5f,1abc9a9378417c33b9f193c97677cd6e6e1032c5de47726493b6cfc5d7f819c7,metadata_stripped,1774011421,1774097821,1774626033,146.72555555555556,170.72555555555556,True,True,True,False,,,,,,False,False,False,False,False
ca2-68bcc7d0d70c9f4db91a,ca2-68bcc7d0d70c9f4db91a.json,2d8841a07ff0c19ec69800e78365fe57f2c399e8d673823f0347324a2a25f8a4,bsc,0x000004a70f92f1b22de1201af76c48365d5d0000,bsc:0x000004a70f92f1b22de1201af76c48365d5d0000,1ac0118aa7fc87f42c75124204a5262ed0133322e501c00d972c513dd617d71a,0eb0044dcc5ecbf558badcc2349b62ec373a2aee3fdf4987b2806f1cec33b92c,metadata_stripped,1747079649,1747166049,1748210083,290.00944444444445,314.00944444444445,True,True,True,False,,,,,,False,False,False,False,False
ca2-698cd40308a0d9b400f7,ca2-698cd40308a0d9b400f7.json,56139a5cc7103d14598c570c1bcf8763f28dd892e87add1836453846c5d9e5af,bsc,0x88886f0fd371dff856291badced45922bc888888,bsc:0x88886f0fd371dff856291badced45922bc888888,8483a3998f4c6cab2dbd4d53ca2b09253057ee3c29cf078b5551273d011d22f6,8483a3998f4c6cab2dbd4d53ca2b09253057ee3c29cf078b5551273d011d22f6,metadata_not_recognized,1778119071,1778205471,1781685338,966.6297222222222,990.6297222222222,True,True,True,True,,,,,,False,False,False,False,False
ca2-6996a5993263d8986598,ca2-6996a5993263d8986598.json,aae4254a11d5d216e4a4f6453ed4fcefb6a7bbde38893ded97c8a866b03f2a03,ethereum,0x3d20601ac0ba9cae4564ddf7870825c505b69f1a,ethereum:0x3d20601ac0ba9cae4564ddf7870825c505b69f1a,48a3ac6a3c6a51d671d22068ff0a8bc95b3ff4973e7a4d06300b5c54a4fe98ae,76cd9953534e3e5a9be56210e8a545c60d537d079e21d3b3650b57b8bb70412a,metadata_stripped,1719593783,1719680183,1721746427,573.9566666666667,597.9566666666667,True,True,True,False,0x51bdbfcd7656e2c25ad1bc8037f70572b7142ecc,0xe71bb31cc8c309fba16c10686943227bfc2f9b06,,,,True,True,False,False,True
ca2-6af08ae1ba1d426949bb,ca2-6af08ae1ba1d426949bb.json,433f45bdc2bcceb901816d72d3d7dc20fc9f1d87c3d69081a12598133cbb8ef9,ethereum,0x85018cf6f53c8bbd03c3137e71f4fca226cda92c,ethereum:0x85018cf6f53c8bbd03c3137e71f4fca226cda92c,e641db49a2c9a8a398e99a4d0c2aaabd9bb7f011c4b5483477452a57d8e5622f,8dde27c822e473b0d7b25525df6d4fe55c7b6c2d5877add7cb3e48a3a890a75a,metadata_stripped,1685855015,1685941415,1686969695,285.6333333333333,309.6333333333333,True,True,True,False,,,,,,False,False,False,False,False
ca2-6b709bd598843f9b172a,ca2-6b709bd598843f9b172a.json,73f804253d2e62438a361567c4ab2db6442500cbd009cbc3295639a5250d3f02,ethereum,0x83f798e925bcd4017eb265844fddabb448f1707d,ethereum:0x83f798e925bcd4017eb265844fddabb448f1707d,cb7f3ebd7f3dda78355b67242805276e6b3a5a02b26931ea42132c912cd797fb,5738a9de89b24b0d06f7bcdcba7712251e447b7562e261f083a6a2c4dd2b0ef2,metadata_stripped,1581470508,1581556916,1681365083,27724.490833333333,27748.493055555555,True,True,True,True,,,,,,False,False,False,False,False
ca2-6bc7737cc67404ed8f62,ca2-6bc7737cc67404ed8f62.json,3cca7b2d342ce9f486a059e7b6a8e5ea2cd6cfae1fac3506355ad87c3f6158fa,bsc,0x5813d7818c9d8f29a9a96b00031ef576e892def4,bsc:0x5813d7818c9d8f29a9a96b00031ef576e892def4,ab89a0244c7e5a86aa8e1673b4c5b825db93bc406c7934e923ebb0a7c4548ac7,21aaaee65b8888b84b3233f12dea4e2077bf5c8c5e51ae3e1a0e9da53308f44a,metadata_stripped,1700633632,1700720034,1701763533,289.86083333333335,313.8613888888889,True,True,True,False,,,,,,False,False,False,False,False
ca2-6d220be49d90b51ca6fd,ca2-6d220be49d90b51ca6fd.json,804bc26463587646342a1c790a3db5a1b4b62a9a799538ad0d8e47fe6831ff71,bsc,0x1954b6bd198c29c3ecf2d6f6bc70a4d41ea1cc07,bsc:0x1954b6bd198c29c3ecf2d6f6bc70a4d41ea1cc07,96c81d779c262faca9ec9962ba541abc2b8a0932db9cfc1b974393c8b17a32d0,758c59861cf6a9ae7612f7d0871b35d5572a66aebc1be35291214b16b50d2ecc,metadata_stripped,1622907153,1622993553,1675681878,14635.645833333334,14659.645833333334,True,True,True,True,,,,,,False,False,False,False,False
ca2-6e5acd680aa3d14315b9,ca2-6e5acd680aa3d14315b9.json,a1511683691e80c9753c78b01e1352cbd417f6d2b2e3404379bf0a1e1cb8ec10,ethereum,0x53fbcada1201a465740f2d64ecdf6fac425f9030,ethereum:0x53fbcada1201a465740f2d64ecdf6fac425f9030,f163cb849101bde78a1290c2112c1ac16578696b2a50ecf5add4d429bb3f5007,352a3fbabfe753d7dfe2c05afec8ef3c959c06adf6f5306415a311fec06f47b9,metadata_stripped,1691388719,1691475119,1697629727,1709.6133333333332,1733.6133333333332,True,True,True,True,0x3a6d9bf8286a4ada77c15ecf82d4c0c0af95be74,,,,,True,False,False,False,True
ca2-6e83ea5ad89c085e5f5b,ca2-6e83ea5ad89c085e5f5b.json,0ee55fe2b4b9505a6ed8e16f2604b75f80258dd834321d46b12838e63931471b,bsc,0x42981d0bfbaf196529376ee702f2a9eb9092fcb5,bsc:0x42981d0bfbaf196529376ee702f2a9eb9092fcb5,ee1265a82c2264e143c53ab1a03b6a98118cf35f7c570c6fd0abd50f2720c7a0,52901eec4ede39ff43e13faae9e75857e966e7c8f49940408ac2c2235791e335,metadata_stripped,1638538413,1638624813,1680000871,11493.349444444444,11517.349444444444,True,True,True,True,0x381aef9eac247760473d305d31c1605d1c03d0bb,0xa6f662994bf46627f12c023b22a28618eb7ce893,,,,True,True,False,False,True
ca2-6f776e614c2662f41a7a,ca2-6f776e614c2662f41a7a.json,ae7f0673f1f99bfc8d3f4d8ae2c37cbcfa5cd663fd0b321727fcd02eb61825ad,ethereum,0x75b7db3e11138134fe4744553b5e5e3d6546d289,ethereum:0x75b7db3e11138134fe4744553b5e5e3d6546d289,0a948e6804bf4b2f930ee929925ab56084446f0f2f726914ef8c0d35747f3ebb,317873154f2d4dada1a53f26449f70dafe7056090dd4b0ed673b2335dce09fb4,metadata_stripped,1746644687,1746731087,1752641699,1641.8366666666666,1665.8366666666666,True,True,True,True,0xd377919fa87120584b21279a491f82d5265a139c,,,,,True,False,False,False,True
ca2-6f8a2ab5c968b3eaaf69,ca2-6f8a2ab5c968b3eaaf69.json,c08da710e2c1d3ea1aa9c4a0705f90f09ba588101556e8c67cf253cd82f410bf,ethereum,0x2033b54b6789a963a02bfcbd40a46816770f1161,ethereum:0x2033b54b6789a963a02bfcbd40a46816770f1161,8b5db55fa9ab3b9527508d4abe0b39eb588bf310270c8e04b3f38214e8ba63b4,0b09ff20a879ebffb4348851a7a95117d3482e44a6791f8da3d72f91af3e9915,metadata_stripped,1686356135,1686442535,1696760447,2866.0866666666666,2890.0866666666666,True,True,True,True,,,,,,False,False,False,False,False
ca2-702749959585da21f48a,ca2-702749959585da21f48a.json,395ae05ef57e3e466567f3b8150b27ad0515acadecc05086c5c7a0ec9ce0a9cc,ethereum,0x2321537fd8ef4644bacdceec54e5f35bf44311fa,ethereum:0x2321537fd8ef4644bacdceec54e5f35bf44311fa,03754898d54ee67f368c0da6c18fe2f51c2903871d304b67b28d47b8d1966f02,1aa8ab8983ba98e15e99f4dc023ebe6d0155cd9c10dee37bb4b5df0b41b492c4,metadata_stripped,1662588857,1662675264,1666716407,1122.5397222222223,1146.5416666666667,True,True,True,True,,,,,,False,False,False,False,False
ca2-7063be755a02e6e0df10,ca2-7063be755a02e6e0df10.json,34ad71563c421e6a64ed364cc25cf5142d7b2ed527034defec1ed5e5e4041c72,bsc,0x5dfc7f3ebbb9cbfe89bc3fb70f750ee229a59f8c,bsc:0x5dfc7f3ebbb9cbfe89bc3fb70f750ee229a59f8c,56a72d1b64d9a51a3b10177b4eb72f97b34a6e7838ec85a5a1c7153126239ec9,6823b9b3f9a6369b176daea522d45906998fb7554047fb4f51f90e989929388b,metadata_stripped,1648473828,1648560228,1668606591,5568.434166666667,5592.434166666667,True,True,True,True,,,,,,False,False,False,False,False
ca2-71d01a519d5b777ca8d5,ca2-71d01a519d5b777ca8d5.json,09fda772c96397f19fb711d660651cdb24de331a390ad563d6c81a6cb35c5947,bsc,0x449fea37d339a11efe1b181e5d5462464bba3752,bsc:0x449fea37d339a11efe1b181e5d5462464bba3752,81a406206a5b0e21a1ff0613ee8398579160c550e99bad89c56ed0b0e12a7f84,1fdb50c2b303654cb14db2b0ea4a8b562d2b80b96f62d507ee8419d6f7b8a4f6,metadata_stripped,1665574777,1665661179,1673325637,2129.016111111111,2153.016666666667,True,True,True,True,,,,,,False,False,False,False,False
ca2-72ea322ccc16e3e5cbe0,ca2-72ea322ccc16e3e5cbe0.json,d080df0ccf90278393ecdf066b8b87be3895eb79b8cab9ec72e2411cf3dc8b83,bsc,0xc0afd0e40bb3dcaebd9451aa5c319b745bf792b4,bsc:0xc0afd0e40bb3dcaebd9451aa5c319b745bf792b4,9ed16407ce57e911ce81af0a76b8d29a64660f98b272be4e91f4fd17c5dd27de,27fb672018685260cddb8eebefd98c1390c42a3ff2271e7a38c24b5304f1c98a,metadata_stripped,1707400737,1707487138,1712247921,1322.4397222222221,1346.44,True,True,True,True,,,,,,False,False,False,False,False
ca2-73f336f589a36742aed4,ca2-73f336f589a36742aed4.json,036c0c13b8da245582e7743169090b697c208e660851213f4f63e673ea4663de,base,0xcfe0de4a50c80b434092f87e106dfa40b71a5563,base:0xcfe0de4a50c80b434092f87e106dfa40b71a5563,39132fd290b014319189fbf48bc5a2bbce70ada46b6db845c0bd54a214eff2b8,e905a3c17c60f89f6bd64e4d0b5c24a9fa724dd30256ed130d1bb4f5a454c3a0,metadata_stripped,1741844031,1741930431,1748101339,1714.141111111111,1738.141111111111,True,True,True,True,,,,,,False,False,False,False,False
ca2-742774bf4edd46ad6f87,ca2-742774bf4edd46ad6f87.json,708320f24a8759dc7bace2e48ee6b519e29f3332f31b7270612c69679e95b3b1,bsc,0x10bc28d2810dd462e16facff18f78783e859351b,bsc:0x10bc28d2810dd462e16facff18f78783e859351b,9bf80951e77d4b529c684897f2fd9f50d085e5f3d9201b8cd4032be50d01cb02,7925eb2cd87fa4e4c181bdeea72ea92747a51252e55769e10466dc6ae2440b6e,metadata_stripped,1661494816,1661581218,1662087759,140.70583333333335,164.70638888888888,True,True,False,False,,,,,,False,False,False,False,False
ca2-7455b4981f74c1b4c51e,ca2-7455b4981f74c1b4c51e.json,e9bc8754017e1949848f0945fdb078356cc33971c7fa522011073e122b607155,bsc,0xc98e183d2e975f0567115cb13af893f0e3c0d0bd,bsc:0xc98e183d2e975f0567115cb13af893f0e3c0d0bd,df965b46d5c41667ef2d54e816ae5a27ec134e28e304c30a9e096e408f1ba8b0,af40412b5306055b4762d351703bcd5865d9e57fcf027d631df3f3bb8f5a28b9,metadata_stripped,1695107993,1695194395,1695555494,100.30527777777777,124.30583333333334,True,True,False,False,,,,,,False,False,False,False,False
ca2-746ec2d0566ffbda9c0f,ca2-746ec2d0566ffbda9c0f.json,1d37c4300d7a5a98680758d3dae7e81575ebd02ac54851c1069c29885cab01da,ethereum,0xbaa87546cf87b5de1b0b52353a86792d40b8ba70,ethereum:0xbaa87546cf87b5de1b0b52353a86792d40b8ba70,f0af0361f50d69f46de7a37d1c29d28f7f8c1e0c51bcf3b1ca82548a047a9278,1e136ca1a1aeed79a99142d7ebf0971701dde31b9e40e27be856a01c487c33f0,metadata_stripped,1696596803,1696683203,1698489683,501.8,525.8,True,True,True,False,0xa9f08c2df8e09b32eefa85f5ec459c040248b06c,,,,,True,False,False,False,True
ca2-758d99036031cc6eb400,ca2-758d99036031cc6eb400.json,7ec6da2b8cbe3058836a32ded5a0fdd03ca75cb7ad55fcd3eb716921de41c1a0,bsc,0xeccd8b08ac3b587b7175d40fb9c60a20990f8d21,bsc:0xeccd8b08ac3b587b7175d40fb9c60a20990f8d21,74f90ef68c79a40628e972d8515e84ad0afb72574e1eee8cf8e6bd5375d5690e,3895b053eb3f69e2c4cdc9ae4046467f551b26facb5a05fe6ebebdf44b39bfa1,metadata_stripped,1658322363,1658408764,1665051347,1845.1619444444445,1869.1622222222222,True,True,True,True,,,,,,False,False,False,False,False
ca2-759d84cb92c4b203c71e,ca2-759d84cb92c4b203c71e.json,b975489437f0989162a7fc380640bb75c501ea395da0eb908cf72546614de59a,ethereum,0x765277eebeca2e31912c9946eae1021199b39c61,ethereum:0x765277eebeca2e31912c9946eae1021199b39c61,ba69717d550c92ab9e6017a58b493d255bdf2c0d7c43f54617daecbe0e94121d,e3e265573ae71cf116c3b0fd2a2640642d4801eb5baf7d470c8446812bd7f74a,metadata_stripped,1618462507,1618548914,1669173539,14062.395833333334,14086.397777777778,True,True,True,True,,,,,,False,False,False,False,False
ca2-76e88e5b8b6fbabe3012,ca2-76e88e5b8b6fbabe3012.json,a4a4f287c3208837ccdafd9884c4c4f233f82264eeb93ca86ca17225dff54625,bsc,0x46ba8a59f4863bd20a066fd985b163235425b5f9,bsc:0x46ba8a59f4863bd20a066fd985b163235425b5f9,71d80017df7dc069e24c4fa0ce4791a0d6b64940d39ccba0c8191874fb89c10c,3073757367c28a9f3aad54ee8831ec7668874b323907b96b82837298093082a4,metadata_stripped,1622686363,1622772765,1650875632,7806.351944444445,7830.3525,True,True,True,True,,,,,,False,False,False,False,False
ca2-76efd7743f4d9234ff8d,ca2-76efd7743f4d9234ff8d.json,9dcba942026483690d0a4ffc412cad3ca4d49aee3b0ada57e8d0af03152952b0,bsc,0x16d0a151297a0393915239373897bcc955882110,bsc:0x16d0a151297a0393915239373897bcc955882110,e437b6602131114c470f0a3621f180f89dc508adde6307a54bfd6da94c8a4e84,870c67e313ce015a4f073ba7a7be674015ae8b6ef8a6cd01c7e4bf726e16d26e,metadata_stripped,1625344185,1625430586,1750291467,34683.578055555554,34707.57833333333,True,True,True,True,,,,,,False,False,False,False,False
ca2-7741e8a9a71601f098a4,ca2-7741e8a9a71601f098a4.json,25f3659e446df16776b63c00be7c45f34b68d854737074baa353c38b90bc1ca8,bsc,0xea51801b8f5b88543ddad3d1727400c15b209d8f,bsc:0xea51801b8f5b88543ddad3d1727400c15b209d8f,8491681974fda627062b1c4959bdddbe5c24b665d3f44ea0c9f43d20a1e370dc,7541e49a91d737b807a939f609b0fff064649551f85bab5c3ed1146f68fd0b00,metadata_stripped,1664781348,1664867749,1665752843,245.85944444444445,269.8597222222222,True,True,True,False,,,,,,False,False,False,False,False
ca2-77cd38b96a68c54afe71,ca2-77cd38b96a68c54afe71.json,571a3ddb0655545eab868a0f26940f1c781903abfb70a215eb1107daf94b01cf,ethereum,0x0c6c80d2061afa35e160f3799411d83bdeea0a5a,ethereum:0x0c6c80d2061afa35e160f3799411d83bdeea0a5a,84e435d7bc7b05bfbe6c4438e470b5694da7d39625a71d7313c92fc136a46590,43e18445b61895a0d3020bcd6abde8181ea92db0f9c0944ba1bdfa5e9994dde8,metadata_stripped,1646641575,1646727999,1702770827,15567.452222222222,15591.458888888888,True,True,True,True,0x4a10354b8e1928c38cc6a738cd2748fa1c818cea,,,,,True,False,False,False,True
ca2-786342530794b2d0e951,ca2-786342530794b2d0e951.json,68e1740a789b68791691a012ea1bd263e8e2ffaec031dd249496b6e404bfe9a6,bsc,0x1962b3356122d6a56f978e112d14f5e23a25037d,bsc:0x1962b3356122d6a56f978e112d14f5e23a25037d,b32d35b67b9a3ff856a8590f75cc9d6a4938e386a441cbbe3b6051700caeefb4,791dcb2d53620ed95048890ebeccbc431266be1d3d369c74d49de1cedbc76468,metadata_stripped,1736023271,1736109671,1736140963,8.692222222222222,32.69222222222222,True,True,False,False,,,,,,False,False,False,False,False
ca2-7887a4e3ed471d877a90,ca2-7887a4e3ed471d877a90.json,c6c920c693b54d1426660466d3a9d754529cdaed363d1eba08baa04abd2353bc,bsc,0xf075c5c7ba59208c0b9c41afccd1f60da9ec9c37,bsc:0xf075c5c7ba59208c0b9c41afccd1f60da9ec9c37,189ef81e2735b3d9a520bcfbb4a0e16c577c90c43b8157ddf9199029ba56260c,0254f0ca9f8f16cf89ac16e5c1f8febcbab04dd76eadbd3535361ae93a47d2e8,metadata_stripped,1686157076,1686243476,1689970457,1035.2725,1059.2725,True,True,True,True,,,,,,False,False,False,False,False
ca2-789b9d7c348037be1840,ca2-789b9d7c348037be1840.json,ac67233440b18cfe02d090f7941b9522ea09633ad90fab13ea01a571ed186e73,ethereum,0x84524baa1951247b3a2617a843e6ece915bb9674,ethereum:0x84524baa1951247b3a2617a843e6ece915bb9674,51ad2111f80cf9a4ac1c3e6bdbe302774d3ddce95035e675ad6cc1a3c2c88083,1cf27df31a3e3408befed20dfee15dc2bee2e969b2596ea0d34c44a4efb20c59,metadata_stripped,1691435639,1691522039,1697207951,1579.42,1603.42,True,True,True,True,,,,,,False,False,False,False,False
ca2-7a01249aabcf9ab600cc,ca2-7a01249aabcf9ab600cc.json,e39ca56ff8091aca61de9288b0ee1797f179441900e9650c0ac4ca8e7b4d42c8,ethereum,0xde59b88abefa5e6c8aa6d742eee0f887dab136ac,ethereum:0xde59b88abefa5e6c8aa6d742eee0f887dab136ac,ad78c06faf9c23e409187497d397a075073982ee0e2a23010f8804c33b988e59,11cc6fc24b1affb702945c5e71e740fa2f5f5ca3a337b3cfef6ea5cc3c86ab76,metadata_stripped,1658406808,1658493210,1708537751,13901.261388888888,13925.261944444444,True,True,True,True,,,,,,False,False,False,False,False
ca2-7ab9ecf055348c803def,ca2-7ab9ecf055348c803def.json,e0098cc21a02bc7e5d549e731ef720f03de11b26da94be26f5e9d76ca190a524,ethereum,0x46161158b1947d9149e066d6d31af1283b2d377c,ethereum:0x46161158b1947d9149e066d6d31af1283b2d377c,6ba44587d17661192a6a7f618e485bef9d461329b40167fd327fbdf5338bb8ef,ce30c4d194c5282a83e422b1727c610f1981b22ade100fcc00ba97bc67b3bb57,metadata_stripped,1665765887,1665852287,1668108467,626.7166666666667,650.7166666666667,True,True,True,False,,,,,,False,False,False,False,False
ca2-7c6082cada48d720f171,ca2-7c6082cada48d720f171.json,b55bb7c7c1014295fdf49d783ec27274333672ae777e86db474a3eb7a3472f17,bsc,0x633e538ecf0bee1a18c2edfe10c4da0d6e71e77b,bsc:0x633e538ecf0bee1a18c2edfe10c4da0d6e71e77b,992901d5b91cec0b16bee73598bf421e3993b6c1c5586ed4cd035da587b7a72b,ef7ac5d67ee3cbeca495bd816fdc6e0754b30b3f3a829c177db213ef5c95bebc,metadata_stripped,1619091907,1619178309,1621463485,634.7711111111112,658.7716666666666,True,True,True,False,0xcbc6f8dfbb439a8adc863251b656c1cd89ccbd1e,0x93c517e5191cc2a453b1564672ec1a7e3a58aa5d,,,,True,True,False,False,True
ca2-7cd2beaa007600ae46b4,ca2-7cd2beaa007600ae46b4.json,f6efb212e81a338347e0c0f1dace2fc53b2679d67b692ca6215652afcac3d9bc,bsc,0x33adbf5f1ec364a4ea3a5ca8f310b597b8afdee3,bsc:0x33adbf5f1ec364a4ea3a5ca8f310b597b8afdee3,32b53e73899ac8d9043e9e2f750e5e9a051dcdf7b4150e7ff646246255068349,0f7ea616aca91925ed96af5db0f4dfc56e3909d586c2354bf3028acac532ee95,metadata_stripped,1615292115,1615378517,1698841011,23184.02611111111,23208.02666666667,True,True,True,True,,,,,,False,False,False,False,False
ca2-7d57548f67767829ee9a,ca2-7d57548f67767829ee9a.json,595fb06c47a782ca47b6ed954ee208ac5b2ec02465ef8a0ade47a10e58c4163c,bsc,0xb6fa6f1dcd686f4a573fd243a6fabb4ba36ba98c,bsc:0xb6fa6f1dcd686f4a573fd243a6fabb4ba36ba98c,14dc8a45de50c0f923ee17bcb89f6bbbfd61b00894046d75947e8d545ceaf824,918a3e8d76d4c602b94b3d31d2ac12ce2f5ccf8aa1d3280d220e171adda5fb66,metadata_stripped,1685898477,1685984878,1749884443,17749.879166666666,17773.879444444443,True,True,True,True,,,,,,False,False,False,False,False
ca2-7d8bff5c879f84e09ee4,ca2-7d8bff5c879f84e09ee4.json,5e5bfc82d8fac230433ad5493b792b6cf55490d44389a71803c834c5f32482e1,bsc,0xe9d1d2a27458378dd6c6f0b2c390807aed2217ca,bsc:0xe9d1d2a27458378dd6c6f0b2c390807aed2217ca,992901d5b91cec0b16bee73598bf421e3993b6c1c5586ed4cd035da587b7a72b,ef7ac5d67ee3cbeca495bd816fdc6e0754b30b3f3a829c177db213ef5c95bebc,metadata_stripped,1614529905,1614616306,1716862445,28401.70527777778,28425.705555555556,True,True,True,True,0x2bcc7bf861eced9c64d0ea239bbf00036babf7b3,0x8490514534565cd91575325bae93e3652eaaf93c,,,,True,True,False,False,True
ca2-7e2e4e06ad319c9c87c0,ca2-7e2e4e06ad319c9c87c0.json,0b80c54fbdec3c3f6f53498aac58e69346ec5d7d58887c8ebaa703f15ee7c6f9,bsc,0xb47955b5b7eaf49c815ebc389850eb576c460092,bsc:0xb47955b5b7eaf49c815ebc389850eb576c460092,0b661c8c64fdea513f499bd0d5c57ac8e2d28888811baffc650b5ee87ed95684,79214c4f079297819e6a1981ccbbc2428be995f35de277e8c1f080b8dbda8360,metadata_stripped,1689381659,1689468061,1689688894,61.3425,85.34305555555555,True,True,False,False,,,,,,False,False,False,False,False
ca2-7efff287d58605a4cc72,ca2-7efff287d58605a4cc72.json,d1b3e6adb6f08d002e1552993b9e1f0d24f5871a78f0e77886a600803102caea,bsc,0x493361d6164093936c86dcb35ad03b4c0d032076,bsc:0x493361d6164093936c86dcb35ad03b4c0d032076,f4de5c31d7829d8f3f01403a8cce664a90322bd8cfd9a338b13413be84e1593b,9e0fe73f4ead523f96d2f0c273c53a5d89ba8d614bfb11ee033446383fb02db4,metadata_stripped,1689755798,1689842200,1729495645,11014.845833333333,11038.84638888889,True,True,True,True,,,,,,False,False,False,False,False
ca2-7f64659ac37a0996268b,ca2-7f64659ac37a0996268b.json,a68a6eb6805da6c2c50c3640e33d5d5b0fbf7f9765a8c889bf31aadca0b0fe9f,ethereum,0x9f72dc67cec672bb99e3d02cbea0a21536a2b657,ethereum:0x9f72dc67cec672bb99e3d02cbea0a21536a2b657,89bbedfb16ec9c52493e71c3e85d4da1bc8c02a849b1e6057e7f0f6b95deda48,b69e7bed5bbc40140d9b5da36eca3aa9330db6ad2b2fbeef9a6b922330b29387,metadata_stripped,1669915487,1670001887,1686531983,4591.693333333334,4615.693333333334,True,True,True,True,0x6b75a3b072369bee8f873477266ac168beb73dab,,,,,True,False,False,False,True
ca2-81ae1f51e833bf23db49,ca2-81ae1f51e833bf23db49.json,f2f2fe5b7fa3001208e16d248abd93ac7eb25a576cd5edb70080e65cbebdde7f,ethereum,0x759c6de5bca9ade8a1a2719a31553c4b7de02539,ethereum:0x759c6de5bca9ade8a1a2719a31553c4b7de02539,690d8ddf94b04dec19d5738fe05290cd39e614722823195bd0cde19022ea2e3f,8c89f493af608d3a74a6e26f8a1dd1ea73220ca903a47a07ff1a3c243e25fb17,metadata_stripped,1645997651,1646084061,1693898699,13281.843888888889,13305.846666666666,True,True,True,True,,,,,,False,False,False,False,False
ca2-82c63f4f3f31559be9a8,ca2-82c63f4f3f31559be9a8.json,c9f8b12f393a766df8183a575f06bb6764215e1211b443069b8c18ef029c3e10,ethereum,0x4ae2cd1f5b8806a973953b76f9ce6d5fab9cdcfd,ethereum:0x4ae2cd1f5b8806a973953b76f9ce6d5fab9cdcfd,42cca915e35b784a7cdd22f6df9cb714c4a89839c9fe62881db90af19875551e,8a06dccb478e67b5c03d25f6cc69b97dee2071ca8ff9698f5caa858bc641627e,metadata_stripped,1662656206,1662742611,1689323087,7383.4655555555555,7407.466944444444,True,True,True,True,,,,,,False,False,False,False,False
ca2-83e922a7f39b2bc4b4b1,ca2-83e922a7f39b2bc4b4b1.json,5516adbb40b224d91ee2a3dca39bba41770f9f96d4fc07aa3c90dec66a5b9163,bsc,0xc6548caf18e20f88cc437a52b6d388b0d54d830d,bsc:0xc6548caf18e20f88cc437a52b6d388b0d54d830d,0d1fa05052df2624d197f1890b8c90390cf59888524dffafe004c9dd61aa6f0c,8abde77a16df7941eba9daec95410ccdb453d2d7540cea0be55c31daac947666,metadata_stripped,1665322990,1665409390,1666863602,403.9477777777778,427.9477777777778,True,True,True,False,,,,,,False,False,False,False,False
ca2-8521e5ce73f00a1df2b0,ca2-8521e5ce73f00a1df2b0.json,3ee675ad3e6e38af39f931de70e07893622a976df06ee6c21b73705813528b60,ethereum,0x4d4d05e1205e3a412ae1469c99e0d954113aa76f,ethereum:0x4d4d05e1205e3a412ae1469c99e0d954113aa76f,4337c803abf7cd4596c41b0aa56e041a05923bde3f86acfc28ca4ec8ca321009,a0c2ef4ba4c9ee3da50c1e32f2eef50189188f44aa8ec5fc0fd9bd5d4a679f84,metadata_stripped,1595842745,1595929146,1716282515,33431.49138888889,33455.49166666667,True,True,True,True,,,,,,False,False,False,False,False
ca2-87c7a2d034157234fe09,ca2-87c7a2d034157234fe09.json,6469780068827ef6f922c532521b692ed65f01d0b83f34ffeb50bfce9a4de455,ethereum,0xa44e79a2c9a8965e7a6fa77bf0ca8faf50e6c73e,ethereum:0xa44e79a2c9a8965e7a6fa77bf0ca8faf50e6c73e,eff47174a9d8fee3fc9e1627e79bb9206d4e8ab1136859eac65c74c7bb2e6b10,eff47174a9d8fee3fc9e1627e79bb9206d4e8ab1136859eac65c74c7bb2e6b10,metadata_not_recognized,1673364311,1673450711,1701296987,7735.076666666667,7759.076666666667,True,True,True,True,,,,,0x44d1c6b94b282c678c95b7f4b18de5a53ea4fa9f,False,False,False,True,True
ca2-87e3cee3e857278adb8f,ca2-87e3cee3e857278adb8f.json,f0ae0d7595c25eaebca8e72329966c4b8196ff044a4624282e3b996fc390cfb5,bsc,0x4726010da871f4b57b5031e3ea48bde961f122aa,bsc:0x4726010da871f4b57b5031e3ea48bde961f122aa,22c30d7cae61542df0b024b4253d1bcb2f75854e4c04ee585787e166443bf396,d4673b20980393bf9154b0ddc804257e26884510de5f120652fdabfb323d082a,metadata_stripped,1667990286,1668076687,1668550409,131.58944444444444,155.58972222222224,True,True,False,False,,,,,,False,False,False,False,False
ca2-8827a43c9b16b94734ae,ca2-8827a43c9b16b94734ae.json,6e88629e689a03f22aa0300bb39d83e788e8c0a26756bbd84263674f3fc7bd88,bsc,0xcc61cc9f2632314c9d452aca79104ddf680952b5,bsc:0xcc61cc9f2632314c9d452aca79104ddf680952b5,397e07dcb54eeb573b0789f9b92125bf7edeace6db49f566468f7d76418fdff3,52ca1302f9e334417bf71cb18793bf3d5bbbbfd42a28f46ebb87530c1e81fd54,metadata_stripped,1696490820,1696577222,1697033670,126.7911111111111,150.79166666666666,True,True,False,False,,,,,,False,False,False,False,False
ca2-8920d085a4a666414df5,ca2-8920d085a4a666414df5.json,0015d7109a5e8aa24bbcbdd13c8c0ffc3e0b2a0ac518bed46406fc2e017df702,ethereum,0xaf274e912243b19b882f02d731dacd7cd13072d0,ethereum:0xaf274e912243b19b882f02d731dacd7cd13072d0,f69ab84ea1b429e0b21dcd543fab3bc7a084ff01ef2b3b066b76354ea3142f55,ed1537b6430a613254af7c7459132739120806373578c475e5506b43a4b46813,metadata_stripped,1604800849,1604887256,1686111239,22562.2175,22586.219444444443,True,True,True,True,,,,,,False,False,False,False,False
ca2-8a1aed9c839187cc890c,ca2-8a1aed9c839187cc890c.json,30a29849ba4e4190146e771b17ba13974d909ba67ab0773055b5ce598a256a23,bsc,0xb192d4a737430aa61cea4ce9bfb6432f7d42592f,bsc:0xb192d4a737430aa61cea4ce9bfb6432f7d42592f,a7200a061091c46ad8738ceb881362aca910ec9182a4f779e4e296d51302b108,e0875b266e906378eb77616457b4d314ed854dc4199a642b97c2585fe053f9ab,metadata_stripped,1751295381,1751381781,1751466318,23.4825,47.4825,True,True,False,False,,,,,,False,False,False,False,False
ca2-8accf6f062f57db1f918,ca2-8accf6f062f57db1f918.json,2485f12f5e0113e5581fb18de2c0c7f2fbc93e712299941451ac288ae48c0b8a,bsc,0xe7748fce1d1e2f2fd2dddb5074bd074745dda8ea,bsc:0xe7748fce1d1e2f2fd2dddb5074bd074745dda8ea,f3b519de561b19a93dccf2889035ba9d7dd63f74dde8967ce79cf8cf265343c7,c704a6b37f37db51fc8b4287f364e671f94d52252231872e911178d15139f869,metadata_stripped,1650433572,1650519974,1650525305,1.4808333333333332,25.48138888888889,True,True,False,False,,,,,,False,False,False,False,False
ca2-8ad0e7849cd27bf47eab,ca2-8ad0e7849cd27bf47eab.json,6021ce0b99f6ea9f1ce9b4353980332625be805fed614597e75545eca35d074b,bsc,0xc342774492b54ce5f8ac662113ed702fc1b34972,bsc:0xc342774492b54ce5f8ac662113ed702fc1b34972,28e30bfac4a0dca96d447966ade9c0fb260f9ab568fb97961101514d526ca11d,588d161c22428102fc7f7e10c0db2bfa8eae6d09852316fd1dac4cdd2814a9a6,metadata_stripped,1615384436,1615470836,1666197272,14090.676666666666,14114.676666666666,True,True,True,True,,,,,,False,False,False,False,False
ca2-8af0ea955100349da941,ca2-8af0ea955100349da941.json,081c61b64238f0c36d32730ed6f0784d6f32c0f3288e8456fe58a3456c96d3cc,ethereum,0xdbb20a979a92cccce15229e41c9b082d5b5d7e31,ethereum:0xdbb20a979a92cccce15229e41c9b082d5b5d7e31,20d48adc8d6992cd94ec63fccb4bcfaa2f9fb523c274597562527d6c5786ba06,10f5be3d883cb528029a0defa548a56bc538f4edd0562af7d0fa6627ccbefe35,metadata_stripped,1702415867,1702502267,1706500739,1110.6866666666667,1134.6866666666667,True,True,True,True,,,,,,False,False,False,False,False
ca2-8b0370be76c7c7e05d59,ca2-8b0370be76c7c7e05d59.json,e6c894881cc21a6fdf34fd88a1f6054a2677c29a8f67cea3ed343c9f7d4a4373,bsc,0x6666625ab26131b490e7015333f97306f05bf816,bsc:0x6666625ab26131b490e7015333f97306f05bf816,2ced646a63a36f75cf95732513e6b98970ecda9a6f62cfbaa39eeb7f50c41233,191765e32aa2ffd61c81a53cace74ebf3d958c734913c5e0b3f3f9a622e5ee57,metadata_stripped,1654488213,1654574615,1669017266,4011.8475,4035.8480555555557,True,True,True,True,,,,,,False,False,False,False,False
ca2-8b19d47d1a3d23da742b,ca2-8b19d47d1a3d23da742b.json,a4c79b4327e212b3e15f8a587626c67e3620e9b988799c18efd1b76e1fb88311,ethereum,0x6e799758cee75dae3d84e09d40dc416ecf713652,ethereum:0x6e799758cee75dae3d84e09d40dc416ecf713652,3aad9cd44895a5a71aa52fe552263f0601330688eb4c72043f3f7ff16e43b8c3,1b8deb61ac7fe1be1ef877ab60e676e6c26da31c8c8de2dbc6f51a8d06b1bf44,metadata_stripped,1685875859,1685962259,1725388499,10951.733333333334,10975.733333333334,True,True,True,True,0x72469eb66de133f2a39573867809ed64b9b1739f,0xcb89134b4253861194750bcb4007612ccfffad55,,,,True,True,False,False,True
ca2-8bd96b9bd5ce07a9bc18,ca2-8bd96b9bd5ce07a9bc18.json,69e8958c7f693dd9778f3d2472dbd6428a4f3be3063eceee7ffe70fdad233193,ethereum,0x00000000000a47b1298f18cf67de547bbe0d723f,ethereum:0x00000000000a47b1298f18cf67de547bbe0d723f,1bd2b551e9d5f023c7d4d476d0e4d4b13a5f824c4ccf72b90389c08fed737a3d,8614903ec37933eb4a2ef5976313ac69d278eb09636cb9e50b517f133676b4f7,metadata_stripped,1648810784,1648897184,1665689975,4664.6641666666665,4688.6641666666665,True,True,True,True,,,,,,False,False,False,False,False
ca2-8c56561fae063cde5971,ca2-8c56561fae063cde5971.json,538b26c0945588b9e0f2701dd43f30c12943e65927bd50997ae84625d71cc9a7,ethereum,0x2db6c82ce72c8d7d770ba1b5f5ed0b6e075066d6,ethereum:0x2db6c82ce72c8d7d770ba1b5f5ed0b6e075066d6,14a95907f37c07e57ba8f8c8571bbff37871d02d9d0c16ae24cc54fcbfb634c1,d9fd7ffff73b4031637c5e4f5d335e9e5f46942e2c3da8f1d41d8f0c8c7c4a4a,metadata_stripped,1612850081,1612936500,1630302276,4823.826666666667,4847.831944444444,True,True,True,True,,,,,,False,False,False,False,False
ca2-8cf05be564db7065817c,ca2-8cf05be564db7065817c.json,ceddbc2f29bf1e50c623a7d4056e0481634cec2954f5fa5586c3d451fc729f77,bsc,0x29b2525e11bc0b0e9e59f705f318601ea6756645,bsc:0x29b2525e11bc0b0e9e59f705f318601ea6756645,e5ffb85ca9d0e3f1e71a609d761714fd683f422a280c6a26d60984c157ce8aeb,07ecbb4a438c8a83c35b87c336c0d86257a72a22fe8a4c2a3d9bc269230b95a7,metadata_stripped,1663400043,1663486443,1666003493,699.1805555555555,723.1805555555555,True,True,True,True,,,,,,False,False,False,False,False
ca2-8e3ab047548dade505e8,ca2-8e3ab047548dade505e8.json,3ca58fa6c0e114a2e2fd7274190ed3bae84e94e8597d15b6463be3e455d6d9ac,ethereum,0xa88800cd213da5ae406ce248380802bd53b47647,ethereum:0xa88800cd213da5ae406ce248380802bd53b47647,ae6f779e2087cea71db4a810577685507603b3126d1fbe2da85bfa1f28548960,28e513c736c6202c8c2cd29c2a91ecfb2883c468c69da34c2961b4406cb6cdd6,metadata_stripped,1671724079,1671810479,1741194911,19273.453333333335,19297.453333333335,True,True,True,True,,,,,,False,False,False,False,False
ca2-8eea98fa7851e4eaf7d3,ca2-8eea98fa7851e4eaf7d3.json,8763ec6986da27d099c1e13240b4a8acaaf9029015735b9b39feec2596f24d7d,bsc,0x489afbaed0ea796712c9a6d366c16ca3876d8184,bsc:0x489afbaed0ea796712c9a6d366c16ca3876d8184,32d461178c7b43e72e5f3ca05b100dfa94c2a226d9930414235916846548426c,6daec1ad376cea4776c3bfae6249f8f8c0706421f4f9be5404da8026ce27bfcf,metadata_stripped,1603824289,1603910689,1667770234,17738.7625,17762.7625,True,True,True,True,,,,,,False,False,False,False,False
ca2-8f02fa85c8202388bdf3,ca2-8f02fa85c8202388bdf3.json,7542a2095e218551ef27ef9a0bac13168d467a9b13a3945d63ca6a1ae1719134,bsc,0x9cb928bf50ed220ac8f703bce35be5ce7f56c99c,bsc:0x9cb928bf50ed220ac8f703bce35be5ce7f56c99c,3bec1a7b2e3fe091bb10b9ed250c9788767a8f6f2f368b95161de4d7d17a0af1,f7ccd2878824ff6ea9b41c5d92864aa30ce9fc925d8d18db5ef1acca58809022,metadata_stripped,1664860526,1664946928,1665550978,167.79166666666666,191.79222222222222,True,True,True,False,,,,,,False,False,False,False,False
ca2-8f2514150efc980c9183,ca2-8f2514150efc980c9183.json,01c97b0fb934ae0fb49a6797d05d6607a134ade43c71a20ab76a4006ec5786e9,ethereum,0x800cfd4a2ba8ce93ea2cc814fce26c3635169017,ethereum:0x800cfd4a2ba8ce93ea2cc814fce26c3635169017,16625f7f8be8a6255c1fdd3e6221b08afdb7521aff58d8d1ef2fd73dac1b25e5,e1747372888fc5785acfcee3631e533c08196bb1efe8f21b1ba9183a14c573be,metadata_stripped,1689080039,1689166439,1689396887,64.01333333333334,88.01333333333334,True,True,False,False,,,,,,False,False,False,False,False
ca2-9035062d2e632d8ca752,ca2-9035062d2e632d8ca752.json,4ef61203d7e3e12950aeb4ada027d736028a8305b80db58ab909676b66b13751,ethereum,0x1f006f43f57c45ceb3659e543352b4fae4662df7,ethereum:0x1f006f43f57c45ceb3659e543352b4fae4662df7,cbd134ac8d285892d5d33ec1bf94dcdf1102a990b1046d1594cb286e9239697b,6f4cd91554d949a8ad8047da7543a1ed35a94f9b9b1e6c2159563c05819ba95c,metadata_stripped,1686824351,1686910751,1692452879,1539.48,1563.48,True,True,True,True,0x678fd96fd3d057a30ab1569bfe72e51446d8dfc1,0x5f54e265ae36240aae48faca1014c3ef3542b429,,,,True,True,False,False,True
ca2-91206b717060c4fd7b39,ca2-91206b717060c4fd7b39.json,3d00cd64e20d177868950d36ddcaa8da736417c70dec7643d89c11d0afcb8557,bsc,0x0025b42bfc22cbba6c02d23d4ec2abfcf6e014d4,bsc:0x0025b42bfc22cbba6c02d23d4ec2abfcf6e014d4,f2db9129aabbe2bf218912e3b37b585470f9887713aa7556c13acb5aebe3ccdf,8d37dc9cf6cb143edaa619a09ad7fe001e6127ad00501dba39ad6877d8c3f1e7,metadata_stripped,1619669630,1619756031,1676025497,15630.407222222222,15654.4075,True,True,True,True,,,,,,False,False,False,False,False
ca2-92a135a9bdbd676ee494,ca2-92a135a9bdbd676ee494.json,dc68137e96dd719bb5d7cc5b1901713d9f5dbd9e64a07fd711e8b2a07c69e791,ethereum,0xf4a21ac7e51d17a0e1c8b59f7a98bb7a97806f14,ethereum:0xf4a21ac7e51d17a0e1c8b59f7a98bb7a97806f14,c13da0a0fe7525a813dda91fd1e4cf28497e16e8d539fb91bf175da472f01787,8feea4a2624f7cc551bf45e4b024a5db5091bb8018e98d2bca301f9a0f219ba5,metadata_stripped,1749130367,1749216767,1755252815,1676.68,1700.68,True,True,True,True,,,,,,False,False,False,False,False
ca2-92eeb1ebc356ab25288f,ca2-92eeb1ebc356ab25288f.json,ef371e27fc03c9a9ed17568cfee4fcc1c2e52d13bd3d67342427be2b4bb95b54,bsc,0x2b45dd1d909c01aad96fa6b67108d691b432f351,bsc:0x2b45dd1d909c01aad96fa6b67108d691b432f351,c02e0d7ebf547cb79809c6a225c8a5ded6bc46115573dabe62bc2677b2b6fe05,40e5df2ad24644381db323377a71dc270b29c1271ca0369a0f0d570fa74a9683,metadata_stripped,1719029209,1719115610,1720697066,439.29333333333335,463.2936111111111,True,True,True,False,,,,,,False,False,False,False,False
ca2-93739b94fa0816bd6234,ca2-93739b94fa0816bd6234.json,fda34f03723e81469761bb9aa1ccef8ba9340d51f3c21914dd1567f1354f6a2d,ethereum,0x2409af0251dcb89ee3dee572629291f9b087c668,ethereum:0x2409af0251dcb89ee3dee572629291f9b087c668,7880887bc1bef905da0d5f4c5c744b4215a7b0d5e04892a70831d5395600c8da,67fc7feb4d616ccab68a57c5c3d7d6754418903841f3a210e5029ac6550d2290,metadata_stripped,1663606547,1663692947,1718264771,15158.84,15182.84,True,True,True,True,0x05bfa9157e92690b179033ca2f6dd1e86b25ea4d,,,,,True,False,False,False,True
ca2-93a5245378ac7422b320,ca2-93a5245378ac7422b320.json,6c892caa327830a16936a382c4beeaaab5cd22d7d49b356af414a51c178213da,ethereum,0x0ad8229d4bc84135786ae752b9a9d53392a8afd4,ethereum:0x0ad8229d4bc84135786ae752b9a9d53392a8afd4,78e81553e885f6dc44fd303a21aa11bdcfde39566fec9d16727d70fa024ddf08,6d7324162386a2314afa33035a61dd106f13e4b7f8f8d9d2d5527fe3639a0bde,metadata_stripped,1588825530,1588911953,1667919911,21946.655,21970.66138888889,True,True,True,True,,,,,,False,False,False,False,False
ca2-94a8114b86699da44092,ca2-94a8114b86699da44092.json,94c3568f8840c9d58dfab0caeba69a013618b23972004e537b23c9fd24587b9c,bsc,0x566777ed780dbbe17c130ae97b9fbc0a3ab829df,bsc:0x566777ed780dbbe17c130ae97b9fbc0a3ab829df,395424f2343fcc9728a2e78e9755c864a5ec29f69831d3bcc1980bbd7c8d5378,270bb755764633c4bb2c0901be904f5e9bbe55cfdf960f4a6c49c4e354b48c23,metadata_stripped,1719312771,1719399172,1719497760,27.385555555555555,51.38583333333333,True,True,False,False,,,,,,False,False,False,False,False
ca2-95b35bd7c797a707a0fe,ca2-95b35bd7c797a707a0fe.json,1d46370755fd9195255429dd0147e35b4015cc3fc0053b87dded5e74a1e420c7,bsc,0x8fd3d01cc65ea0e4dfffde7ec8159dc99a177f0a,bsc:0x8fd3d01cc65ea0e4dfffde7ec8159dc99a177f0a,eb2252b0e2ab02560f962bd4ff4546075166bdf9f1bfff57ec30137fef97ecf4,ea7f9def11a87f16e60b2678d6e61475ba9f7a630d855dce73fa84f83bb5c154,metadata_stripped,1660216770,1660303170,1752760710,25682.65,25706.65,True,True,True,True,,,,,,False,False,False,False,False
ca2-9653ab400e10fa0c044d,ca2-9653ab400e10fa0c044d.json,fe728a0ad096b6407138099fd7f92023e9630f39a7e4f60531a5fa7a0d0a452e,ethereum,0x2405913d54fc46eeaf3fb092bfb099f46803872f,ethereum:0x2405913d54fc46eeaf3fb092bfb099f46803872f,e2a9a383f0d237595ab261e1deca56ab305225bccfc091f8b6a87c0ca1eba86f,e2a9a383f0d237595ab261e1deca56ab305225bccfc091f8b6a87c0ca1eba86f,metadata_not_recognized,1673467163,1673553563,1703175035,8228.186666666666,8252.186666666666,True,True,True,True,,,,,0x4cb4e3d9e2032e4561ae93ec4815126371bbd0ce,False,False,False,True,True
ca2-969e97a830e1fdab4f58,ca2-969e97a830e1fdab4f58.json,5b93431a5c41a942c12df9826d1b10526dc77d3b737d783454c6b091cee257a6,bsc,0x6bbef6df8db12667ae88519090984e4f871e5feb,bsc:0x6bbef6df8db12667ae88519090984e4f871e5feb,5bf9d868fb3a0ebcf73171cd3b989a7df0f8cc9d775e9e495e7ccbf07f7ee82d,4f579b10306228bfc69ff6ea129be3f38b0b8289482776782357bbf3cfd7f101,metadata_stripped,1735796110,1735882511,1736332913,125.11166666666666,149.11194444444445,True,True,False,False,,,,,,False,False,False,False,False
ca2-96f365accfda88170b34,ca2-96f365accfda88170b34.json,2cd471e22425402fd8b667fe3b39b7d7de53c360bb4ad0b3de1b87fb79cc19c2,bsc,0xae975a25646e6eb859615d0a147b909c13d31fed,bsc:0xae975a25646e6eb859615d0a147b909c13d31fed,b6a140e933fdb70fca54defcd7a2e94bbe8014f373e0e99948f471fac07b7977,d45092df32e2eb5fede974e5e03343b59ecd0b04ae68c7adb267a0db6e4f7739,metadata_stripped,1666190773,1666277175,1666685916,113.53916666666667,137.53972222222222,True,True,False,False,,,,,,False,False,False,False,False
ca2-96f82ac8ed9b6f3e4f14,ca2-96f82ac8ed9b6f3e4f14.json,28b95a758c9abbbe6c515b97aa210c0e00c0378301876302a189a2e26371b8ce,ethereum,0x4deca517d6817b6510798b7328f2314d3003abac,ethereum:0x4deca517d6817b6510798b7328f2314d3003abac,b29f3fb7eefa0fbdc93c0f0d5c36c6e2aa5b488b6e31abcab76d3e648456f204,9dbac6b118f15b618390f84e0f9839efe5f41f1931bc7391561efacd0d872654,metadata_stripped,1603333553,1603419971,1658617788,15332.726944444445,15356.731944444444,True,True,True,True,0x35dd16dfa4ea1522c29ddd087e8f076cad0ae5e8,,,,,True,False,False,False,True
ca2-9896be8cb2fd2c2b336c,ca2-9896be8cb2fd2c2b336c.json,741694b5555eabf36280bc82de224346612716268ac04c71770f0f596ea6438f,bsc,0xef1f39d8391cddcaee62b8b383cb992f46a6ce4f,bsc:0xef1f39d8391cddcaee62b8b383cb992f46a6ce4f,e289c16e11d7e21b3481dd890e7dd91aed5bb258a98b4f0c2e419ec2d19c2617,3ed1c08e5e8e9ff51dadca886dafc5640ceb37ce7e082058136ccac1e4b3dbbe,metadata_stripped,1714717330,1714803730,1716972422,602.4144444444445,626.4144444444445,True,True,True,False,,,,,,False,False,False,False,False
ca2-98b03a49b7d20591238a,ca2-98b03a49b7d20591238a.json,d83f989c8b3fb1239110ca0c6ce26e2c9f4abb2e20457a9b665f9e3a8b942528,bsc,0xadefb902cab716b8043c5231ae9a50b8b4ee7c4e,bsc:0xadefb902cab716b8043c5231ae9a50b8b4ee7c4e,e437b6602131114c470f0a3621f180f89dc508adde6307a54bfd6da94c8a4e84,870c67e313ce015a4f073ba7a7be674015ae8b6ef8a6cd01c7e4bf726e16d26e,metadata_stripped,1625698289,1625784690,1750317289,34592.38861111111,34616.38888888889,True,True,True,True,,,,,,False,False,False,False,False
ca2-98f2e78eb7b0c6b2a380,ca2-98f2e78eb7b0c6b2a380.json,e31f0ba31f4ceb236ac7324229d01b447c74ff405b2d4c99c71dd0e5179c994d,bsc,0x2ba9d4a8c41c60b71ff7df2c3f54b008644b954e,bsc:0x2ba9d4a8c41c60b71ff7df2c3f54b008644b954e,ab89a0244c7e5a86aa8e1673b4c5b825db93bc406c7934e923ebb0a7c4548ac7,21aaaee65b8888b84b3233f12dea4e2077bf5c8c5e51ae3e1a0e9da53308f44a,metadata_stripped,1707737020,1707823421,1707862455,10.842777777777778,34.84305555555556,True,True,False,False,,,,,,False,False,False,False,False
ca2-99439e8d086734a4e7a2,ca2-99439e8d086734a4e7a2.json,84e911d2f30bd225987c72b18301d770ea886fbba0533d4273e12423e59a144d,bsc,0xa2b8a15a07385ea933088c6bcbb38b84c1051a58,bsc:0xa2b8a15a07385ea933088c6bcbb38b84c1051a58,21f150d433310481e6ea79505b4598f7398c78c414936ebb7e82c5e39b386743,30e80cc516ad0d043081da40702af0252a699757145e19bed84422f6cbdfee4d,metadata_stripped,1653536252,1653622653,1698662524,12511.075277777778,12535.075555555555,True,True,True,True,,,,,,False,False,False,False,False
ca2-9975357170a08c396c9a,ca2-9975357170a08c396c9a.json,fed3e8343822abef43441e72ccdfbb6d983ba1b376e535eeef9dfda4841ed054,bsc,0x8b7218cf6ac641382d7c723de8aa173e98a80196,bsc:0x8b7218cf6ac641382d7c723de8aa173e98a80196,ca0fec18837916e49cbcd622f6050be263be612c47ee07c6a3b5547f59ec776f,ee6b1a9579b3f1b669cddc34b8239c837ff08d24ca9d4b50ebaa31c04b15ce68,metadata_stripped,1649436813,1649523215,1649648386,34.76972222222222,58.77027777777778,True,True,False,False,,,,,,False,False,False,False,False
ca2-99c425ac31ee8abd76f2,ca2-99c425ac31ee8abd76f2.json,b58fab5d470634f2a7490809674361c9fdad5ecaf18f7adb4cc281067626bd1c,ethereum,0xbdb515028a6fa6cd1634b5a9651184494abfd336,ethereum:0xbdb515028a6fa6cd1634b5a9651184494abfd336,f493237b9d26fcb9d47fc3685d30e1e17c8302b5d84071394e77642cfa14cfcb,a9e9f47e85bce0571f5933d7bee02de9201c3766c8d14409c13c54e7092e7816,metadata_stripped,1665169355,1665255755,1677217799,3322.79,3346.79,True,True,True,True,0x21dbe7debd0ab102508cf03a055ece9056872e09,0xd06ef24eb2da8b3e5a042da39ec303dd9162e0a6,,,,True,True,False,False,True
ca2-9a214e9ce45a57c562e3,ca2-9a214e9ce45a57c562e3.json,e61e322b70e89633b5f99cfc7ff2b9b5bfd8ce915a6de19d3dbb0794108b2207,bsc,0xee6de822159765daf0fd72d71529d7ab026ec2f2,bsc:0xee6de822159765daf0fd72d71529d7ab026ec2f2,758e459ee0550f527c2a8347d8c51850f15462116b6f2ee151d88a86d37cbe78,ca7817e4e76f5e48e6d9c7a296dd1a1c1c328e927b5a2a02042b10ccee41416e,metadata_stripped,1712826916,1712913316,1718506650,1553.703888888889,1577.703888888889,True,True,True,True,,,,,,False,False,False,False,False
ca2-9aabe02b00ee6b15427c,ca2-9aabe02b00ee6b15427c.json,bbcd12fa7886d48c16240a33972be97b29110fcf8d85e841e35c46feaa98bd5e,bsc,0x7057f3b0f4d0649b428f0d8378a8a0e7d21d36a7,bsc:0x7057f3b0f4d0649b428f0d8378a8a0e7d21d36a7,3ddd4c517e085ebf7d53d3c67fc6a01d6256553792e0e9b258bfd0d5f88e405e,fd38c658f0388bcedf2d5f873c1d3290216c80584dae14290cc3f16b2fb5b16f,metadata_stripped,1721988896,1722075298,1725972049,1082.4308333333333,1106.431388888889,True,True,True,True,,,,,,False,False,False,False,False
ca2-9ab8788d5d7ac2a3947b,ca2-9ab8788d5d7ac2a3947b.json,8cc1dbdb5626a6d000a50894477dfff0924c5de509bb92148a305e2801a84a2c,bsc,0xf887a2dac0dd432997c970bce597a94ead4a8c25,bsc:0xf887a2dac0dd432997c970bce597a94ead4a8c25,220f6fd798db5e31c57f316da99e2869535d110d7ebd5f6d70ecf1a5da54a973,d8326f6d58ba0d4a0fbf4d7cfdbb29fe8a94a2ac3e2f88774694003f189e25a3,metadata_stripped,1636988843,1637075245,1673475201,10111.09888888889,10135.099444444444,True,True,True,True,,,,,,False,False,False,False,False
ca2-9b3232b290b3e5a209ad,ca2-9b3232b290b3e5a209ad.json,7631df5bd68347701f55d066a42e1b23067fc1b9cd77caab84f2807d03341234,bsc,0x5e5e28029ef37fc97ffb763c4ac1f532bbd4c7a2,bsc:0x5e5e28029ef37fc97ffb763c4ac1f532bbd4c7a2,aad4075e1cf26edab4ac021a93d99f56ed76522360d9837736c59f6ec27310e4,bc47d839fa04dce40b26a28f9cf89809f047d0b225e167206d2f11eaafc6d49a,metadata_stripped,1675560077,1675646478,1707966372,8977.748333333333,9001.74861111111,True,True,True,True,,,,,,False,False,False,False,False
ca2-9b437de06c56cc873e8a,ca2-9b437de06c56cc873e8a.json,e15859c38a99c15d373a75776f7575d69e887ceee8eb631fdd3c1de6df48aec7,bsc,0x17bd2e09fa4585c15749f40bb32a6e3db58522ba,bsc:0x17bd2e09fa4585c15749f40bb32a6e3db58522ba,f8e995d3115ac54b01cfffda88b97c25e15eba7b3b9455e3686f5720192a4502,973987be52bbdb0531429568e6678e8fe13745e92bc13c593a5fe27d49b09ac9,metadata_stripped,1635315662,1635402063,1711738753,21204.63611111111,21228.636388888888,True,True,True,True,,,,,,False,False,False,False,False
ca2-9c986971a7cb2a1d5317,ca2-9c986971a7cb2a1d5317.json,907724323e427a323833788bfde5c483bad03e52736865b39cfb22c2ba6091ec,bsc,0x6beee2b57b064eac5f432fc19009e3e78734eabc,bsc:0x6beee2b57b064eac5f432fc19009e3e78734eabc,e3f04d60afc1fd04377efac38f19a9ca6f6d4d0cb73f67ca77faa936869b33dd,36307880fabb433baaea0121ff90098ae12cdd4bae8cf3d891d2adcbd0808bbd,metadata_stripped,1728476126,1728562526,1728650125,24.333055555555557,48.33305555555555,True,True,False,False,,,,,,False,False,False,False,False
ca2-9ccf44443a293b02fdd3,ca2-9ccf44443a293b02fdd3.json,7ca2785f4be095a5d2cc9258900c1d990042e4cfdfb6cac7b2cf5f000892cd75,bsc,0xbe779d420b7d573c08eee226b9958737b6218888,bsc:0xbe779d420b7d573c08eee226b9958737b6218888,ad2a3ac4e7e4fe0f13f82634bfecbeec920021cc605e6f2cb3dbc209afe3105a,a1ee11ade351b6674d8ccb7ffa98ddc9967d9a191737081cb4f8d0b48ee974e7,metadata_stripped,1722177996,1722264397,1728120829,1626.7866666666666,1650.7869444444445,True,True,True,True,,,,,,False,False,False,False,False
ca2-9d4246988ce873fd7f25,ca2-9d4246988ce873fd7f25.json,2397a48dc5c82609f854ec7cafeb521422beda729d51021dbd2ce08bf0d15b36,bsc,0xef9a10d6abfd5d3aa345a008c0f9132ce4b23e70,bsc:0xef9a10d6abfd5d3aa345a008c0f9132ce4b23e70,cbd134ac8d285892d5d33ec1bf94dcdf1102a990b1046d1594cb286e9239697b,6f4cd91554d949a8ad8047da7543a1ed35a94f9b9b1e6c2159563c05819ba95c,metadata_stripped,1753439201,1753525601,1754414823,247.00611111111112,271.0061111111111,True,True,True,False,0x683280fe34c4f99c63c8c779867a1d67a572fb23,0xcb057fc408d22d2551bb03aecd4284fcbb933544,,,,True,True,False,False,True
ca2-9d76878011d42a78b09a,ca2-9d76878011d42a78b09a.json,97db2d6c1dcc8febe75692851751f769732a030bc0e526249194a53258771d3d,bsc,0xf2ca2a3572b26ae7c479dc7ae36d922113b1bdf2,bsc:0xf2ca2a3572b26ae7c479dc7ae36d922113b1bdf2,448bb49a1471c56f9c9d0a157a59fe0bd8f10ba86a2f08e900f25a5f4b971ad8,365a23c0633bca45b66888afbe7184a805fbd1cf2b3a87559b8463e4280de433,metadata_stripped,1777295932,1777382332,1782299710,1365.9383333333333,1389.9383333333333,True,True,True,True,,,,,,False,False,False,False,False
ca2-9ed4dcb42bc3e395722f,ca2-9ed4dcb42bc3e395722f.json,e26f28f670c44f710168e3f299c5b933c714f34ffa2d9543c6896b693669de3e,bsc,0x6f40a3d0c89cffdc8a1af212a019c220a295e9bb,bsc:0x6f40a3d0c89cffdc8a1af212a019c220a295e9bb,f493237b9d26fcb9d47fc3685d30e1e17c8302b5d84071394e77642cfa14cfcb,a9e9f47e85bce0571f5933d7bee02de9201c3766c8d14409c13c54e7092e7816,metadata_stripped,1639444799,1639531200,1673916857,9551.57138888889,9575.571666666667,True,True,True,True,0x1e62cdcdc1807b7eb703b47908c42955999b4320,0x1e4ae76bc2385a80470a40fa3b763674e62ed2b2,,,,True,True,False,False,True
ca2-9f2e70a7938c45f70a82,ca2-9f2e70a7938c45f70a82.json,500f4b854e40c6858db7cbad86b69e889d3ddad40ee51c66f9828e6850fa83ae,ethereum,0x7f3fe9d492a9a60aebb06d82cba23c6f32cad10b,ethereum:0x7f3fe9d492a9a60aebb06d82cba23c6f32cad10b,1699b775db16a20374ddde2b22d2a9ffbc7d4551739402f4c69a9b5f45522f3b,a183d9ec920409137bd5684a1adeaa02fcd6e941b96e22cb574fe07d2c07d266,metadata_stripped,1599093390,1599179801,1701484007,28417.835,28441.838055555556,True,True,True,True,,,,,,False,False,False,False,False
ca2-9f5117e07b7b2d16ed22,ca2-9f5117e07b7b2d16ed22.json,1cd6a4f5f0c67a4a81fc17f105e3adb68600465a1c3b1c5ce477c68e9b8c85c1,ethereum,0xf00a38376c8668fc1f3cd3daeef42e0e44a7fcdb,ethereum:0xf00a38376c8668fc1f3cd3daeef42e0e44a7fcdb,33ce02d66cc1cee30fbdc20c474d78bf1e50bc92cf539ef828e2568e4387bb48,cf6d34aba342588de66e2f6ba95a4ce2eb46f919adf64ab19c2b7a043c1da3ad,metadata_stripped,1606898354,1606984759,1634236643,7569.967777777778,7593.969166666667,True,True,True,True,,,,,,False,False,False,False,False
ca2-a03b0bc9fabb86e707cb,ca2-a03b0bc9fabb86e707cb.json,d8cbae632f370a884f3e6bcbbb5eb93a46d596ca583da3e25c45b3ade64594cc,ethereum,0x49ad262c49c7aa708cc2df262ed53b64a17dd5ee,ethereum:0x49ad262c49c7aa708cc2df262ed53b64a17dd5ee,bf407ff7978e2f98ebdcf2b57e9be543d436fa047a29ef2f8bc4a203cf49e82d,074c8cb14e46e504f56f89df5b33d1889292bac2d3b026818c7246a36a7cf22c,metadata_stripped,1697205827,1697292227,1702774127,1522.75,1546.75,True,True,True,True,0x36b05531e42231956793faa42541923a056bdfaa,,,,,True,False,False,False,True
ca2-a13694fcc2f9f05dda72,ca2-a13694fcc2f9f05dda72.json,3158f90e0b7b22c35e7440ae3fb23a580f9ab586c0e79858f4b30ea152194996,bsc,0xe65e970f065643ba80e5822edff483a1d75263e3,bsc:0xe65e970f065643ba80e5822edff483a1d75263e3,6617ba7eb39cb5083008ab9f681f99ba96da18306930ee96fdcda867779306c8,e034b691959cbb2514414b8fc11eb84deaf809c3d2d2a7ba6759854ef19af9f0,metadata_stripped,1668670304,1668756706,1668786556,8.291666666666666,32.29222222222222,True,True,False,False,,,,,,False,False,False,False,False
ca2-a1560cfd50c54f038ab4,ca2-a1560cfd50c54f038ab4.json,f833f96f33cbd2e2db22d7722e0929638b5ef440868bb9151ef81feec56013a9,bsc,0x4bbb53252b0cee84e6824e85989ea2eddeec25f1,bsc:0x4bbb53252b0cee84e6824e85989ea2eddeec25f1,d305f03a0fcaf9a607019615210b6c7560a05ce798cf321d2f5add222592da37,b0229762ad29a197497e046f245eb8b437d67e6cb860ca992acac6452e378ae7,metadata_stripped,1649479552,1649565952,1745767843,26722.7475,26746.7475,True,True,True,True,,,,,,False,False,False,False,False
ca2-a17aa054e6a4e68a65d6,ca2-a17aa054e6a4e68a65d6.json,9f4521493ebae8f988f6bbfc20344e7fe844c648e25c5c0aa350736e82f650c5,bsc,0xb38c2d2d6a168d41aa8eb4cead47e01badbdcf57,bsc:0xb38c2d2d6a168d41aa8eb4cead47e01badbdcf57,17d87fcdf44cc134fdd795362d20b2aa2617a19b9f44d731c881dac063e12c38,46c4a9ba98801948ee5e9a391d8ec70903dc5f79412c54a20ff4fd8c6b22233c,metadata_stripped,1703768054,1703854455,1704236951,106.24888888888889,130.24916666666667,True,True,False,False,,,,,,False,False,False,False,False
ca2-a1a34caf1169e8bc37ff,ca2-a1a34caf1169e8bc37ff.json,fd484cf7d9f3ea6eca5b20bc07e8cd10ff9bc0e01439fefddb78212b6fe221b0,bsc,0x7c77576a2b48504ebd9ff0810d799651f68742d3,bsc:0x7c77576a2b48504ebd9ff0810d799651f68742d3,f6fe08f3251270c0b6e046b017cda4b057a0f08bdb9750330de34e33456d21e6,289718136f62754961857b6bf00a37115237be7eff227d29cc79cc423016647f,metadata_stripped,1735312386,1735398787,1738416333,838.2072222222222,862.2075,True,True,True,True,,,,,,False,False,False,False,False
ca2-a20ccf47b4d8c4cfab79,ca2-a20ccf47b4d8c4cfab79.json,724817c3799d939c7c1565bb46c86706554d16552acbf7f98097591b2426f349,bsc,0xa8987285e100a8b557f06a7889f79e0064b359f2,bsc:0xa8987285e100a8b557f06a7889f79e0064b359f2,f493237b9d26fcb9d47fc3685d30e1e17c8302b5d84071394e77642cfa14cfcb,a9e9f47e85bce0571f5933d7bee02de9201c3766c8d14409c13c54e7092e7816,metadata_stripped,1652611304,1652697705,1654665480,546.6041666666666,570.6044444444444,True,True,True,False,0x0500f0ac1280d2b70e8775729b50d2b8c24a8cae,0x3a1657c731023118fde9c0fa38aca57ba706c6fa,,,,True,True,False,False,True
ca2-a21d0869309e8d547595,ca2-a21d0869309e8d547595.json,1675b67db503bd105c1c5ac80e8e31fb6024ee71001f66166218f1b8f70f25cb,ethereum,0xf2c8e860ca12cde3f3195423ecf54427a4f30916,ethereum:0xf2c8e860ca12cde3f3195423ecf54427a4f30916,ba70d98f1581c6e7f7e1456aa017e671d1c41e83124f1c4a7118585c250ba090,c2bdb1e460450dd09d3054e006022c29aae95aa6ca2f6b5664b3cb8f3c568b7c,metadata_stripped,1706598059,1706684459,1726188299,5417.733333333334,5441.733333333334,True,True,True,True,,,,,,False,False,False,False,False
ca2-a21e3c90faf447e22997,ca2-a21e3c90faf447e22997.json,f452e2756245629f0f26ab47b500c0ea62950c772d620c545255f9512f70f10a,ethereum,0x863e572b215fd67c855d973f870266cf827aea5e,ethereum:0x863e572b215fd67c855d973f870266cf827aea5e,461e7775790f3b5f9307d54bd93044bbed82fde400f8de26ebb5f2e3c155ebb2,728cd62c95e6df1ff9b13b023d4011d49d54dd508647e8eba4771c38c2bde524,metadata_stripped,1668065123,1668151523,1691566451,6504.1466666666665,6528.1466666666665,True,True,True,True,,,,,,False,False,False,False,False
ca2-a25eb49dc8b847fae718,ca2-a25eb49dc8b847fae718.json,88ec253473b283d14b4c434ecf43813e7929e37e735206fc40dd5f5bf30bd716,ethereum,0xd248b30a3207a766d318c7a87f5cf334a439446d,ethereum:0xd248b30a3207a766d318c7a87f5cf334a439446d,530d47788ec2ac1907763cf46c3e7ec149ed274b31f0b3af3e27ab7ab3b3398b,06fc0961eb25cc9c1754239ac14bcb10278b105e5990b3e4f9ef15642d391e70,metadata_stripped,1667835935,1667922335,1668012935,25.166666666666668,49.166666666666664,True,True,False,False,,,,,,False,False,False,False,False
ca2-a2f6f3e29675d1bc32f6,ca2-a2f6f3e29675d1bc32f6.json,2e83340e7159e1477e1f8793f3b0272f45667b1a0968edad556d23f224ba8add,bsc,0x72c114a1a4abc65be2be3e356eede296dbb8ba4c,bsc:0x72c114a1a4abc65be2be3e356eede296dbb8ba4c,389951f4cbde2312a9348e9b8a8224ab29c9a4c9312f665b5e212c8f5b2b35c8,b73f41a7cc568691dfcaf245a5d1364492bc439223d4b4c386d16c0cdb9755c9,metadata_stripped,1624585958,1624672359,1734552916,30522.376944444444,30546.37722222222,True,True,True,True,,,,,,False,False,False,False,False
ca2-a3eb07131d27e069a3d8,ca2-a3eb07131d27e069a3d8.json,53158e44faedd34d53037b730f5d0b9337cde5d269d97e69248ec1a2eac9d964,ethereum,0x6b7a87899490ece95443e979ca9485cbe7e71522,ethereum:0x6b7a87899490ece95443e979ca9485cbe7e71522,bc80e5b765da1d0f2eeee1bfeef654d027fe7d7e62e04302c8c54649fc51ac41,b8d48771e85769584501fdbac6d3baba47ccfe664a309d0cf99564ac47ec495a,metadata_stripped,1624013046,1624099454,1642612355,5142.4725,5166.474722222222,True,True,True,True,,,,,,False,False,False,False,False
ca2-a40aff558c4a5d19fdb1,ca2-a40aff558c4a5d19fdb1.json,2e8c4842f725464b2a191ae1f6a790f31a39725517d9714ae9eee7176da448a7,bsc,0xb7e1d1372f2880373d7c5a931cdbaa73c38663c6,bsc:0xb7e1d1372f2880373d7c5a931cdbaa73c38663c6,ec9c737dafc40dfe31c9d46ac0f6cb1f40180d31428a9a4e96453b036170fc2a,d5e73ae065b83b7b9cbac221036539be63438bddf79fba6147a1fc66fd6b95fd,metadata_stripped,1731435595,1731521996,1732464947,261.93083333333334,285.93111111111114,True,True,True,False,0x0df9d225ccfaa21ceb0b2ab6855b13dffa78d253,,,,,True,False,False,False,True
ca2-a517ebcd851bcd0a26cd,ca2-a517ebcd851bcd0a26cd.json,e9ab43701d753842c7813b696b31260106f1145703068cb59551ef6d43e7c2cb,bsc,0x32dffc3fe8e3ef3571bf8a72c0d0015c5373f41d,bsc:0x32dffc3fe8e3ef3571bf8a72c0d0015c5373f41d,d94cdfb6ef73277a394b22525e2e1366a1b04e4dfcc40be57b2fd69e4ed9d8fd,dd3ec8099f848e2875c2cb8f9ba69dab18488590cde7823aa442aa1b7b41000f,metadata_stripped,1600628503,1600714903,1622155008,5955.584722222222,5979.584722222222,True,True,True,True,,,,,,False,False,False,False,False
ca2-a5caf2554c14b71cf9ef,ca2-a5caf2554c14b71cf9ef.json,3cbd2a93c70728b029b8ebf56593422b319cef4bd88c1c525543edf90b3495b3,bsc,0xb000f121a173d7dd638bb080fee669a2f3af9760,bsc:0xb000f121a173d7dd638bb080fee669a2f3af9760,c9d19614ab8d6efa9ec75b223769133dc9f202574ff7faeb6c4baac97ede70c1,f394625ff33d4e1f285b78711104b428e744c06a30d4527eb62bc0c1a8f21dec,metadata_stripped,1695017370,1695103772,1713772917,5185.873611111111,5209.8741666666665,True,True,True,True,,,,,,False,False,False,False,False
ca2-a5e7a267cfa0aa860481,ca2-a5e7a267cfa0aa860481.json,68db287478e1a62d0aee61deab8dbbdd2d1d7a0872125382071e0856fb67df0f,bsc,0xe968d2e4adc89609773571301abec3399d163c3b,bsc:0xe968d2e4adc89609773571301abec3399d163c3b,549dbdc92469ca0e0409faf73a7848536b833a5e37ab06f5c804783c8f25f569,20a434d6f1f0301447ebe02d0dd2557bbb4c91f111cbfa5ea3ef3284646bbe12,metadata_stripped,1625011422,1625097823,1750418375,34811.264444444445,34835.26472222222,True,True,True,True,,,,,,False,False,False,False,False
ca2-a6061f6cad3a5884d6d4,ca2-a6061f6cad3a5884d6d4.json,fa4c36eb790452eaa0d57d6aec661bad082db02fe49775928eebd23924683657,ethereum,0xe7597f774fd0a15a617894dc39d45a28b97afa4f,ethereum:0xe7597f774fd0a15a617894dc39d45a28b97afa4f,618bd9baaa46f79630efec70bed70e259341a4a319ffdede26c8c13914710a62,e44f909afd2ca33ebe9f565053f2dc70f778b01068dfa672709fb6e2d784a5bc,metadata_stripped,1593107881,1593194283,1648281299,15301.948888888888,15325.949444444444,True,True,True,True,,,,,,False,False,False,False,False
ca2-a675d1938359eba4234f,ca2-a675d1938359eba4234f.json,8a793f763bee05c678a7facfb7493aaa74068c489bcf56aa13cc60996f6552b7,ethereum,0xe38b72d6595fd3885d1d2f770aa23e94757f91a1,ethereum:0xe38b72d6595fd3885d1d2f770aa23e94757f91a1,4ff062d750d601327425e02b548308f031feaf5640d524006ac5dab88e8e1122,d401ebc8809503a4c44afd14b5ed29a12e574fd851031119e9bab76ae40d9bf7,metadata_stripped,1618317255,1618403684,1643972076,7102.331111111111,7126.339166666667,True,True,True,True,,,,,,False,False,False,False,False
ca2-a7021cd43eafc6f1fd33,ca2-a7021cd43eafc6f1fd33.json,6c186c7170fb45e8bfe819d2c924404c2afa44a91f3378f647059b9ca9c0d890,ethereum,0x280a8955a11fcd81d72ba1f99d265a48ce39ac2e,ethereum:0x280a8955a11fcd81d72ba1f99d265a48ce39ac2e,fdf2ccb39ee9a555604926d3bfd7ebc389a3aee8fe60228cbd27306349ab788f,c45afdc4bc9a95584fc797e2dc81f1f317072b26f38f2e18f7b9bd1b8aa74b8d,metadata_stripped,1730020091,1730106491,1731573335,407.45666666666665,431.45666666666665,True,True,True,False,,,,,,False,False,False,False,False
ca2-a86a6b86d343ba9e3bdb,ca2-a86a6b86d343ba9e3bdb.json,a292ee9d289a4f23c79003a5ceff026484c10861776583b8b562ea7fb449fc55,ethereum,0x638a98bbb92a7582d07c52ff407d49664dc8b3ee,ethereum:0x638a98bbb92a7582d07c52ff407d49664dc8b3ee,de5e6c47f3ee8b66e78f6a6490f47eb4de27f80deab6909168515a0e53af2057,768f31fb6ba6da32c41d59484305f1782d2767bbf3f63be1b4b070b36137840a,metadata_stripped,1669879631,1669966031,1679032127,2518.36,2542.36,True,True,True,True,,,,,,False,False,False,False,False
ca2-a8ad072cb3fd37a5cfca,ca2-a8ad072cb3fd37a5cfca.json,51d0312828b6a80d3048dd66e41822642a3f2d53f4f0fbe4557b5420428e85d5,ethereum,0x37e49bf3749513a02fa535f0cbc383796e8107e4,ethereum:0x37e49bf3749513a02fa535f0cbc383796e8107e4,626f43b29a1ac93b7edc9d8d0b1b1e436451dc036283dc7e99252dadc5ead7bc,cc8e3afdfa2f07d19656ead5787424953d523ab1ebd18af1140c2e4e34fab3e7,metadata_stripped,1701635315,1701721715,1704975731,903.8933333333333,927.8933333333333,True,True,True,True,,,,,,False,False,False,False,False
ca2-a9052dd43a76ce42a994,ca2-a9052dd43a76ce42a994.json,66a754476e7b4b3e8ca8b61181f0aecd60310bb589240db2f27014b0a494af2a,ethereum,0xc310e760778ecbca4c65b6c559874757a4c4ece0,ethereum:0xc310e760778ecbca4c65b6c559874757a4c4ece0,61fa5a2156db454d23aa2af9b6cc702d6058edad760332ef821c7894ed3b732a,e3042c195fd3bfd6c5ce2190f924d5e874e96f9aeb45eadba2e820fbe71003f3,metadata_stripped,1621972089,1622058491,1702739279,22411.33,22435.330555555556,True,True,True,True,,,,,,False,False,False,False,False
ca2-aa385c0e97d08a3f6364,ca2-aa385c0e97d08a3f6364.json,e1c0c9ebcf6f3d5c84466915ad60f3eee2d6b60a075fcf9b3a137489ed13bae3,bsc,0xae975a25646e6eb859615d0a147b909c13d31fed,bsc:0xae975a25646e6eb859615d0a147b909c13d31fed,b6a140e933fdb70fca54defcd7a2e94bbe8014f373e0e99948f471fac07b7977,d45092df32e2eb5fede974e5e03343b59ecd0b04ae68c7adb267a0db6e4f7739,metadata_stripped,1666190773,1666277175,1666685916,113.53916666666667,137.53972222222222,True,True,False,False,,,,,,False,False,False,False,False
ca2-aa4fa44d86c046a9915f,ca2-aa4fa44d86c046a9915f.json,cad93eec9afbb37ecdfd15d2b4fd9a345aded77a52fa69174be0e67ba0fa526a,ethereum,0x48afbbd342f64ef8a9ab1c143719b63c2ad81710,ethereum:0x48afbbd342f64ef8a9ab1c143719b63c2ad81710,e518057ee9772b6d5ad104f0c0cbae96d42e5543dcaaff3b39257089ab5fe699,12487716809e31b6703ad3c3701d7188dfe813e4e04c5ba3968c4261bc8c1a7f,metadata_stripped,1689286631,1689373031,1750147367,16881.76,16905.76,True,True,True,True,0xb112841c67d94d9536d356631224340e2ef27b39,0x806f870ee04a2cc8bf2ad053baa5ed9999a1f182,,,,True,True,False,False,True
ca2-aa939f9f7f959ce19c8f,ca2-aa939f9f7f959ce19c8f.json,9a528c89c6241dcb166f1ae4d1ccba083bada9e06e3e28d5fdafac8e5b6ceea4,ethereum,0xad444663c6c92b497225c6ce65fee2e7f78bfb86,ethereum:0xad444663c6c92b497225c6ce65fee2e7f78bfb86,b8697de3d5fde7c207e34833e6e1cf567e7c032ce09ecbd37bcfa6565a44e2ce,b8697de3d5fde7c207e34833e6e1cf567e7c032ce09ecbd37bcfa6565a44e2ce,metadata_not_recognized,1742421467,1742507867,1772420411,8309.04,8333.04,True,True,True,True,,,,,,False,False,False,False,False
ca2-aa992d5980e00838b209,ca2-aa992d5980e00838b209.json,6c4f7b55d8bb0d256e829798adc0372ccfaa9cc14d31647ac6a6c87978a75f32,ethereum,0x91383a15c391c142b80045d8b4730c1c37ac0378,ethereum:0x91383a15c391c142b80045d8b4730c1c37ac0378,b5fa17d256c693e8c6e7402853192fc291835cb40f5653a98f73d0287862ee7d,6388a9f65d500cab629cbfbc74ee137442cd97ffbf80a39bf1235b250dea8011,metadata_stripped,1611464526,1611550964,1660075453,13479.024722222222,13503.035277777777,True,True,True,True,0xf4d903941d2682b218ddb2281e64550fba130d9b,0x313685511044e64291aca8a652ea8924885bd3de,,,,True,True,False,False,True
ca2-aa99cf4dbaf4c7bb8459,ca2-aa99cf4dbaf4c7bb8459.json,82eca54327142d41e274717bede13b400516ab1de009cfd1614f41082d2e16b9,ethereum,0xe4764f9cd8ecc9659d3abf35259638b20ac536e4,ethereum:0xe4764f9cd8ecc9659d3abf35259638b20ac536e4,94a196a341b14f1fadc17c43663a6e78aac7cd3f303e4fa4088a31fb20d22aa9,c0def68cc0195dc9ddc3904c194d32fd4154e9834be52560f8f184668a9ae5ae,metadata_stripped,1696291055,1696377455,1707977315,3222.1833333333334,3246.1833333333334,True,True,True,True,,,,,,False,False,False,False,False
ca2-ac986ab36ff83135b05f,ca2-ac986ab36ff83135b05f.json,749cde2c8879af84eb405bb8513f9628bc6a91980a2121a40f272a96a83b6907,bsc,0x633fa755a83b015cccdc451f82c57ea0bd32b4b4,bsc:0x633fa755a83b015cccdc451f82c57ea0bd32b4b4,4e4cb6beece080e6998f710f783aaf13c3cf441766658f5a326aa7449791bb60,d863ee2961ec18f4626200616fbe06401a5a83b5891d0e00ec0ed35ec61d9e7f,metadata_stripped,1639373524,1639459924,1647129867,2130.5397222222223,2154.5397222222223,True,True,True,True,,,,,,False,False,False,False,False
ca2-acd1e6758fc18c6f0e76,ca2-acd1e6758fc18c6f0e76.json,42806311f8f0d03166c5266ae61fa9d5c9a60e9f057638e85fef6cd2c22978c7,ethereum,0x2d0e64b6bf13660a4c0de42a0b88144a7c10991f,ethereum:0x2d0e64b6bf13660a4c0de42a0b88144a7c10991f,c1f272e75c9a3f6dc264ca705c33d65208e4a71b8b192e8d4ab06ee3446a1701,61f93e5e365e2fce0eeb36446e86eb887d423750159372037844c25637b6624e,metadata_stripped,1624128335,1624214747,1674717035,14028.413333333334,14052.416666666666,True,True,True,True,,,,,,False,False,False,False,False
ca2-ad9d57e62841ea9096b7,ca2-ad9d57e62841ea9096b7.json,eafb160584abe9bda307a92cd46cb376c1c0d7c7ea20f023b97df277f9e930b5,ethereum,0x4822d9172e5b76b9db37b75f5552f9988f98a888,ethereum:0x4822d9172e5b76b9db37b75f5552f9988f98a888,c7ffd2273d8ca57ca4d6ca7a56d73958fb4c56c478b8a3b38f3ad150e1f345dd,6388a9f65d500cab629cbfbc74ee137442cd97ffbf80a39bf1235b250dea8011,metadata_stripped,1631040072,1631126472,1773144599,39449.47972222222,39473.47972222222,True,True,True,True,0x1d591ba6ae10a6eb4050e1acbbb2d0be899e61f2,0x94db9b9d725a39f01816987dedc6fd00d58dce65,,,,True,True,False,False,True
ca2-adacb53105e39eebae4d,ca2-adacb53105e39eebae4d.json,a6f89cc2b46b0ce98a803446c825e529961b52a6515e2ccdb44213d1fb9459b1,bsc,0xe56842ed550ff2794f010738554db45e60730371,bsc:0xe56842ed550ff2794f010738554db45e60730371,fcc7e72bd98dc009d7f771d25dba7fd4cb2b8a46992b68c3f1ae280173da6604,65cd9a2d9b614f7502f70c02a5a2d5f0e88ffdfcba1a0902beea5c2dca4ff695,metadata_stripped,1629781437,1629867838,1710126485,22294.06861111111,22318.068888888887,True,True,True,True,,,,,,False,False,False,False,False
ca2-af464f834697310f7d30,ca2-af464f834697310f7d30.json,998acaac03f6be63c71571e96199cd8e1bd56b0f31998b1391545791c411cc8d,ethereum,0xfd11aba71c06061f446ade4eec057179f19c23c4,ethereum:0xfd11aba71c06061f446ade4eec057179f19c23c4,6363f11982186f002752d67976cc2e2307a802cdaa09d6946cdda8106c774941,7f5839260458b68a9cad21c5a2ae726945c41ef9d183ce68ea5ce52ae6f4fdf1,metadata_stripped,1670829275,1670915675,1699656227,7983.486666666667,8007.486666666667,True,True,True,True,,,,,,False,False,False,False,False
ca2-b141324cdd440e7feb3e,ca2-b141324cdd440e7feb3e.json,7ef258ab4d3e7ccb644f27c4c72da0ab2ebbdb17f2056a73ba8c0513314ef05e,bsc,0x70678291bddfd95498d1214be368e19e882f7614,bsc:0x70678291bddfd95498d1214be368e19e882f7614,65a2533db4390b56f0a55daed68df77275a4a003ca284c1d7686ce404414da90,458fc8415a39ab262773c5ead8cd35aa5145c2fdfe09b13b8c794f4a9047ddaa,metadata_stripped,1655825598,1655911998,1669141375,3674.8269444444445,3698.8269444444445,True,True,True,True,,,,,,False,False,False,False,False
ca2-b15231d961b437b62264,ca2-b15231d961b437b62264.json,c7ab14c1e1a79352c5a9d55060dd74cc9bee3991ca6f6f6e7f5c0a534090e5c1,bsc,0x84be9475051a08ee5364fba44de7fe83a5ecc4f1,bsc:0x84be9475051a08ee5364fba44de7fe83a5ecc4f1,c7b0ef819d947509061924144c9e53f04a79e20faaea1d590009b8fd28b38a3d,dd11d5255249ef7a593764fbddfe3e5b45d0855db11d23c71ce4ee90a157f7f5,metadata_stripped,1679575608,1679662010,1686479866,1893.848888888889,1917.8494444444445,True,True,True,True,,,,,,False,False,False,False,False
ca2-b40a4160faf772fbf6c8,ca2-b40a4160faf772fbf6c8.json,efc05e43311dbdd92adbfa40d51e2f645c71e25cb661a34b46e75bee72692690,base,0xb6333e994fd02a9255e794c177efbdeb1fe779c7,base:0xb6333e994fd02a9255e794c177efbdeb1fe779c7,7b424f7928b6a4f38f2648100878bbe8be83f0afd727a84e165fdfb3b48846fa,4dc067701407dec4c979c681b100265ad9e2ddd9a11cdfe02beb4dc5e3d56ed1,metadata_stripped,1735524477,1735610877,1737651349,566.7977777777778,590.7977777777778,True,True,True,False,,,,,,False,False,False,False,False
ca2-b4208a8c5bb1d965b99f,ca2-b4208a8c5bb1d965b99f.json,8f6d10ce422fbfc98a2d63109fb0bca4d21bd3467b497932aae4c9de1a1fd710,base,0xec942be8a8114bfd0396a5052c36027f2ca6a9d0,base:0xec942be8a8114bfd0396a5052c36027f2ca6a9d0,e158d05fd646ef5c108a89436366b7622c867256afe0b28a7f624e27a349e7aa,cf552930f71b1fd768bbb7cb256f13016632a8df239689c3ff8ea0195896ad64,metadata_stripped,1691114329,1691200729,1771178673,22216.095555555556,22240.095555555556,True,True,True,True,,,,,,False,False,False,False,False
ca2-b47e7dc1b2b6c8992cce,ca2-b47e7dc1b2b6c8992cce.json,2a9b4e17bc5fbd8c6c3565fae5aecec5a5db009a0a179eb100880c6a4f420e97,ethereum,0x05641e33fd15baf819729df55500b07b82eb8e89,ethereum:0x05641e33fd15baf819729df55500b07b82eb8e89,caf0475926248ff4f6d3edfe51c1832397c25c5be73be2db52d627d1c8bd43f2,caf0475926248ff4f6d3edfe51c1832397c25c5be73be2db52d627d1c8bd43f2,metadata_not_recognized,1735578803,1735665203,1735737743,20.15,44.15,True,True,False,False,,,,,0x539d54074e052ae82de4936ae6bb213ab773559e,False,False,False,True,True
ca2-b5392852b27dc3299291,ca2-b5392852b27dc3299291.json,4bb95b90a55e8be2e2964edb803fc1bd1b65dd02e88cd9762a641afdf2fc3633,bsc,0xd2f26200cd524db097cf4ab7cc2e5c38ab6ae5c9,bsc:0xd2f26200cd524db097cf4ab7cc2e5c38ab6ae5c9,bdb483d558280468d740587d29f54053e32a2c6a9f28e79822f7da0c4c000be4,96101a3e50c76a6e0ccf12eaad4a1359b4e829631fc7c9afe307e414509589af,metadata_stripped,1757296021,1757382421,1758135745,209.25666666666666,233.25666666666666,True,True,True,False,,,,,,False,False,False,False,False
ca2-b54a80c704cbcc128875,ca2-b54a80c704cbcc128875.json,8672701a6253a99f3feee04bce6b86bc678ca60fab8d70839f6874520249b2f3,bsc,0x6ce69d7146dbaae18c11c36d8d94428623b29d5a,bsc:0x6ce69d7146dbaae18c11c36d8d94428623b29d5a,5300e689362f834700cd7223108a096abf37a906be93208a7019c97678543ae2,a6f9c4d4cc70e18ec377b23dc33b76ed7d0ba923e3204b9af5555f3b41afa9b3,metadata_stripped,1751458943,1751545343,1752687066,317.1452777777778,341.1452777777778,True,True,True,False,,,,,,False,False,False,False,False
ca2-b5a8e682aba465a7a0f6,ca2-b5a8e682aba465a7a0f6.json,4b7bf769e682078281792638809bec41871d9f6cf3ff121f20dc4077a5166f23,bsc,0xd188492217f09d18f2b0ece3f8948015981e961a,bsc:0xd188492217f09d18f2b0ece3f8948015981e961a,65f9db61df14109ff165eb5b6ba869b3cd2194b5d536bfed7ca77524e8aefe59,4a3efcda36022b8aa1ab0a72b5466df88687e3e619be105f109432b549c54d19,metadata_stripped,1702954890,1703041290,1709713835,1853.4847222222222,1877.4847222222222,True,True,True,True,0x1eabb7b90fac3b4143c551a02b41e741f7457efa,,,,,True,False,False,False,True
ca2-b68f8de37da66632724d,ca2-b68f8de37da66632724d.json,9956f19528b1d69c1b4a9c76693fa30dca095dcba286b618e881c839e01a0b7b,ethereum,0xe11fc0b43ab98eb91e9836129d1ee7c3bc95df50,ethereum:0xe11fc0b43ab98eb91e9836129d1ee7c3bc95df50,95923461ae0d5b7cf39b19bebb57e3ce563649e60cd030c0acf0e3b86d93a8d9,c245b77406d83ba61ede124537041a573311691e93953c127351d673918e0826,metadata_stripped,1610279842,1610366246,1611514045,318.8330555555556,342.83416666666665,True,True,True,False,,,,,,False,False,False,False,False
ca2-b6eef501c6bfb6ae40e1,ca2-b6eef501c6bfb6ae40e1.json,9006a534980ba8c8803bdca3326a7537f4e07c2c7f90b2a2b0fd2f293322bd1e,ethereum,0xacd43e627e64355f1861cec6d3a6688b31a6f952,ethereum:0xacd43e627e64355f1861cec6d3a6688b31a6f952,1b9a8373e8b5bd0653fb47bed3d76adf1000b6822bf1b61258fe4de43d1802ff,a8dd6576e26d22e9adc2069144ea2869ff3df319f1a6dfbbda96c2c0ee766ca9,metadata_stripped,1597301808,1597388218,1612473157,4190.260833333334,4214.2636111111115,True,True,True,True,,,,,,False,False,False,False,False
ca2-b742b64a4c493234640e,ca2-b742b64a4c493234640e.json,58b436dd664a8a442d7dfeccf4f36ebb20ddcdd7504ec0796667ee228dc96b19,bsc,0x86e06eafa6a1ea631eab51de500e3d474933739f,bsc:0x86e06eafa6a1ea631eab51de500e3d474933739f,b0ea5e4a5391ba147e37deff73fe8d3df92a68d80688931fbacbda1920023928,e0197e8d96a3b8b32120aedd14315e74d71cfac0c06fd41a7edb03dd12ba0e8d,metadata_stripped,1737992003,1738078403,1773575717,9860.365,9884.365,True,True,True,True,,,,,,False,False,False,False,False
ca2-b76182b1e2e51faa9428,ca2-b76182b1e2e51faa9428.json,95ad18a40c835b120b3e0bc7d5e52effa8f62049f4f5c233d55219bc6b938bb0,bsc,0xa608985f5b40cdf6862bec775207f84280a91e3a,bsc:0xa608985f5b40cdf6862bec775207f84280a91e3a,0217a39c992d136f6d58e09103c7e55f41a492eef5e159e951995b61b0391b18,f31aaa5cd1af940ea3cdcdfc31120b0b8ed67bc1075bc6d79455f5021f8a6325,metadata_stripped,1713865554,1713951956,1714043882,25.535,49.535555555555554,True,True,False,False,,,,,,False,False,False,False,False
ca2-b7ed9e346aa4cb6ca834,ca2-b7ed9e346aa4cb6ca834.json,5ccd313a9d5ac9b7cb1793f73d070084f65d979af001edc79e9262fef553cd75,ethereum,0x951d51baefb72319d9fbe941e1615938d89abfe2,ethereum:0x951d51baefb72319d9fbe941e1615938d89abfe2,e178982cdf11b144860f3ab92ba1414baa168d20fca044835eee8c0a4ab079d9,7346dbbadcd3494fdec2fbf15705d8d15c2cb376f7379815805ae80f39a27c98,metadata_stripped,1596146843,1596233254,1596534115,83.5725,107.57555555555555,True,True,False,False,,,,,,False,False,False,False,False
ca2-b7fe5ed86edfbd9edb3a,ca2-b7fe5ed86edfbd9edb3a.json,9e75c18a5e201b7bd7db47fc288a8b440cd7e4bd976195ed488828f1ee6b2d4b,bsc,0xd309f0fd5c3b90ecfb7024ede7d329d9582492c5,bsc:0xd309f0fd5c3b90ecfb7024ede7d329d9582492c5,53a12ca3f3c70b5c8a843fb3cf44cac50223b4465baf5a8bf2ead88616baaf96,a279512e0068a4826947c4534c2c865f8043d9e84c66686a9591c46b5ec888a0,metadata_stripped,1710066786,1710153186,1712557813,667.9519444444444,691.9519444444444,True,True,True,False,,,,,,False,False,False,False,False
ca2-b801a4d001ea7844b2c0,ca2-b801a4d001ea7844b2c0.json,6e4e073882e8ad0b694496db179435d6aac2e1df6fa8d939948ca604df4e9b66,bsc,0x7db3cbaf736c049933a3af28dbed4a4442aa89d0,bsc:0x7db3cbaf736c049933a3af28dbed4a4442aa89d0,4f54034ec32b510e8777e7c7a4ccacd6001ec292a8062fc44e7be1ab8b9e8713,0d1dfbf4d1726ed688091014221ecc7065ed1e63447e8ef993bd65b72b102118,metadata_stripped,1647411927,1647498327,1782592023,37526.026666666665,37550.026666666665,True,True,True,True,,,,,,False,False,False,False,False
ca2-b89108fafba359a9828c,ca2-b89108fafba359a9828c.json,553f90162eaa87c7d57cf6356e1abf7356391b38bac91da7d9705493cab8117e,bsc,0xc321ac21a07b3d593b269acdace69c3762ca2dd0,bsc:0xc321ac21a07b3d593b269acdace69c3762ca2dd0,2e3ec1bd7d6e2e7d3af426153bfcd159cb0df319200c61e0f5e4aef4e818e8d0,bad41c17403a1c7be3156399b3e89bf931c3611623815840a999d7c7c945906c,metadata_stripped,1751543260,1751629660,1751728595,27.481944444444444,51.481944444444444,True,True,False,False,,,,,,False,False,False,False,False
ca2-b917178685db1ed39d90,ca2-b917178685db1ed39d90.json,31289e88529782a2a960be6ddc6641c03b509c0305188c90a39d72161dda27a9,bsc,0x42e2773508e2ae8ff9434bea599812e28449e2cd,bsc:0x42e2773508e2ae8ff9434bea599812e28449e2cd,1177b5393d38fac1ec0ff9db20449e05cce85bc95f79703703f5c46b93284c2a,7a05bd89967854437052a1b9fc0d4454dd51a52622367a5debd17992d9b8c6d7,metadata_stripped,1737043575,1737129976,1745692987,2378.6141666666667,2402.6144444444444,True,True,True,True,,,,,,False,False,False,False,False
ca2-b9b0485322ceb6ce33a3,ca2-b9b0485322ceb6ce33a3.json,3c65296d7bae31ea88089cc749650311cca19a2944987d4c29b4aafac5b5c516,ethereum,0xe3a0bc3483ae5a04db7ef2954315133a6f7d228e,ethereum:0xe3a0bc3483ae5a04db7ef2954315133a6f7d228e,fc5b0fdc606f642b037f879e0b2ba0d0016a395a6b97dd13db827ba88cec6427,12b9e4167b1d3a12d6f07bdeb8d87b54779683893c7830e45b57916bf1897616,metadata_stripped,1722259787,1722346187,1723560119,337.2033333333333,361.2033333333333,True,True,True,False,,,,,,False,False,False,False,False
ca2-b9bec467ee94f3fb52c2,ca2-b9bec467ee94f3fb52c2.json,1a726cf3b09e3346ef06ef9768398b5e8e6d41de4b279308c1bd19571e4d4e3c,bsc,0xf6876f6ab2637774804b85aecc17b434a2b57168,bsc:0xf6876f6ab2637774804b85aecc17b434a2b57168,51c2d99c45acf3049429ed5847d73aeb155b088c8f13eea92b0fcf71f2c193db,9c8461c481fd04d8ab0bac0603f1b2a36ebdd8f15585005c09d531257a6b94ec,metadata_stripped,1696645713,1696732114,1697634564,250.68055555555554,274.68083333333334,True,True,True,False,,,,,,False,False,False,False,False
ca2-b9cedafde58efbfc26fe,ca2-b9cedafde58efbfc26fe.json,6997f8ee2a7a566d4ff0b822a5e1c6e10ae663960835b9382d62ad5bdb29ba7e,bsc,0xc6cb12df4520b7bf83f64c79c585b8462e18b6aa,bsc:0xc6cb12df4520b7bf83f64c79c585b8462e18b6aa,e2ccbe617e5f4749d5e91bca44c36a693d1b3cee0448e34cb232e2beb54739bc,4aa8f2e1fac22a85e11d80302f8be0dab20fdd3c4b9e2a50d27d9013bb383384,metadata_stripped,1621628156,1621714556,1675071422,14821.351666666667,14845.351666666667,True,True,True,True,,,,,,False,False,False,False,False
ca2-ba0418d74fad65f2483c,ca2-ba0418d74fad65f2483c.json,9f6ce760d2f2910b43fb2d9f16723b801ee263c547c98c42426929c39f5ecb51,ethereum,0x3541499cda8ca51b24724bb8e7ce569727406e04,ethereum:0x3541499cda8ca51b24724bb8e7ce569727406e04,ba931d07593fa4eadd32b846604977c90fca7a14bcd8b75a4a613da5a5ea453d,81a5c482cc7930721c5b9b6edd20b6cb3b5d8ae7ffce92e1ae2f59093911a42c,metadata_stripped,1705597763,1705684163,1710232307,1263.3733333333332,1287.3733333333332,True,True,True,True,0x464120b7104a99c8fec863e8643bbaca93e7ac64,0xae67d50fda6e3ccce040bc588e26b15a2f568a58,,,,True,True,False,False,True
ca2-ba570d8f796dcaeae5f2,ca2-ba570d8f796dcaeae5f2.json,c73c2284537b16de180d66488c28cb2e801b37de0eb5768b1e650772cff1f821,ethereum,0xa3d0e72c8a2fe9127a77412bf34bee5e4945bd49,ethereum:0xa3d0e72c8a2fe9127a77412bf34bee5e4945bd49,50a9e3ddae3d125128c8689a9c8811c2722d846c1412c627f7d07b08c10ead72,b0b709b9327cec3270682dc89241794957a8e0ae3d56535bcd79a2f4aa250efc,metadata_stripped,1693679855,1693766255,1739266571,12638.976666666667,12662.976666666667,True,True,True,True,,,,,,False,False,False,False,False
ca2-ba88d4267adf9e3ccd48,ca2-ba88d4267adf9e3ccd48.json,bf741d266e10305d9348278ec3d80dd642458218de5589b7abc254ddde206a18,ethereum,0x204b937feaec333e9e6d72d35f1d131f187ecea1,ethereum:0x204b937feaec333e9e6d72d35f1d131f187ecea1,d4cf8ae23d0aac6bf3163ddac21253ff9aea052387c6c768080b33384b8b4978,49f68acf585a70eb31cc32f7db67e43e94e2e3e90e5d0f94295bea415f73006c,metadata_stripped,1578286607,1578373011,1756637423,49517.892222222225,49541.89333333333,True,True,True,True,,,,,,False,False,False,False,False
ca2-ba9bcac83757e0db9b90,ca2-ba9bcac83757e0db9b90.json,6908085c9b1444d435173055250a1f7be88d21df32dfa955bf06cb6540c9b1dd,bsc,0x9ad90eeab3caff64a762cb40387ee1bb18bd31e3,bsc:0x9ad90eeab3caff64a762cb40387ee1bb18bd31e3,da9a62a2e444280f486053aa2308b79b72543cd5a3219219a340d0b0833a1b61,6c2d3660f11e88e9b67d632fb52c129065a0920ab4371d7ebc37f7f05ad211bb,metadata_stripped,1738932318,1739018718,1739073552,15.231666666666667,39.23166666666667,True,True,False,False,,,,,,False,False,False,False,False
ca2-bc3880c8e3766b6a9ca4,ca2-bc3880c8e3766b6a9ca4.json,34664401a0b87d226ca03b39a4f4290d56ed364e1d1714c0606a0cc2bf118ad6,bsc,0x384b9fb6e42dab87f3023d87ea1575499a69998e,bsc:0x384b9fb6e42dab87f3023d87ea1575499a69998e,ef8a9bd5968e50d5f5b4232949d241705f25dcbc8f096c64721cb0cd43f4909a,850bb95628d34db38a128cc5a4377ab5e86a841c9c27bf13b541a35541a05058,metadata_stripped,1686967718,1687054118,1736501998,13735.522222222222,13759.522222222222,True,True,True,True,,,,,,False,False,False,False,False
ca2-bd6decf7c8f8dfbaca40,ca2-bd6decf7c8f8dfbaca40.json,c09e316b892f34113ad160b7cac050ed577e0b2f11971317943a2d90d7e08a57,ethereum,0xde46fcf6ab7559e4355b8ee3d7fba0f2730cddd8,ethereum:0xde46fcf6ab7559e4355b8ee3d7fba0f2730cddd8,a9a9d69bcbb5ec59f688f943b09d01a50ef9a0a264bedd883b0e382386b385b8,e7a7acd60eb7e65cad644807ded009fbfbcf6f91b13bf81ac7eef28fca0ca1b4,metadata_stripped,1589592695,1589679101,1706851715,32547.948333333334,32571.95,True,True,True,True,,,,,,False,False,False,False,False
ca2-be2ba09219e40ecb6cb2,ca2-be2ba09219e40ecb6cb2.json,364c71a197644785ba4a2f59fa46355e751a3dc0ed8f203b59d04f8f7633de4a,ethereum,0x7259e152103756e1616a77ae982353c3751a6a90,ethereum:0x7259e152103756e1616a77ae982353c3751a6a90,47079181df3c7716ffc94a29df31020bf9be2ed5d81602c009a89eec032bfe4c,47079181df3c7716ffc94a29df31020bf9be2ed5d81602c009a89eec032bfe4c,metadata_not_recognized,1675092527,1675178927,1706609663,8730.76,8754.76,True,True,True,True,,,,,0xc4113ae18e0d3213c6a06947a2ffc70ad3517c77,False,False,False,True,True
ca2-bef4fd38f1af5d45d83a,ca2-bef4fd38f1af5d45d83a.json,3e56ca53b378f831a633f8d782940b1a834293bb3dd394da5ab313f50c4ba3f4,ethereum,0xa0ff0e694275023f4986dc3ca12a6eb5d6056c62,ethereum:0xa0ff0e694275023f4986dc3ca12a6eb5d6056c62,d6e994b95de1b3f5a09d0fcccf307faf61e6f1eed05d54daf6cf67972b2a2693,0bbea5d72854fdc6c2559c927e10228eada23e2f724d46a99dc32ec6862752d2,metadata_stripped,1611120210,1611206617,1631645258,5677.400277777778,5701.402222222222,True,True,True,True,,,,,,False,False,False,False,False
ca2-bf6bdd3510f2428b0575,ca2-bf6bdd3510f2428b0575.json,50e5699ee826e85d7e00de5123094ec764f5abe19197a9c71b655eda5a166338,ethereum,0x39360ac1239a0b98cb8076d4135d0f72b7fd9909,ethereum:0x39360ac1239a0b98cb8076d4135d0f72b7fd9909,a5f1254d10d3b7ac7e088a7fd354d975bb2c414c3e51750abaf7db4f318d4f10,44dc59efe4b20bba5d9ab0de0a680ac713e0e2c456b3fbe71f1af0eea863c4e9,metadata_stripped,1654433033,1654519437,1656244413,479.16,503.1611111111111,True,True,True,False,,,,,,False,False,False,False,False
ca2-c066d2de3bfd20c10ce0,ca2-c066d2de3bfd20c10ce0.json,a8082841cbe3e1075607fdd1a4cf6adc47ded85f5050906e86983dbb72053b59,bsc,0x9823e10a0bf6f64f59964be1a7f83090bf5728ab,bsc:0x9823e10a0bf6f64f59964be1a7f83090bf5728ab,501a8c0591bbe1d244711e85145406767347d0825c48a8db8193657acd8f8ab4,91869542eaedac01050b308527fde4d2b9a6a85c0dfc7b64ebf093a227343720,metadata_stripped,1630397030,1630483430,1740111790,30452.32222222222,30476.32222222222,True,True,True,True,,,,,,False,False,False,False,False
ca2-c15651f1b54afa97c39e,ca2-c15651f1b54afa97c39e.json,014ccd755ee56a09797693f147f5935a6c3cd03acad36e4b30a4c8bd1e37fc8b,ethereum,0x55f93985431fc9304077687a35a1ba103dc1e081,ethereum:0x55f93985431fc9304077687a35a1ba103dc1e081,080f525e171fb2366b673bce714ca5f5f527b238ef34441b8778c56d8e5e543d,5dc53eb16292d4a4787023332ec8aab8f31dd358cd5902a8427a50befb7f6512,metadata_stripped,1512807713,1512894128,1524597379,3250.9030555555555,3274.907222222222,True,True,True,True,,,,,,False,False,False,False,False
ca2-c18bc2a1d0fa9e55db58,ca2-c18bc2a1d0fa9e55db58.json,c39db555285b4bc447dc1716f48bdd77ba1a8b6eee8e0c71c57acd07f310deea,ethereum,0xb91ae2c8365fd45030aba84a4666c4db074e53e7,ethereum:0xb91ae2c8365fd45030aba84a4666c4db074e53e7,a648e0a2c951675aa934fe7b1c7f6d79e16d260091689a8fbb3cd686c0e3fb9f,cdd49111fc3990de4e1dce8b0309e131e91286b6383e5e4c7d44f1861ac84f79,metadata_stripped,1740065579,1740151979,1743315671,878.8033333333333,902.8033333333333,True,True,True,True,,,,,,False,False,False,False,False
ca2-c2f4de8010f571d74d0d,ca2-c2f4de8010f571d74d0d.json,140ae4d8c9f472108d80e3903e5419f7dd5fc06b6f858508a545972341493b51,ethereum,0xe2fe530c047f2d85298b07d9333c05737f1435fb,ethereum:0xe2fe530c047f2d85298b07d9333c05737f1435fb,e61e7ec0556d03e0f0d00a74f2ff819c0f7a8b599500544c08c0ed039dba0711,1d829175021139ea9eb11b51baa7ed3000585ab0cf51a236630a9492de3dd45a,metadata_stripped,1627475806,1627562215,1666855379,10914.767777777777,10938.770277777778,True,True,True,True,0xd4745c03d9b9d5bbeabb952cd5ad3f97ca64c675,0xdcaa5df48ab11d753012da79adda00ebafe29e5d,,,,True,True,False,False,True
ca2-c362836e579418bb08b8,ca2-c362836e579418bb08b8.json,c37fa0f1c3cd09f4f8ec07947d9959d70e98b783fd944f1b4f876ffba21467ea,bsc,0xabc79b7c5a0f1fe0ac55fcb7e659d5817e530123,bsc:0xabc79b7c5a0f1fe0ac55fcb7e659d5817e530123,5c46c2a5df9700cbb8725dba83b81390e192ad89192e702ac4b3554c52e9305a,5c46c2a5df9700cbb8725dba83b81390e192ad89192e702ac4b3554c52e9305a,metadata_not_recognized,1779812445,1779898845,1781693016,498.3808333333333,522.3808333333334,True,True,True,False,,,,,,False,False,False,False,False
ca2-c3da8c67aae06b7ecce1,ca2-c3da8c67aae06b7ecce1.json,f4b06a5f958ae752e1c970e0a6d60378aca7861c2c909f203a3e7fb327e2423a,bsc,0x7e6c2522fee4e74a0182b9c6159048361bc3260a,bsc:0x7e6c2522fee4e74a0182b9c6159048361bc3260a,61921ba9de7cd248e43b47b28f847fa088d473affc1f08c5c588aea5609c3f7e,5b8cd2dc56e8242a5c63552fb3dbb7b45e655f0db256f60a404b162639c54b75,metadata_stripped,1661436663,1661523065,1680386219,5239.765,5263.765555555556,True,True,True,True,,,,,,False,False,False,False,False
ca2-c5014cea82de5130aa96,ca2-c5014cea82de5130aa96.json,cf1576f5f0820d8af8ae73caced6633a250eff6218e60a86357c663bead653df,bsc,0x0fc91b6fea2e7a827a8c99c91101ed36c638521b,bsc:0x0fc91b6fea2e7a827a8c99c91101ed36c638521b,c62ee5073f7bfd833be4e850d6a285d282afc1801db1f50e737b4572cecbd5a1,d0af6f64e4e19fc4bb580800988885aed019c5aac18915dbff3eb91147a4c205,metadata_stripped,1735903162,1735989562,1744999249,2502.6908333333336,2526.6908333333336,True,True,True,True,,,,,,False,False,False,False,False
ca2-c5a01f6581922c612fa6,ca2-c5a01f6581922c612fa6.json,7f841f7596cc84cb69a596ccf23c9564faf476b029198bcf3cc32d5820a724f3,bsc,0x80a0d7a6fd2a22982ce282933b384568e5c852bf,bsc:0x80a0d7a6fd2a22982ce282933b384568e5c852bf,42c3a73d44ee3ed82f11808705057b5e1fb6193c179cefcb8796c89f47ef2aec,6de5af02dc83a06e34aa261c21d5fcbda797bd21c52c63ba83357ca7eddeba06,metadata_stripped,1712823360,1712909762,1713181371,75.44694444444444,99.4475,True,True,False,False,,,,,,False,False,False,False,False
ca2-c5ce6bf171451010d578,ca2-c5ce6bf171451010d578.json,fc6452ccd5f8ac509c6b4350f74f4d990c75fc2adf5f73fce95f7a873c6060f0,ethereum,0xc9f27a50f82571c1c8423a42970613b8dbda14ef,ethereum:0xc9f27a50f82571c1c8423a42970613b8dbda14ef,b7123333e1d32bb90da6b388d018c72c8197a4edf68152fde27d8494839d994f,96aa3b8dda897345012f1df1f5603a9b3b35de666a4e361bc98d684837a2bded,metadata_stripped,1630617135,1630703549,1640096269,2609.088888888889,2633.092777777778,True,True,True,True,,,,,,False,False,False,False,False
ca2-c5f49d371d24304e62b2,ca2-c5f49d371d24304e62b2.json,1385cbbd44cceba076989e8afce24667252a1d23b8f944ef5d8bb7470114401d,bsc,0x6844ef18012a383c14e9a76a93602616ee9d6132,bsc:0x6844ef18012a383c14e9a76a93602616ee9d6132,0ffe2fe5b70a2c68a8dfd22d9bbb327fee1fc1b864a28fcaa10fac9484f83b79,8d486cfa8687870f3c9f3983f691ffab635eeb558ebb779d76d8c77ad604f163,metadata_stripped,1700636998,1700723400,1701262681,149.80027777777778,173.80083333333334,True,True,True,False,,,,,,False,False,False,False,False
ca2-c5f9905c03ee273e260f,ca2-c5f9905c03ee273e260f.json,1d341a50d23bee2f296313b7b6b5ad274609a58ec7dd9386bc33152780b84499,ethereum,0xc9fa8f4cfd11559b50c5c7f6672b9eea2757e1bd,ethereum:0xc9fa8f4cfd11559b50c5c7f6672b9eea2757e1bd,f63c516f743fa3ee20f32ff222d8c87119a6bcaa8b0d89ddbc86ab6cfb8fa980,e6ef3a9a29c6897f651f81c3e7b8cdc648fe8b77399173d975d47830c28033ff,metadata_stripped,1627266598,1627353003,1674002987,12958.32888888889,12982.330277777777,True,True,True,True,,,,,,False,False,False,False,False
ca2-c6799af1babe7f32f44f,ca2-c6799af1babe7f32f44f.json,0e661c668af92dae24e01b12a180a84945ee8b7e440e27c5b9a4baccf87be684,ethereum,0xd45740ab9ec920bedbd9bab2e863519e59731941,ethereum:0xd45740ab9ec920bedbd9bab2e863519e59731941,f493237b9d26fcb9d47fc3685d30e1e17c8302b5d84071394e77642cfa14cfcb,a9e9f47e85bce0571f5933d7bee02de9201c3766c8d14409c13c54e7092e7816,metadata_stripped,1627348593,1627435005,1655535877,7805.797777777778,7829.801111111111,True,True,True,True,0x89f795740c3f7cfe465fa854d330dd89fad6770d,0x0d230ddf8a849b6e3ff6b9fd9aff5a61f0243b22,,,,True,True,False,False,True
ca2-c6f760eb216df807a29b,ca2-c6f760eb216df807a29b.json,ebb1456463763852c4ab947359695a36f7c2f6e45d3a8df35a744f3a429e8b75,bsc,0x3da0f00d5c4e544924bc7282e18497c4a4c92046,bsc:0x3da0f00d5c4e544924bc7282e18497c4a4c92046,0569c93b32aa21fdabf394fa7038c10c4f7dcf7453c294f76451659a3fb063be,8daee751b05b26da5f191c790f10ab688822fded828ba7dd435fe5c0fcf4dc05,metadata_stripped,1750785794,1750872195,1753526471,737.2988888888889,761.2991666666667,True,True,True,True,,,,,,False,False,False,False,False
ca2-c7586710b826b2f08a35,ca2-c7586710b826b2f08a35.json,cf9915d707c2e2ce3188c03908946be0a2a187d0223e983d4facb570ac600abd,ethereum,0x9ab6b21cdf116f611110b048987e58894786c244,ethereum:0x9ab6b21cdf116f611110b048987e58894786c244,51c9acf563fac480fd3ab5110605f311133c6d7f68ef161e03f986cfdaf57d5c,9ada68798dafdb5cf6c9e3941b253fc02aefd22ad289fbd0b6e148d509ca3e23,metadata_stripped,1694609939,1694696339,1699642751,1374.0033333333333,1398.0033333333333,True,True,True,True,,,,,,False,False,False,False,False
ca2-c76c240f897354a45770,ca2-c76c240f897354a45770.json,490265420d296c7bbfab0bc6cb89fa71c264878f637c9093a9806c28aadc96fc,ethereum,0xfe380fe1db07e531e3519b9ae3ea9f7888ce20c6,ethereum:0xfe380fe1db07e531e3519b9ae3ea9f7888ce20c6,7770f643cb3b7f1c4ee24468babc07ad825d39924c0668ce78ebedc8a8b5e000,22a9444cc55cca06bf02d3e0b1890cfed1b1f64ed18b427a85c013aa9ec641d6,metadata_stripped,1708129427,1708215827,1708351211,37.60666666666667,61.60666666666667,True,True,False,False,,,,,,False,False,False,False,False
ca2-c7f02a40db88500f3ae5,ca2-c7f02a40db88500f3ae5.json,d083b42b649736fea0c12439e75cbf45cd56e864216e51a83db8eb1223f9ecec,ethereum,0x7b190a928aa76eece5cb3e0f6b3bdb24fcdd9b4f,ethereum:0x7b190a928aa76eece5cb3e0f6b3bdb24fcdd9b4f,cbd134ac8d285892d5d33ec1bf94dcdf1102a990b1046d1594cb286e9239697b,6f4cd91554d949a8ad8047da7543a1ed35a94f9b9b1e6c2159563c05819ba95c,metadata_stripped,1684584203,1684670603,1686818447,596.6233333333333,620.6233333333333,True,True,True,False,0x94290106d2a32bc89be9f1c3a3f3394f64578aa6,0x22a55b36022a26eaf73137a0ed0c77aa2dcf9113,,,,True,True,False,False,True
ca2-c8dbe37642fb49490307,ca2-c8dbe37642fb49490307.json,4af934b81ee5215dbda7d6487e7a46f55f8f4bca5a13e433dae18c1290ef741c,ethereum,0x6883fe4d2ee50941b80b41b8f7f9bf2561d844cc,ethereum:0x6883fe4d2ee50941b80b41b8f7f9bf2561d844cc,24833fd70fcc55e8d940cb175163bfe4e4b04d11b103b15af802d99c28d362a9,f92d87edbd606258386a7c3b86d4ab7bdec5e6f5474b9ea45ddfa94299f96d88,metadata_stripped,1663145656,1663232063,1753524623,25081.266666666666,25105.26861111111,True,True,True,True,,,,,,False,False,False,False,False
ca2-c8f07b57035de6f92dd6,ca2-c8f07b57035de6f92dd6.json,8743a7c4f54dc795174f077d03b36ed92601e44ad74e7a654131fc8afe468b81,bsc,0xd672b766d66662f5c6fd798a999e1193a7945451,bsc:0xd672b766d66662f5c6fd798a999e1193a7945451,670c7f5fd0839e40396f47e3166c609c234a758d9f2429aa914cf83274f812c9,0d896fd63278f9890e0be5613a1d2491d74d7c70ca1d824006b820d3b3f1e8f0,metadata_stripped,1691786013,1691872414,1700158586,2301.7144444444443,2325.714722222222,True,True,True,True,,,,,,False,False,False,False,False
ca2-c9253cf4e2d235460157,ca2-c9253cf4e2d235460157.json,9bac179963a0b5eff35123cc4a6f508961e371b7e05b73767dfff82f020d80a4,ethereum,0x824dcd7b044d60df2e89b1bb888e66d8bcf41491,ethereum:0x824dcd7b044d60df2e89b1bb888e66d8bcf41491,24b1defb8024477e224c34abd41bd8d628158aeacf12b155b30536715e00c27b,ee9e00abc203ff23c17ae85b76c6811667b898f144a1065dea85b344d33b9a1c,metadata_stripped,1639529917,1639616320,1651304406,3246.6905555555554,3270.691388888889,True,True,True,True,,,,,,False,False,False,False,False
ca2-c9c1817a98610ef26f01,ca2-c9c1817a98610ef26f01.json,2fde88aa30a8f3666a03d93e8c5f2be95196abc39c084ab17b6fb34a41228cb1,ethereum,0xf0b7de03134857391d8d43ed48e20edf21461097,ethereum:0xf0b7de03134857391d8d43ed48e20edf21461097,0f482d2f2c81e14df51f59be2509da35af2555ce1d29bd444513b7d107f66ad9,0f482d2f2c81e14df51f59be2509da35af2555ce1d29bd444513b7d107f66ad9,metadata_not_recognized,1613519583,1613606011,1622123247,2365.898888888889,2389.9066666666668,True,True,True,True,,,,,0xde71b24fe56358cc0adfd6f2e0f6d8ed9e2cf634,False,False,False,True,True
ca2-ca16a95de7b24c723e35,ca2-ca16a95de7b24c723e35.json,791ecfc8659274dc78cd6fbdc5c0a3ac1fafb1681a17149c42525addcdf806e7,bsc,0x99855380e5f48db0a6babeae312b80885a816dce,bsc:0x99855380e5f48db0a6babeae312b80885a816dce,a23d39df9960248db86dbe29a232764e36185f994a70555c00ff45b3bedd717c,bbce36187d94ddc18fb016a9adfd0382d1e80f71ddd476bdb0e7b28911a04ee2,metadata_stripped,1746623034,1746709434,1752988396,1744.1561111111112,1768.1561111111112,True,True,True,True,,,,,,False,False,False,False,False
ca2-ca180b9c5c90165fb523,ca2-ca180b9c5c90165fb523.json,57b68bbdd64798f601d32681dd280163efa2189f006af7e0930ee9b5a3cd92b9,bsc,0x7bacb1c805cbbf7c4f74556a4b34fde7793d0887,bsc:0x7bacb1c805cbbf7c4f74556a4b34fde7793d0887,66ddbbef830cb8adc3926459e2317bcbb2b5fe39bafd7e930f1224e6dd99bae6,90a19c64629dd8e4ff334e10106520452c4ddb15265d7f516bf888fee6a32514,metadata_stripped,1677659037,1677745438,1697963196,5616.043888888889,5640.044166666667,True,True,True,True,,,,,,False,False,False,False,False
ca2-ca1ff798b4f84a39a35d,ca2-ca1ff798b4f84a39a35d.json,b1fe327beb0c6988f591e062174af27bd5d259f8f612002dce2f4f7bff612221,bsc,0x7314729d691fd074dbba03ca3c6ef3be61b31d34,bsc:0x7314729d691fd074dbba03ca3c6ef3be61b31d34,f46587ad6dee1747615227bdc220146ca0c7806fdc599017778a659832dbbc6f,84ecefc00a329161e45f747d7a69162388d89d8d3b0779024b3128c80814472f,metadata_stripped,1623188334,1623274736,1750350413,35298.799166666664,35322.799722222226,True,True,True,True,,,,,,False,False,False,False,False
ca2-ca3ec401a279f9b471a6,ca2-ca3ec401a279f9b471a6.json,a98e64570206f91031d49001a7216f5ccb4449d78d72a6d5273e13b573f12ae5,ethereum,0x20e5e35ba29dc3b540a1aee781d0814d5c77bce6,ethereum:0x20e5e35ba29dc3b540a1aee781d0814d5c77bce6,f493237b9d26fcb9d47fc3685d30e1e17c8302b5d84071394e77642cfa14cfcb,a9e9f47e85bce0571f5933d7bee02de9201c3766c8d14409c13c54e7092e7816,metadata_stripped,1638176567,1638262977,1643319236,1404.516388888889,1428.5191666666667,True,True,True,True,0x79fc1d290aa81338f377f6271c499662d6301e65,0x40151e5d012e7de6000f7144288ef50af78882be,,,,True,True,False,False,True
ca2-ca903ea09549202fecb9,ca2-ca903ea09549202fecb9.json,fc97ba31e29f9b4cbc22e28bbfd84097926da893f49b5cf003ccd18331a09922,ethereum,0x79a7d3559d73ea032120a69e59223d4375deb595,ethereum:0x79a7d3559d73ea032120a69e59223d4375deb595,26f6d1a5d81294572cfcda93f80151e3270b2d87ec711a59aaf88e5d8181c365,5877d61c796e55386bde2ecacf57cccc43c6b73979a2b9dcdc8ceee23541d29b,metadata_stripped,1642574715,1642661129,1700900063,16177.481666666667,16201.485555555555,True,True,True,True,,,,,,False,False,False,False,False
ca2-cb9d62babfef067f9bc8,ca2-cb9d62babfef067f9bc8.json,ecd561d3eb549c36dec285b25c3aca70dcc05439e331804d056146a175265706,bsc,0x26f1457f067bf26881f311833391b52ca871a4b5,bsc:0x26f1457f067bf26881f311833391b52ca871a4b5,c1e4121c32eeed1eeeacfcefd3149bfdc9b3580398e0cae43826e824b02b6c4f,d937ffcb777dd0b2c68f1aee71e643c614e61cd4056803465bc2d3c832f69e67,metadata_stripped,1670082354,1670168755,1670260742,25.551944444444445,49.55222222222222,True,True,False,False,,,,,,False,False,False,False,False
ca2-cc09312220e115bde016,ca2-cc09312220e115bde016.json,30e394eab4985a0771f0a457923f2aa82dd68f68dc708c2dee471f95315107aa,bsc,0xd55f01b4b51b7f48912cd8ca3cdd8070a1a9dba5,bsc:0xd55f01b4b51b7f48912cd8ca3cdd8070a1a9dba5,400e350bc1ba788f8317e5051345382c2aeaaf256c79def45604612ed5ecff35,a9d288c89089c42f954f41ff52124bc761945a99c9308a65b168b255e3e82037,metadata_stripped,1645119735,1645206135,1649992715,1329.6055555555556,1353.6055555555556,True,True,True,True,,,,,,False,False,False,False,False
ca2-cc76e9ac975f3c46bb14,ca2-cc76e9ac975f3c46bb14.json,f98d82987f9f0f122507fda18bc80c5d57537ba68efcf9e17c34c98d56b26ec9,ethereum,0x4c4564a1fe775d97297f9e3dc2e762e0ed5dda0e,ethereum:0x4c4564a1fe775d97297f9e3dc2e762e0ed5dda0e,35908787a2c454d9ce05ebb417a65da6a87f950dfb7aca94d7c440a169eeffaa,35908787a2c454d9ce05ebb417a65da6a87f950dfb7aca94d7c440a169eeffaa,metadata_not_recognized,1628531690,1628618090,1629150281,147.83083333333335,171.83083333333335,True,True,True,False,,,,,0x364b7e2d5b11b9d2016d232fa271d89d5e6065f1,False,False,False,True,True
ca2-cd8110008dfe201e0222,ca2-cd8110008dfe201e0222.json,6c64a4f4a5c5934928f09febe0ba6d4f3e2730644a93141fb8920924d59a346e,bsc,0x02d841b976298dcd37ed6cc59f75d9dd39a3690c,bsc:0x02d841b976298dcd37ed6cc59f75d9dd39a3690c,3618f43595e9b8725af333c24d08d524663d4d6e0844e807ac67ef9b92821b72,b81dee880506ecb9f38abdb7a97d2f5b1ab0329b76565c17fc88dc479a404140,metadata_stripped,1663385325,1663471727,1668648245,1437.9216666666666,1461.9222222222222,True,True,True,True,,,,,,False,False,False,False,False
ca2-ce4de12cb6ec0aa01094,ca2-ce4de12cb6ec0aa01094.json,d8dd6fb0f600691520bc5fc43b39a458229d93c60838a7c2313346385c91f717,bsc,0xf55dff7898930a2d28cdbc39d615b1624ac86888,bsc:0xf55dff7898930a2d28cdbc39d615b1624ac86888,ba77bd45fc4e70a04b478d968e5b635e3f47f3c9f02b644650176a6a592a0a40,44b2e42ffd630d62e6eaa52aa20a882e15b3e15dd1cfc9883a0311d796aef728,metadata_stripped,1768611125,1768697525,1777334400,2399.1319444444443,2423.1319444444443,True,True,True,True,,,,,,False,False,False,False,False
ca2-ce552f38ab8199ed551d,ca2-ce552f38ab8199ed551d.json,1826a7ad906883486c78a9c6ac1d76e954504c74f8273873010c2b1c8aad8eff,bsc,0x21ab8943380b752306abf4d49c203b011a89266b,bsc:0x21ab8943380b752306abf4d49c203b011a89266b,bf9d2292c74433756bd238d54eb098b84bbd10f11fdad6849d8b6dc165564e94,90866a2b6c86b793d841bbb196e63d3f21d597062697b940fcd732345c22f1e6,metadata_stripped,1754979847,1755066247,1755107000,11.320277777777777,35.320277777777775,True,True,False,False,,,,,,False,False,False,False,False
ca2-cf529333b32b69e4842e,ca2-cf529333b32b69e4842e.json,65d958e96d0332f046a8d9ff8e966ff809fb1c8fdd6b87bf130787ccd32f0de3,ethereum,0x5d94309e5a0090b165fa4181519701637b6daeba,ethereum:0x5d94309e5a0090b165fa4181519701637b6daeba,11bffa47afca05700f39ddc464e2ae69a8ca54ea7a7c83247658741ba4a2392f,acec786efd5443d3e3c8afd0c965a9fcc8c2d71f04618ce715314e6f7b10d5f6,metadata_stripped,1650564005,1650650406,1659389544,2427.5383333333334,2451.538611111111,True,True,True,True,,,,,,False,False,False,False,False
ca2-cfb8cf251b553eed2196,ca2-cfb8cf251b553eed2196.json,fc1753d7cf9f65565eaa7e427a5f3360b834a20f4392d8c825e90fa24fa5fd06,bsc,0xfeafe253802b77456b4627f8c2306a9cebb5d681,bsc:0xfeafe253802b77456b4627f8c2306a9cebb5d681,7b43e59b13414e00893eb87a4c01b9c5e92daf0b5304484763a65fa2cb514fa9,8617380a2c4dd3186bd7094e675057b0ecba00f7ec18be1b2d9ce83eb47d5936,metadata_stripped,1658278547,1658364949,1686054153,7691.445555555556,7715.446111111111,True,True,True,True,,,,,,False,False,False,False,False
ca2-d08064284319f9724001,ca2-d08064284319f9724001.json,846765601abe5f3db42ffcd53c27218eac4fd875c276bcf95b37686ceabcdeef,bsc,0xdd9b223aec6ea56567a62f21ff89585ff125632c,bsc:0xdd9b223aec6ea56567a62f21ff89585ff125632c,aafa754429953d07f1b1d67a404d6425bfb463a0a41fe029ae817b3859c51c15,b3665b95b76953c29786c6286b95594547973f447be710f3d39a360eb154b7b7,metadata_stripped,1685365934,1685452334,1686812805,377.9086111111111,401.9086111111111,True,True,True,False,,,,,,False,False,False,False,False
ca2-d0b1ccc1d33cfcce8cbb,ca2-d0b1ccc1d33cfcce8cbb.json,d23c2ba961badde0188218c430b5fc59f8e4bfe60dfdd60f9ef85b325ed84da7,bsc,0xe445654f3797c5ee36406dbe88fbaa0dfbddb2bb,bsc:0xe445654f3797c5ee36406dbe88fbaa0dfbddb2bb,3cc5e539eb61133fec38655ae3f55d8e1f944fce2cbc02e151972cf9c9880545,84e7a6afa887fbbeb6e3f47787557013527ae55ecb826b21e3886311bb061341,metadata_stripped,1669244579,1669330979,1670859422,424.5675,448.5675,True,True,True,False,0xfdded988f34d9fd2f8d79234b145be104a913dec,,,,,True,False,False,False,True
ca2-d21da7d9fce0924660dc,ca2-d21da7d9fce0924660dc.json,6572db2e52ef8aa063b6ae7ab0e116ef9afdbb308c5c0d7c8b6059f52fca6870,bsc,0xb2b1dc3204ee8899d6575f419e72b53e370f6b20,bsc:0xb2b1dc3204ee8899d6575f419e72b53e370f6b20,139c49d67ebc79432c1c3251109d1bd5a118106989285c8cde904bb41cddd050,fc258b6a5f7e58d006327be1dc62908a9be9b72d121802a9dd3285d7d168e10b,metadata_stripped,1620715936,1620802337,1667152119,12874.939444444444,12898.939722222221,True,True,True,True,,,,,,False,False,False,False,False
ca2-d22c4160c4fed52695d2,ca2-d22c4160c4fed52695d2.json,df809b925823746eddacf6ec6d6a25d56ed9fedf26ce7199462bfa047153a17f,ethereum,0x69422c7f237d70fcd55c218568a67d00dc4ea068,ethereum:0x69422c7f237d70fcd55c218568a67d00dc4ea068,2b833edc691c3e7f5cef843b3cbd29ea91d2f2849464adbc072ad74eeba9559b,74d8fbe78b9f6587872363ee221a85357e8e15c91f26b666bc7e46227f9ccee4,metadata_stripped,1691791523,1691877923,1693917743,566.6166666666667,590.6166666666667,True,True,True,False,,,,,,False,False,False,False,False
ca2-d3a51f08e6355a17ca20,ca2-d3a51f08e6355a17ca20.json,a7bbc1900fee28c6a11e0abd631b4af11254feb719250c58d4e46c992bd75bab,bsc,0x6bc9b4976ba6f8c9574326375204ee469993d038,bsc:0x6bc9b4976ba6f8c9574326375204ee469993d038,f94654b7256cf55b921590565b9311d3c93af3a3684502b0f91b4473c8f274e4,6eda8af860c2ea63eb94b868470df8e860b1375d3b3d5792fd5ed0d5b3506368,metadata_stripped,1656475686,1656562086,1669705889,3651.0563888888887,3675.0563888888887,True,True,True,True,,,,,,False,False,False,False,False
ca2-d5206e281e59cc007b02,ca2-d5206e281e59cc007b02.json,a7d1ccd6f56c0307f6be5f994a1810bb10d2094fd49059a86c33653a427a5e60,bsc,0xa7b5eabc3ee82c585f5f4ccc26b81c3bd62ff3a9,bsc:0xa7b5eabc3ee82c585f5f4ccc26b81c3bd62ff3a9,2367ac04d65c53fedb6fa629e8137def3e00c481518012f23a6c1efdaa74f3fc,8162893067fb69cf42791c0ab50188b14e3d1084a798f7e8ad33c5525c61c887,metadata_stripped,1675254229,1675340629,1677044189,473.2111111111111,497.2111111111111,True,True,True,False,,,,,,False,False,False,False,False
ca2-d6090a50e7b7e86d2afd,ca2-d6090a50e7b7e86d2afd.json,89050baa9ee0a0cfebe266d2e09053ab8c7e9dfb2cc4f93746967eaf7b38ce34,bsc,0x6f3390c6c200e9be81b32110ce191a293dc0eaba,bsc:0x6f3390c6c200e9be81b32110ce191a293dc0eaba,588501aed61d09b9591e0839d26f45fc7532d5c6399205eae97b3b8454fe8622,5351b63db6b4280c2c7b2843dba18ed8853cb91448609e9fce3cda110b5a5bbd,metadata_stripped,1620788161,1620874561,1736345084,32075.145277777778,32099.145277777778,True,True,True,True,,,,,,False,False,False,False,False
ca2-d6ba3397ed249bc3a420,ca2-d6ba3397ed249bc3a420.json,9eeedf296a90f9eb80709c6b5f9a578794945b2e02c757c77ee055f2cdb798ce,bsc,0xa5957e0e2565dc93880da7be32abcbdf55788888,bsc:0xa5957e0e2565dc93880da7be32abcbdf55788888,ddcbd4f3f3129537a7ff282d9f47d1f58870d1f2d294d9a017b535c53332de7f,91893eee4d29a49392cad5e2e97af5ba39897854b75d33fbac9bb44f17e15b1c,metadata_stripped,1711179777,1711266177,1711987726,200.43027777777777,224.43027777777777,True,True,True,False,,,,,,False,False,False,False,False
ca2-d78f4dfccb15753abb19,ca2-d78f4dfccb15753abb19.json,73573d75c12590c5e0d7981f5edcde8cdb7c277e8db8b1db5e8bd971f1a8e94e,bsc,0xd3d4b46db01c006fb165879f343fc13174a1ceeb,bsc:0xd3d4b46db01c006fb165879f343fc13174a1ceeb,54927a4f782e56346680b5f58eff47877c84d37b6ff0629d325d0534d0af4880,93760c0d2e5bdc35ee5f7a7ce3c333106930eb9abe47119dc75d4e0d9f7057b1,metadata_stripped,1678223804,1678310205,1679488640,327.34305555555557,351.3433333333333,True,True,True,False,,,,,,False,False,False,False,False
ca2-da248926cc32b52fc5ad,ca2-da248926cc32b52fc5ad.json,430c82142f07ada8a3afb726a2e0e868410d70415e1f48706592c15afaa12ada,ethereum,0x9c87a5726e98f2f404cdd8ac8968e9b2c80c0967,ethereum:0x9c87a5726e98f2f404cdd8ac8968e9b2c80c0967,214bf12fbd0ed9f62a170d6044a993a7298bca53678f082192c292592abdfc82,e95e8864c97c21f05aef0f4d13b4a81cc89b5252e280d8123b068d9cddf79068,metadata_stripped,1661147992,1661234404,1661351197,32.4425,56.44583333333333,True,True,False,False,,,,,,False,False,False,False,False
ca2-db4133161e8ad967d9de,ca2-db4133161e8ad967d9de.json,bc593f8ef3bad1bdbea8a4fe6cf372aaab360e7f147970833bac1b34f428bd43,bsc,0x13b1f2e227ca6f8e08ac80368fd637f5084f10a5,bsc:0x13b1f2e227ca6f8e08ac80368fd637f5084f10a5,7cc67d0cc21daa07c63bd8cc80594122d7adb50ecc62c5a3783d0a1b8c5c2081,7d0fb0703060c2533d50d305e82e5e7631e04a0810483c47787925a1f98534b4,metadata_stripped,1699283200,1699369601,1700095291,201.58055555555555,225.58083333333335,True,True,True,False,,,,,,False,False,False,False,False
ca2-dc0f5864cf0c7c7db3d8,ca2-dc0f5864cf0c7c7db3d8.json,ae84cc7b871bbefbac15d6d12bf913ac2f4a30e03066afcc200bcd510d2af50b,bsc,0xeab0d46682ac707a06aefb0ac72a91a3fd6fe5d1,bsc:0xeab0d46682ac707a06aefb0ac72a91a3fd6fe5d1,ea8f82f8055991cf35f93284369fa58ccf38b4831ca66b5dbc4080de9acfcf60,1f648b042291a738dfa67ffa49776bb75143bade7c2e8fe4fed4c46c07aaee3f,metadata_stripped,1735622224,1735708625,1736265139,154.5872222222222,178.5875,True,True,True,False,,,,,,False,False,False,False,False
ca2-dcbeec1a974442a079de,ca2-dcbeec1a974442a079de.json,33cbeafc5f29825f853eaf38df7c87938387b1fb620a8df18bf8a7c73612f328,ethereum,0x364f17a23ae4350319b7491224d10df5796190bc,ethereum:0x364f17a23ae4350319b7491224d10df5796190bc,7ca51b1b5a3da93ee30351f546ad77ac900433c873e8ea9b792387289e4c03d7,e52d1dd3cb29f0a2abfdac020e44a88a4cae7f0eccb15d45855fb368b448be8a,metadata_stripped,1703854199,1703940599,1707182507,900.53,924.53,True,True,True,True,,,,,,False,False,False,False,False
ca2-de6d0211681a69ea1f52,ca2-de6d0211681a69ea1f52.json,2ea6fa989441c8e94c933205476837d754327053a624853e06041d43e8dcf918,ethereum,0x7fcb7dac61ee35b3d4a51117a7c58d53f0a8a670,ethereum:0x7fcb7dac61ee35b3d4a51117a7c58d53f0a8a670,303db6af5fe31293a5c69f7588903b5638ca6cffedf676a141fe83f6149446c6,de29825107356eda0575b2bd60465eb36add96c9e676c0cdcf8d6682c35d37c3,metadata_stripped,1614116468,1614202872,1655369270,11435.110555555555,11459.111666666666,True,True,True,True,,,,,,False,False,False,False,False
ca2-deb8f1653a1510fb4c48,ca2-deb8f1653a1510fb4c48.json,41bcad8654b91186e6d22e7b725c3cead61a49515652d2fc83b43b11b2d5974b,ethereum,0x1231deb6f5749ef6ce6943a275a1d3e7486f4eae,ethereum:0x1231deb6f5749ef6ce6943a275a1d3e7486f4eae,72211202d3d54f9e8b4590855d8f8390f1fad2d55c2472a3e488b58ccb61c2e9,f245f01ad78a2e8130468281126caaa20ae727d13d5b4c128260b24700e96042,metadata_stripped,1666261427,1666347827,1721131583,15217.71,15241.71,True,True,True,True,,,,,,False,False,False,False,False
ca2-e017525389c5fba3ce28,ca2-e017525389c5fba3ce28.json,e9d39bcf28d3d0330e5b6383290ddef171d8d9c982aa9c230803b929b1c0e443,bsc,0x64f291de10ecd36d5f7b64aaebc70943cface28e,bsc:0x64f291de10ecd36d5f7b64aaebc70943cface28e,b598e00dff7c1d1e17b4f1543d3af5b766320307fbbbb9607b6b61e0db77e85d,c61b37783fdf1d7cfd2cb26c657243fdc226db6e3beabc1637a35787eea17048,metadata_stripped,1673886243,1673972645,1693303711,5369.740555555555,5393.741111111111,True,True,True,True,,,,,,False,False,False,False,False
ca2-e095e5dbb9687595e5ee,ca2-e095e5dbb9687595e5ee.json,5989eceeaece34faa694e5e6fccde53330e4778fe66d9bf4d411acb1574291d7,ethereum,0x8390a1da07e376ef7add4be859ba74fb83aa02d5,ethereum:0x8390a1da07e376ef7add4be859ba74fb83aa02d5,a98942a59ad55662b0e53997e985d47d5e72498bb4cc532930d32a87e8bddc34,d4fede722e8ddab1b5b76f594f380dc0813919e04362e99ee5c699d83474fed4,metadata_stripped,1699071551,1699157963,1699584683,118.53333333333333,142.53666666666666,True,True,False,False,,,,,,False,False,False,False,False
ca2-e24739584c716694ba60,ca2-e24739584c716694ba60.json,4c5fceb10a59b5c3284b1e64ba36185182c67bc75869ce76ee655feada6b57ab,ethereum,0x46f54d434063e5f1a2b2cc6d9aaa657b1b9ff82c,ethereum:0x46f54d434063e5f1a2b2cc6d9aaa657b1b9ff82c,0b720c16eddc5cc697f8f0dd60a7d17c94b99038208a65604c9ddc3e8db818fe,0b720c16eddc5cc697f8f0dd60a7d17c94b99038208a65604c9ddc3e8db818fe,metadata_not_recognized,1710951731,1711038131,1759582439,13484.53,13508.53,True,True,True,True,,,,,0x5e70f7acb8ec0231c00220d11c74dc2b23187103,False,False,False,True,True
ca2-e488b8f22881b9feaedd,ca2-e488b8f22881b9feaedd.json,f2d8c5403edd51e82d4592212f3e165476142dddad1c8b247b59063ae9c12319,bsc,0x2b806e6d78d8111dd09c58943b9855910bade005,bsc:0x2b806e6d78d8111dd09c58943b9855910bade005,f0e199d6a14a095c0e4c00d0f40dabd77bd8777fdd3f8536ab83817825bd66ad,8150d5610cacf677a7ca9de0ce8b6808c66305b7c902bd73ebb6477499f476fe,metadata_stripped,1670589083,1670675483,1672397993,478.475,502.475,True,True,True,False,,,,,,False,False,False,False,False
ca2-e54f2002a25549da55ac,ca2-e54f2002a25549da55ac.json,f193ace8357d4a99a3a79f0a91a92938e929c2d4edb20359108347372eda687c,bsc,0x7b8c378df8650373d82ceb1085a18fe34031784f,bsc:0x7b8c378df8650373d82ceb1085a18fe34031784f,fede474a659d9f2319cb3ecdaed0a92c76ada22abad1b84ed9084709928b1b00,644cbf072d8ab49aaad3c9ef83de93c9d8c4b537eb4e8b795dcb2cb21809024f,metadata_stripped,1683091216,1683177617,1683857412,188.83194444444445,212.8322222222222,True,True,True,False,,,,,,False,False,False,False,False
ca2-e5a8dccafb3c4f63fdb2,ca2-e5a8dccafb3c4f63fdb2.json,394bf419601e10070f7541fed62d5ebd6319d6e447599d2a4f081e942a79f871,bsc,0x5c9f1a9ced41ccc5dcecda5afc317b72f1e49636,bsc:0x5c9f1a9ced41ccc5dcecda5afc317b72f1e49636,6af01f86134b567241e4ac387a3a48f2888f3eaffdda360afd63f9fe8c83decb,fbeeb80bc0fcd27ec64ff2c24ec410ade70d6b471d34418224dfb22e96e56b0c,metadata_stripped,1622616245,1622702645,1664635590,11648.040277777778,11672.040277777778,True,True,True,True,,,,,,False,False,False,False,False
ca2-e6ddbcb4d936397b6ffe,ca2-e6ddbcb4d936397b6ffe.json,76a356ce4087264761a1da4bd8d627af857072324830ec50426ea7ff6f9fb272,ethereum,0xb3fb1d01b07a706736ca175f827e4f56021b85de,ethereum:0xb3fb1d01b07a706736ca175f827e4f56021b85de,4455bb3e40fc98e4d0d8423887bee7407ee45bf6b1ef7b41322b3f4e799414fc,ecae0ff910f7c7402ece4b6b013fda30eff3a5385e4ed3d1f386efa509c61ac9,metadata_stripped,1647277530,1647363956,1647762525,110.7136111111111,134.72083333333333,True,True,False,False,,,,,,False,False,False,False,False
ca2-e71c9a37159c80622f42,ca2-e71c9a37159c80622f42.json,50b35d58a5a50f2cefe1b02d9bb95c1979ad137764cb261a68ae257259656051,ethereum,0xd2869042e12a3506100af1d192b5b04d65137941,ethereum:0xd2869042e12a3506100af1d192b5b04d65137941,f955c27b7d4a2a9080ff433a27b13f09a8a8a679f0ff234f00636263dcac85fb,790af68cd5d62cf6a3aa1ba6c2d54b32d004e56701cd05f7def318d5cdc22706,metadata_stripped,1654130135,1654216590,1665493703,3132.531388888889,3156.5466666666666,True,True,True,True,,,,,,False,False,False,False,False
ca2-e726d15fcadb675a6a84,ca2-e726d15fcadb675a6a84.json,e2c79f25491e2a3b874f8f45dd6a6957df31392c8a29eed7216b8bd6aa05d3e5,base,0x26fe408bbd7a490feb056da8e2d1e007938e5685,base:0x26fe408bbd7a490feb056da8e2d1e007938e5685,08a4b86089ceeea854c1c8b84e6449b92c9a103ce53973cf807861397fc3a40b,4c276a0d5f655c1f1552e5fa588303764bf2426e8ebbd50d2780236ada347a3e,metadata_stripped,1694093523,1694179923,1701281507,1972.6622222222222,1996.6622222222222,True,True,True,True,,,,,,False,False,False,False,False
ca2-e75c05f94545176def00,ca2-e75c05f94545176def00.json,c11410f6a0d15bf89c939773ba7a7d5ffd141779fabe2b8110874a0e18d888b0,ethereum,0x2320a28f52334d62622cc2eafa15de55f9987ed9,ethereum:0x2320a28f52334d62622cc2eafa15de55f9987ed9,4e72287aa7d3ff84d1138486c5a60222c3195602081cd1f2aef9383ed18f6a11,762058c495b847435e7de10f10458d1fe816273180e378ed5de2e09790b30579,metadata_stripped,1632514657,1632601066,1648345286,4373.394444444444,4397.396944444445,True,True,True,True,,,,,,False,False,False,False,False
ca2-e7cd16bb64166a6efe64,ca2-e7cd16bb64166a6efe64.json,6d9245a955b84b956f7c0b18baa72a4ae8f69968af637742554437e208355abc,ethereum,0x65c210c59b43eb68112b7a4f75c8393c36491f06,ethereum:0x65c210c59b43eb68112b7a4f75c8393c36491f06,7075b1d9a6e82589d2ff7421d4cbce6a326a4e28230c42167adfead7e3cfa8fb,7075b1d9a6e82589d2ff7421d4cbce6a326a4e28230c42167adfead7e3cfa8fb,metadata_not_recognized,1708377527,1708463927,1709122187,182.85,206.85,True,True,True,False,,,,,0x45e15d1e4f92f28a916f4f2971ad9adc278e148b,False,False,False,True,True
ca2-e92eb18ffd5cb5150b66,ca2-e92eb18ffd5cb5150b66.json,1f281eabcf71478d6dd9e625cc541c7214440f324e4845d7c6c33e43bbc5718a,bsc,0xa7e92345ddf541aa5cf60fee2a0e721c50ca1adb,bsc:0xa7e92345ddf541aa5cf60fee2a0e721c50ca1adb,e0d7f66e954b196abc863cd23a11fd21a3a0bc97d0e4dc8411f87cb3e15537d5,1d66e730af5938cd5229367a8141468bb4ca21414c48b84afb546a364bec4186,metadata_stripped,1732266513,1732352915,1732453673,27.988333333333333,51.98888888888889,True,True,False,False,,,,,,False,False,False,False,False
ca2-ea9f778a9d9aef43fc02,ca2-ea9f778a9d9aef43fc02.json,e9ea4625f27fe7880ce1645ae43c26ee4917e2573020ba63b61a9011d8bd94f9,ethereum,0xdee8a9ac2c2819fe6a3bae45a12bff70c604805a,ethereum:0xdee8a9ac2c2819fe6a3bae45a12bff70c604805a,bc13677c46f7fa6e3b31b9e1a815ff0a3a8e5a3a156bb5432da23c39538e38a3,64a2d6dd12fff90e2acf43ac17d119412b74569a0dcc210c044c305b74bceb0f,metadata_stripped,1748046551,1748132951,1751499707,935.21,959.21,True,True,True,True,,,,,,False,False,False,False,False
ca2-eaf1e84be2ca5fa8830a,ca2-eaf1e84be2ca5fa8830a.json,6e9e9840aa063038393eab73ac2dcecbeb2c6d5b9fba1ed9b66de1b4f5624541,ethereum,0xa6447f6156effd23ec3b57d5edd978349e4e192d,ethereum:0xa6447f6156effd23ec3b57d5edd978349e4e192d,785e5916c7dcc24ba2e53a495f24380a44c8088a73707fec1a19a29880448f68,57a0c3cfef7d5a5e6de7498508b0c88c6360c070579d8921eaac5255a6ea651a,metadata_stripped,1715768795,1715855195,1717940435,579.2333333333333,603.2333333333333,True,True,True,False,,,,,,False,False,False,False,False
ca2-eafba3ad227d4a51d107,ca2-eafba3ad227d4a51d107.json,70b22f4c5e8c05a6294ef606de361a02ac407060b26c85ba1745bc8fe3835e04,bsc,0xdec12a1dcbc1f741ccd02dfd862ab226f6383003,bsc:0xdec12a1dcbc1f741ccd02dfd862ab226f6383003,a7be0e21c12ef86529be8e6fb648741138e72fb453511a7c5f7639dd454920ff,12a7778fa53e12e8b3e1b7caf8d7a39c68b98bece9c626ac3d9aeb3e2d13b263,metadata_stripped,1686562518,1686648918,1688739883,580.8236111111111,604.8236111111111,True,True,True,False,,,,,,False,False,False,False,False
ca2-eaff56dcacef885f96a2,ca2-eaff56dcacef885f96a2.json,ab961c4f589081a40bef291355d04f34d71a4192b336489b27f61a7b744828af,bsc,0xde698b5bbb4a12ddf2261bbdf8e034af34399999,bsc:0xde698b5bbb4a12ddf2261bbdf8e034af34399999,c64fd5adbfac5cc404bb6751aa2643a92d4c902e6de5e4fa4af18e39feb3a510,658f1f38bfc8ba9c16800c95fce12818140d30bc7cb9f7470636888da46c2e28,metadata_stripped,1710173567,1710259969,1711199892,261.08972222222224,285.09027777777777,True,True,True,False,,,,,,False,False,False,False,False
ca2-ed09542f8921c91cd3ec,ca2-ed09542f8921c91cd3ec.json,217796f890550b8508534a363cb4b76d7c816ed2a5ee8bac7ae59066b6dbfceb,ethereum,0x47ddb6a433b76117a98fbeab5320d8b67d468e31,ethereum:0x47ddb6a433b76117a98fbeab5320d8b67d468e31,b61b07697eef4b80c330148b6e323ccca221d499078951046a52a6275c4dddb1,7e5cf86f068b0cf4182924d5fe1313ddfc4075633fe9c3b4758430321f66556c,metadata_stripped,1697802095,1697888495,1713943103,4459.613333333334,4483.613333333334,True,True,True,True,,,,,,False,False,False,False,False
ca2-ed5ea743787aecff1e56,ca2-ed5ea743787aecff1e56.json,5139ad5737f88b2e87be73617996e3c5572feed9e3cb5f52e29c70cbacf5837e,ethereum,0xbb787d6243a8d450659e09ea6fd82f1c859691e9,ethereum:0xbb787d6243a8d450659e09ea6fd82f1c859691e9,be2515cf36ae52487b9bf857b4585bba97f87dcc34b593b4e69c79f73c501901,b4bad90d2ffb912f38083f8d0c274baee054ed4e16d62cc4a889e1c325693166,metadata_stripped,1688128343,1688214743,1689935699,478.04333333333335,502.04333333333335,True,True,True,False,,,,,,False,False,False,False,False
ca2-ee23a7f09f8e25f5c7d9,ca2-ee23a7f09f8e25f5c7d9.json,7c9ff9e69886b11a16a2911d92c632bdf1e86c66a33006ff2bb5bf1fb1da3435,bsc,0x2287c04a15bb11ad1358ba5702c1c95e2d13a5e0,bsc:0x2287c04a15bb11ad1358ba5702c1c95e2d13a5e0,0f9f030d777ae090e952084f7108478752518309bdac64beb6c627579f3dcfc1,840ac77a4a4010f64dbeda40424fefbeb99b2488b95c81faed7932347a1e8f30,metadata_stripped,1657522555,1657608955,1657743400,37.34583333333333,61.34583333333333,True,True,False,False,,,,,,False,False,False,False,False
ca2-ee795333beb4dcb94cce,ca2-ee795333beb4dcb94cce.json,5d6a28a1d1ae875723247d454e3c3cab859dc4528758ffe2755ba0ad0d7d05f3,ethereum,0xb5599f568d3f3e6113b286d010d2bca40a7745aa,ethereum:0xb5599f568d3f3e6113b286d010d2bca40a7745aa,b5fa17d256c693e8c6e7402853192fc291835cb40f5653a98f73d0287862ee7d,6388a9f65d500cab629cbfbc74ee137442cd97ffbf80a39bf1235b250dea8011,metadata_stripped,1607274731,1607361131,1675353383,18886.736666666668,18910.736666666668,True,True,True,True,0x5966e2a40e65954d229f020e989be296ec116746,0xee913f6f0016db2929a0b2061a38f1461ef93477,,,,True,True,False,False,True
ca2-efe411bc9d7f06b1ba73,ca2-efe411bc9d7f06b1ba73.json,6b80e16e18df8b5dbdb4403a5f669352e606a992a5f86f5aa84dffa7f8669f77,ethereum,0xf3a3648bb1da9d3aea107da77e6f5ba9cf313127,ethereum:0xf3a3648bb1da9d3aea107da77e6f5ba9cf313127,cbee289ce56a0ae62f5a9b4b445ff411a3d58a2b5b9f421ddfa94f4dec37b190,8b5691741e7f5bb875b952da82ddb06a465a06216004de009f1c67a08ee87654,metadata_stripped,1703159927,1703246327,1776262763,20282.343333333334,20306.343333333334,True,True,True,True,,,,,,False,False,False,False,False
ca2-f056a955a865b551a342,ca2-f056a955a865b551a342.json,5866f3c40f7b1bc79af77a56d8cc4e6ae7e216d1cfe306e714354ec15cbd93a8,ethereum,0x0e511aa1a137aad267dfe3a6bfca0b856c1a3682,ethereum:0x0e511aa1a137aad267dfe3a6bfca0b856c1a3682,3cec846b68239958db567c515d08c6b451c9317d08c074c0ba15557d4997067a,0ece4ae71303e8e10e8d1964e3257a506114f49a48d6f10ee076ee4df6227eb6,metadata_stripped,1590755833,1590842261,1593367380,701.4219444444444,725.4297222222223,True,True,True,True,,,,,,False,False,False,False,False
ca2-f18eddf4c9f68d58e510,ca2-f18eddf4c9f68d58e510.json,c0a89e35d7a5ded722dfe14620c65e712ab0351d7324eb376549f36e49dafc99,bsc,0x274b3e185c9c8f4ddef79cb9a8dc0d94f73a7675,bsc:0x274b3e185c9c8f4ddef79cb9a8dc0d94f73a7675,ab6bfbf893cb03b43e9ff992bbab71d229d1f1122c6355767b5af8fb1da6616a,11cbb96a174bc5ee29c81b846e5de14020ae68f0402f696b594f739ce1b462c3,metadata_stripped,1683565498,1683651899,1683735401,23.195,47.195277777777775,True,True,False,False,,,,,,False,False,False,False,False
ca2-f2fdba3be5c566aed586,ca2-f2fdba3be5c566aed586.json,8a3f6603e6d7ea6ccb99b244ef5541d71a93e500fe441221106c482449ce52a3,ethereum,0x4e34dd25dbd367b1bf82e1b5527dbbe799fad0d0,ethereum:0x4e34dd25dbd367b1bf82e1b5527dbbe799fad0d0,2a041e3acd0818c9c75b1d5114c8bdec11cf4bc1e87d8a13f3e5018a6df00da4,2a041e3acd0818c9c75b1d5114c8bdec11cf4bc1e87d8a13f3e5018a6df00da4,metadata_not_recognized,1707761651,1707848051,1736679995,8008.873333333333,8032.873333333333,True,True,True,True,,,,,0xc86d2555f8c360d3c5e8e4364f42c1f2d169330e,False,False,False,True,True
ca2-f359ea85ce584fc54da1,ca2-f359ea85ce584fc54da1.json,6f673e382b6289dc23abe0ed6afb4ce81929f5d649f45e68678064e18e8cc0ba,bsc,0xd511096a73292a7419a94354d4c1c73e8a3cd851,bsc:0xd511096a73292a7419a94354d4c1c73e8a3cd851,e518057ee9772b6d5ad104f0c0cbae96d42e5543dcaaff3b39257089ab5fe699,12487716809e31b6703ad3c3701d7188dfe813e4e04c5ba3968c4261bc8c1a7f,metadata_stripped,1730980070,1731066471,1741988827,3033.987777777778,3057.9880555555555,True,True,True,True,0xc39c54868a4f842b02a99339f4a57a44efc310b8,0xe33aa245b3d74d4117caa00564ac55d5fa2b99cb,,,,True,True,False,False,True
ca2-f39ef961ac91c6d34016,ca2-f39ef961ac91c6d34016.json,45efcadc75ea9ab22711c03a74b5756563ce52a94bb5425baa3a7e9bc8344227,ethereum,0xd1a1c248b253f1fc60eacd90777b9a63f8c8c1bc,ethereum:0xd1a1c248b253f1fc60eacd90777b9a63f8c8c1bc,2dc9a7d2b5d63f7c932f9771f805770a182fc9a03ce095651e7f6045da439c8e,80ee2da67eb8e10f4fd53d8d948b8b3647360d75efe873bcea5b52888033555e,metadata_stripped,1761401627,1761488027,1768880423,2053.443333333333,2077.443333333333,True,True,True,True,,,0x3f5a881db86d6f495823028a1e892e7b2cd7e162,0x06147e073b854521c7b778280e7d7dbafb2d4898,,False,False,True,False,True
ca2-f3e658093e457630a524,ca2-f3e658093e457630a524.json,c355581bd375a49fee603b7ad636e34126335193b92357469239e076e6e0ae24,bsc,0xa3f5ea945c4970f48e322f1e70f4cc08e70039ee,bsc:0xa3f5ea945c4970f48e322f1e70f4cc08e70039ee,5c37ce78af82ed173f11ef9a4ee139849daaa57e900eb93f6a0d338c1cd7d900,2b19312008ce63bcb1a8bf23069c4fa93c867c3bd412f56c2684563762d21d76,metadata_stripped,1672156514,1672242915,1682809472,2935.154722222222,2959.155,True,True,True,True,,,,,,False,False,False,False,False
ca2-f459648a3f9405d0f148,ca2-f459648a3f9405d0f148.json,b762ac277618555eb467304d58178ddb012e1c0e2159caf4febcc65cc39eb57e,base,0xc859ac8429fb4a5e24f24a7bed3fe3a8db4fb371,base:0xc859ac8429fb4a5e24f24a7bed3fe3a8db4fb371,344672492bd517bed0eebda19504ac62ed284de44ebb4a449fd8e18348921a69,369cc3256a3d37ef0053553efe9fe7f4661fc2718d6b9938443ecd78f4e14e7f,metadata_stripped,1760254509,1760340909,1768866613,2368.251111111111,2392.251111111111,True,True,True,True,,,,,,False,False,False,False,False
ca2-f4910903d7134e1d631f,ca2-f4910903d7134e1d631f.json,dbaa0f1f12225f6ec4a0b05b5757931977e62ca4c4cb2f382a7aeebeba213b4e,ethereum,0x05999eb831ae28ca920ce645a5164fbdb1d74fe9,ethereum:0x05999eb831ae28ca920ce645a5164fbdb1d74fe9,f703ccf6d0ee1f10f45ba5b83696785d6ce1ce63f632bded34fbf5fd3bdc81e3,c119ca3a47c7a854add5430f89dd93b5557280e61bdea0ad56c547ec14c5340c,metadata_stripped,1691534375,1691620775,1693917719,638.04,662.04,True,True,True,False,,,,,,False,False,False,False,False
ca2-f4a91ff1efea083dedab,ca2-f4a91ff1efea083dedab.json,51e8770a34134a8460f64512087c52e0a1bb99ba3ca5dddacf08c8586547a4b3,bsc,0x62951cad7659393bf07fbe790cf898a3b6d317cb,bsc:0x62951cad7659393bf07fbe790cf898a3b6d317cb,90c77d30b6667f7a2a97d1ae414aeabe31955508e026d70af9e0b0d24ec092b1,d98cabdeec2c2ed001c1a4f97211e8bce6a99b5dd374c3e6b736e5cb40c412b9,metadata_stripped,1770917001,1771003401,1771774364,214.1563888888889,238.1563888888889,True,True,True,False,,,,,,False,False,False,False,False
ca2-f4c153bbeb9c3fff7e54,ca2-f4c153bbeb9c3fff7e54.json,4062423e09c0fcfc6493d073c9f843429379fc3e0d8eeb305be0c23e438099a9,bsc,0xe1e1aa58983f6b8ee8e4ecd206cea6578f036c21,bsc:0xe1e1aa58983f6b8ee8e4ecd206cea6578f036c21,95f7606033988f5474bf43c2e70c22b7f2ca5337af2a1c37afcb36bc42118331,8cd63ba63c661a72a758b98d85b7b776acdc3c173b2bf6114831e82b95cbd1de,metadata_stripped,1627631263,1627717665,1629142808,395.87305555555554,419.87361111111113,True,True,True,False,,,,,,False,False,False,False,False
ca2-f52d9b4393b86654cabd,ca2-f52d9b4393b86654cabd.json,26f04e030da945a229a968a79250050adb884c374e20970900de335375ca78cb,ethereum,0x40c31236b228935b0329eff066b1ad96e319595e,ethereum:0x40c31236b228935b0329eff066b1ad96e319595e,58689a10c1993bfb3013bde46c9657c8b2e6fa6b61a2a0911953d40bb4276987,e8111f4f258ca7d3d7796a705719f331477e8c0ff28b8da9e072d56d2c301d51,metadata_stripped,1699983551,1700069951,1702438223,657.8533333333334,681.8533333333334,True,True,True,False,0xe468b43b4ae4d750cd6a5d7edacc1a751302c99c,0xba86cd28d937f1cc7c74a365368477408578364a,,,,True,True,False,False,True
ca2-f655d6375b3979edab38,ca2-f655d6375b3979edab38.json,82b58be2a1c975e87ee702ea63fe95eeabeb5bafef2ded89ff6928fd8c667aef,bsc,0x3de669c4f1f167a8afbc9993e4753b84b576426f,bsc:0x3de669c4f1f167a8afbc9993e4753b84b576426f,dd65301e4a8ec2ddfb7abf06eb2581d4c0242b2ced3f7aa344ed2bc65a5973d4,82c06f5d00db5268f29a53d32df2a3a0dea2380d624f539d9a734d3fcfcdce3d,metadata_stripped,1601214475,1601300875,1619887116,5162.844722222222,5186.844722222222,True,True,True,True,,,,,,False,False,False,False,False
ca2-f6ff26fef2c7c8239a54,ca2-f6ff26fef2c7c8239a54.json,a2fa26a3ca377424e77b395be5f23bd4247cbe14f31b8b1194d33be82dde1061,bsc,0xcff086ead392ccb39c49ecda8c974ad5238452ac,bsc:0xcff086ead392ccb39c49ecda8c974ad5238452ac,79a66d14798b955997ba6514c467a68863a1847c3bb31767ab6f4ee350ddd21a,bb899e511020bec9a47af673c1bfc4c5ce3530918afc4aa6199877056fcd449a,metadata_stripped,1664382391,1664468793,1665406418,260.4513888888889,284.45194444444445,True,True,True,False,,,,,,False,False,False,False,False
ca2-f7368dc0ef887de15bf4,ca2-f7368dc0ef887de15bf4.json,708ab44905d935d62b395dc31d8f0088be8e6ef623a66ee092025dcd2362998e,bsc,0x1f7cf218b46e613d1ba54cac11dc1b5368d94fb7,bsc:0x1f7cf218b46e613d1ba54cac11dc1b5368d94fb7,2ad800233ad15684c39f64824824cb7174f1c7d24b83cb49349798cd09691c20,3cb78c74a317feefe49322945ed73343f353cf3c7bfa9788977d0523a42e0810,metadata_stripped,1626356217,1626442618,1695977359,19315.205833333333,19339.20611111111,True,True,True,True,,,,,,False,False,False,False,False
ca2-f869139a8dcac0542bd9,ca2-f869139a8dcac0542bd9.json,6a9d84a74dfcb0ab84eee8908bc61182d67e4ed7a0a60402711b6b336b453162,bsc,0xc10e0319337c7f83342424df72e73a70a29579b2,bsc:0xc10e0319337c7f83342424df72e73a70a29579b2,c9954eea8e134dbd33572e4729e590878946a9471566a5fd3927e62e08928402,c45f14e90190214cc736164ae3907c0447fdfaa23a87ff0cff608172c0dd9c9a,metadata_stripped,1737113482,1737199882,1737475209,76.47972222222222,100.47972222222222,True,True,False,False,,,,,,False,False,False,False,False
ca2-fa0880968324b82371e6,ca2-fa0880968324b82371e6.json,d3f609119ebec98190cbfcc1dbe39a0769990cd8d2702bae289eb01eefaae7cd,bsc,0xc54aaecf5fa1b6c007d019a9d14dfb4a77cc3039,bsc:0xc54aaecf5fa1b6c007d019a9d14dfb4a77cc3039,0a30e122f5bd87fde562b6779f0cbcf48e3ec36b08ffa9e587017f0bae4917e3,ef7921bd4e57c48df7f5df6f51624bf737fcb24ac7163f1cbce816af8adc9f9c,metadata_stripped,1618960244,1619046646,1687379212,18981.268333333333,19005.268888888888,True,True,True,True,,,,,,False,False,False,False,False
ca2-fb44a0ed0d7b6f375c60,ca2-fb44a0ed0d7b6f375c60.json,8272be845c40c2ed18abc4abad909661efb0e63347759edda86fd4804ade9a81,ethereum,0x37e49bf3749513a02fa535f0cbc383796e8107e4,ethereum:0x37e49bf3749513a02fa535f0cbc383796e8107e4,626f43b29a1ac93b7edc9d8d0b1b1e436451dc036283dc7e99252dadc5ead7bc,cc8e3afdfa2f07d19656ead5787424953d523ab1ebd18af1140c2e4e34fab3e7,metadata_stripped,1701635315,1701721715,1705087751,935.01,959.01,True,True,True,True,,,,,,False,False,False,False,False
ca2-fdb8417e3a94f2d5fc68,ca2-fdb8417e3a94f2d5fc68.json,7f2d958afa28fe61fd78a89214001479def6e2fa16cb1b5964ade260c8302db9,bsc,0x29ee4526e3a4078ce37762dc864424a089ebba11,bsc:0x29ee4526e3a4078ce37762dc864424a089ebba11,45f26ecedd8159c168d3a10799e0286d81b65267d481c6be25b490e33b2b0b75,c055429b94fd927769a008dbf280207e2d10170bce9ed638cec3eea858e2f1fa,metadata_stripped,1731217559,1731303960,1731874636,158.5211111111111,182.52138888888888,True,True,True,False,,,,,,False,False,False,False,False
ca2-fdd7dce161154c375fb2,ca2-fdd7dce161154c375fb2.json,f7b3ef01c7856bc8d49a01fc9698c11d2faea6e7966dd72f3a22a333afb2dae7,ethereum,0x5d16b8ba2a9a4eca6126635a6ffbf05b52727d50,ethereum:0x5d16b8ba2a9a4eca6126635a6ffbf05b52727d50,31321a1292c322cc8b05680e4a5419712182f28fa85fb4c6db9e84b40f721e79,e8f94bcb6222ea5a3f9da37216fc93bfb828ed9e94309dd07e40dd0b88285180,metadata_stripped,1734632327,1734718727,1734782291,17.656666666666666,41.656666666666666,True,True,False,False,,,,,,False,False,False,False,False
ca2-fe0426b19503c34e1f18,ca2-fe0426b19503c34e1f18.json,4e6294192bb74c352dea72bd582be59ca7f82b1e1b4fbf1744a015981acbed15,bsc,0x664201579057f50d23820d20558f4b61bd80bdda,bsc:0x664201579057f50d23820d20558f4b61bd80bdda,21a0a4fd5f3047014045ebf185b00bc2be78bccaaf66d408c07ced9f7ff86f08,f9ff7ce56cdd21d72eaf487860b896c247b1d846b92e55c40376c8b5478ded5d,metadata_stripped,1706210377,1706296779,1755306490,13613.808611111112,13637.809166666666,True,True,True,True,,,,,,False,False,False,False,False
ca2-feebcd26919bea5b0014,ca2-feebcd26919bea5b0014.json,2803fd8f1f88a64771c0d1da01fed36dd68107d3ccbe4364ba0ffda1d0cad6eb,ethereum,0xf3f84ce038442ae4c4dcb6a8ca8bacd7f28c9bde,ethereum:0xf3f84ce038442ae4c4dcb6a8ca8bacd7f28c9bde,74e805b094b38ea645041e8a4020acef3f00a28c5dd714ca605ec912bbf06d4b,4a4c5d490bdd6e729a5f7423d25a1f7e2171cbfd9a08e54759699aef71073d54,metadata_stripped,1720987763,1721074163,1743176075,6139.42,6163.42,True,True,True,True,,,,,,False,False,False,False,False
ca2-ffbe4d4d4db010d46d01,ca2-ffbe4d4d4db010d46d01.json,aa6f73b28c4d6b95ce1262e7f6ab68b282ac439eb5557a6407405471811ceb19,bsc,0x8bfaa473a899439d8e07bf86a8c6ce5de42fe54b,bsc:0x8bfaa473a899439d8e07bf86a8c6ce5de42fe54b,7d9119df2122507d748cb251f1367491f6e50bd5f5c22d4dc6a420cb61803ed2,fb6b9610fa82511870638ddd5d9ab051cfbf3c9a6a80b288013748d789b1a6a4,metadata_stripped,1627556708,1627643108,1678850159,14224.180833333334,14248.180833333334,True,True,True,True,,,,,,False,False,False,False,False
ca2-ffeb7afe408bddf67264,ca2-ffeb7afe408bddf67264.json,7db436c0419b099e307d123412f263217bf18a38c5e960703c94b0b53fe56788,bsc,0xedecfa18cae067b2489a2287784a543069f950f4,bsc:0xedecfa18cae067b2489a2287784a543069f950f4,0606a606ed29359647756278c723e4b40310f099df1840df72d53601f5415560,6dbb94fb8eb05bda30aa431ae3178c0d513a19dbe10980f433b5c8719c6b8344,metadata_stripped,1707481555,1707567957,1709710072,595.0319444444444,619.0325,True,True,True,False,,,,,,False,False,False,False,False
