abstraction,identity_key,n_cases,n_chains,n_addresses,cross_chain,cross_address,chains,addresses,case_ids
chain_address,arbitrum:0xf7ca7384cc6619866749955065f17bedd3ed80bc,1,1,1,False,False,arbitrum,0xf7ca7384cc6619866749955065f17bedd3ed80bc,ca2-40ca8a9aca77ecfbfe71
chain_address,base:0x26fe408bbd7a490feb056da8e2d1e007938e5685,1,1,1,False,False,base,0x26fe408bbd7a490feb056da8e2d1e007938e5685,ca2-e726d15fcadb675a6a84
chain_address,base:0x6a0b87d6b74f7d5c92722f6a11714dbeda9f3895,1,1,1,False,False,base,0x6a0b87d6b74f7d5c92722f6a11714dbeda9f3895,ca2-5b927b3791414bdc410e
chain_address,base:0x7b5969bb51fa3b002579d7ee41a454ac691716dc,1,1,1,False,False,base,0x7b5969bb51fa3b002579d7ee41a454ac691716dc,ca2-0583d91c7785bb31ad8f
chain_address,base:0x7f12d13b34f5f4f0a9449c16bcd42f0da47af200,1,1,1,False,False,base,0x7f12d13b34f5f4f0a9449c16bcd42f0da47af200,ca2-470ed35ca97a31cab7dd
chain_address,base:0xb6333e994fd02a9255e794c177efbdeb1fe779c7,1,1,1,False,False,base,0xb6333e994fd02a9255e794c177efbdeb1fe779c7,ca2-b40a4160faf772fbf6c8
chain_address,base:0xbeb0b0623f66be8ce162ebdfa2ec543a522f4ea6,1,1,1,False,False,base,0xbeb0b0623f66be8ce162ebdfa2ec543a522f4ea6,ca2-5e2c8b988ed2dd09b840
chain_address,base:0xc859ac8429fb4a5e24f24a7bed3fe3a8db4fb371,1,1,1,False,False,base,0xc859ac8429fb4a5e24f24a7bed3fe3a8db4fb371,ca2-f459648a3f9405d0f148
chain_address,base:0xcfe0de4a50c80b434092f87e106dfa40b71a5563,1,1,1,False,False,base,0xcfe0de4a50c80b434092f87e106dfa40b71a5563,ca2-73f336f589a36742aed4
chain_address,base:0xec942be8a8114bfd0396a5052c36027f2ca6a9d0,1,1,1,False,False,base,0xec942be8a8114bfd0396a5052c36027f2ca6a9d0,ca2-b4208a8c5bb1d965b99f
chain_address,bsc:0x000004a70f92f1b22de1201af76c48365d5d0000,1,1,1,False,False,bsc,0x000004a70f92f1b22de1201af76c48365d5d0000,ca2-68bcc7d0d70c9f4db91a
chain_address,bsc:0x0025b42bfc22cbba6c02d23d4ec2abfcf6e014d4,1,1,1,False,False,bsc,0x0025b42bfc22cbba6c02d23d4ec2abfcf6e014d4,ca2-91206b717060c4fd7b39
chain_address,bsc:0x028c911c10c9e346158206991e02d09bd0a8a35b,1,1,1,False,False,bsc,0x028c911c10c9e346158206991e02d09bd0a8a35b,ca2-33876c68131f30cf0f4a
chain_address,bsc:0x02d841b976298dcd37ed6cc59f75d9dd39a3690c,1,1,1,False,False,bsc,0x02d841b976298dcd37ed6cc59f75d9dd39a3690c,ca2-cd8110008dfe201e0222
chain_address,bsc:0x04df78093e2b66a0387f8c052c8d344d84ca49af,1,1,1,False,False,bsc,0x04df78093e2b66a0387f8c052c8d344d84ca49af,ca2-0fd406d4a5d581dc9171
chain_address,bsc:0x05c2dd9cf547c6cccf91245346e6e1bc9926cae7,1,1,1,False,False,bsc,0x05c2dd9cf547c6cccf91245346e6e1bc9926cae7,ca2-64ef33688d6e79b3439e
chain_address,bsc:0x061944c0f3c2d7dabafb50813efb05c4e0c952e1,1,1,1,False,False,bsc,0x061944c0f3c2d7dabafb50813efb05c4e0c952e1,ca2-382283494db3462edcb4
chain_address,bsc:0x0fc91b6fea2e7a827a8c99c91101ed36c638521b,1,1,1,False,False,bsc,0x0fc91b6fea2e7a827a8c99c91101ed36c638521b,ca2-c5014cea82de5130aa96
chain_address,bsc:0x0fdfcfc398ccc90124a0a41d920d6e2d0bd8ccf5,1,1,1,False,False,bsc,0x0fdfcfc398ccc90124a0a41d920d6e2d0bd8ccf5,ca2-573d346bb7ac970e759a
chain_address,bsc:0x109ea28dbdea5e6ec126fbc8c33845dfe812a300,1,1,1,False,False,bsc,0x109ea28dbdea5e6ec126fbc8c33845dfe812a300,ca2-275669506c0506e44e0f
chain_address,bsc:0x10bc28d2810dd462e16facff18f78783e859351b,1,1,1,False,False,bsc,0x10bc28d2810dd462e16facff18f78783e859351b,ca2-742774bf4edd46ad6f87
chain_address,bsc:0x1292267f726e6f313972ec4e14578735473e1649,1,1,1,False,False,bsc,0x1292267f726e6f313972ec4e14578735473e1649,ca2-2d415ee24d090e5e26dc
chain_address,bsc:0x12b3b6b1055b8ad1ae8f60a0b6c79a9825bcb4bc,1,1,1,False,False,bsc,0x12b3b6b1055b8ad1ae8f60a0b6c79a9825bcb4bc,ca2-2f4322a54fd6caa407fe
chain_address,bsc:0x13b1f2e227ca6f8e08ac80368fd637f5084f10a5,1,1,1,False,False,bsc,0x13b1f2e227ca6f8e08ac80368fd637f5084f10a5,ca2-db4133161e8ad967d9de
chain_address,bsc:0x16d0a151297a0393915239373897bcc955882110,1,1,1,False,False,bsc,0x16d0a151297a0393915239373897bcc955882110,ca2-76efd7743f4d9234ff8d
chain_address,bsc:0x179aad597399b9ae078acfe2b746c09117799ca0,1,1,1,False,False,bsc,0x179aad597399b9ae078acfe2b746c09117799ca0,ca2-3ef6014a26a0b205a68e
chain_address,bsc:0x17bd2e09fa4585c15749f40bb32a6e3db58522ba,1,1,1,False,False,bsc,0x17bd2e09fa4585c15749f40bb32a6e3db58522ba,ca2-9b437de06c56cc873e8a
chain_address,bsc:0x1954b6bd198c29c3ecf2d6f6bc70a4d41ea1cc07,1,1,1,False,False,bsc,0x1954b6bd198c29c3ecf2d6f6bc70a4d41ea1cc07,ca2-6d220be49d90b51ca6fd
chain_address,bsc:0x1962b3356122d6a56f978e112d14f5e23a25037d,1,1,1,False,False,bsc,0x1962b3356122d6a56f978e112d14f5e23a25037d,ca2-786342530794b2d0e951
chain_address,bsc:0x1ac5fac863c0a026e029b173f2ae4d33938ab473,1,1,1,False,False,bsc,0x1ac5fac863c0a026e029b173f2ae4d33938ab473,ca2-5293bf48f2bcc29baaff
chain_address,bsc:0x1befe6f3f0e8edd2d4d15cae97baee01e51ea4a4,1,1,1,False,False,bsc,0x1befe6f3f0e8edd2d4d15cae97baee01e51ea4a4,ca2-2c7f349f1a1765272f4b
chain_address,bsc:0x1bf7fe7568211ecff68b6bc7ccad31ecd8fe8092,1,1,1,False,False,bsc,0x1bf7fe7568211ecff68b6bc7ccad31ecd8fe8092,ca2-42dc2e766a267767f0d8
chain_address,bsc:0x1e813fa05739bf145c1f182cb950da7af046778d,1,1,1,False,False,bsc,0x1e813fa05739bf145c1f182cb950da7af046778d,ca2-14f7f1899d2468d3cabf
chain_address,bsc:0x1f415255f7e2a8546559a553e962de7bc60d7942,1,1,1,False,False,bsc,0x1f415255f7e2a8546559a553e962de7bc60d7942,ca2-3ceb352e665fb61f7402
chain_address,bsc:0x1f7cf218b46e613d1ba54cac11dc1b5368d94fb7,1,1,1,False,False,bsc,0x1f7cf218b46e613d1ba54cac11dc1b5368d94fb7,ca2-f7368dc0ef887de15bf4
chain_address,bsc:0x1f8336aef584795e282fece8de356babd7734c59,1,1,1,False,False,bsc,0x1f8336aef584795e282fece8de356babd7734c59,ca2-6330139e9160d6464fd9
chain_address,bsc:0x21125d94cfe886e7179c8d2fe8c1ea8d57c73e0e,1,1,1,False,False,bsc,0x21125d94cfe886e7179c8d2fe8c1ea8d57c73e0e,ca2-56bcc5cdf2d34dd9c4fb
chain_address,bsc:0x21ab8943380b752306abf4d49c203b011a89266b,1,1,1,False,False,bsc,0x21ab8943380b752306abf4d49c203b011a89266b,ca2-ce552f38ab8199ed551d
chain_address,bsc:0x2287c04a15bb11ad1358ba5702c1c95e2d13a5e0,1,1,1,False,False,bsc,0x2287c04a15bb11ad1358ba5702c1c95e2d13a5e0,ca2-ee23a7f09f8e25f5c7d9
chain_address,bsc:0x2496b87189d5ae18d4d83b8a7039b0c8a07d98d4,1,1,1,False,False,bsc,0x2496b87189d5ae18d4d83b8a7039b0c8a07d98d4,ca2-421dd5bf165b069c74f3
chain_address,bsc:0x2607118d363789f841d952f02e359bfa483955f9,1,1,1,False,False,bsc,0x2607118d363789f841d952f02e359bfa483955f9,ca2-00003c2c7afe8e9ef32d
chain_address,bsc:0x26f1457f067bf26881f311833391b52ca871a4b5,1,1,1,False,False,bsc,0x26f1457f067bf26881f311833391b52ca871a4b5,ca2-cb9d62babfef067f9bc8
chain_address,bsc:0x274b3e185c9c8f4ddef79cb9a8dc0d94f73a7675,1,1,1,False,False,bsc,0x274b3e185c9c8f4ddef79cb9a8dc0d94f73a7675,ca2-f18eddf4c9f68d58e510
chain_address,bsc:0x27539b1dee647b38e1b987c41c5336b1a8dce663,1,1,1,False,False,bsc,0x27539b1dee647b38e1b987c41c5336b1a8dce663,ca2-60b7a39b3acbf3ed1937
chain_address,bsc:0x27dd6e51bf715cfc0e2fe96af26fc9ded89e4be8,1,1,1,False,False,bsc,0x27dd6e51bf715cfc0e2fe96af26fc9ded89e4be8,ca2-411b50fea47298d98579
chain_address,bsc:0x29b2525e11bc0b0e9e59f705f318601ea6756645,1,1,1,False,False,bsc,0x29b2525e11bc0b0e9e59f705f318601ea6756645,ca2-8cf05be564db7065817c
chain_address,bsc:0x29ee4526e3a4078ce37762dc864424a089ebba11,1,1,1,False,False,bsc,0x29ee4526e3a4078ce37762dc864424a089ebba11,ca2-fdb8417e3a94f2d5fc68
chain_address,bsc:0x2b45dd1d909c01aad96fa6b67108d691b432f351,1,1,1,False,False,bsc,0x2b45dd1d909c01aad96fa6b67108d691b432f351,ca2-92eeb1ebc356ab25288f
chain_address,bsc:0x2b806e6d78d8111dd09c58943b9855910bade005,1,1,1,False,False,bsc,0x2b806e6d78d8111dd09c58943b9855910bade005,ca2-e488b8f22881b9feaedd
chain_address,bsc:0x2b9bda587ee04fe51c5431709afbafb295f94bb4,1,1,1,False,False,bsc,0x2b9bda587ee04fe51c5431709afbafb295f94bb4,ca2-5e2d8f30a0d9b1dc548d
chain_address,bsc:0x2ba9d4a8c41c60b71ff7df2c3f54b008644b954e,1,1,1,False,False,bsc,0x2ba9d4a8c41c60b71ff7df2c3f54b008644b954e,ca2-98f2e78eb7b0c6b2a380
chain_address,bsc:0x2c25aee99ed08a61e7407a5674bc2d1a72b5d8e3,1,1,1,False,False,bsc,0x2c25aee99ed08a61e7407a5674bc2d1a72b5d8e3,ca2-31fe70569e5c85e1450b
chain_address,bsc:0x2f3f25046ea518d1e524b8fb6147c656d6722ced,1,1,1,False,False,bsc,0x2f3f25046ea518d1e524b8fb6147c656d6722ced,ca2-0a80356999aee511c6c7
chain_address,bsc:0x31bfa137c76561ef848c2af9ca301b60451caac0,1,1,1,False,False,bsc,0x31bfa137c76561ef848c2af9ca301b60451caac0,ca2-5616b56d8b8cbc0a3ebe
chain_address,bsc:0x32b166e082993af6598a89397e82e123ca44e74e,1,1,1,False,False,bsc,0x32b166e082993af6598a89397e82e123ca44e74e,ca2-024816e85dcbd941c181
chain_address,bsc:0x32dffc3fe8e3ef3571bf8a72c0d0015c5373f41d,1,1,1,False,False,bsc,0x32dffc3fe8e3ef3571bf8a72c0d0015c5373f41d,ca2-a517ebcd851bcd0a26cd
chain_address,bsc:0x335ddce3f07b0bdafc03f56c1b30d3b269366666,1,1,1,False,False,bsc,0x335ddce3f07b0bdafc03f56c1b30d3b269366666,ca2-604ce8fc1c483067805c
chain_address,bsc:0x33adbf5f1ec364a4ea3a5ca8f310b597b8afdee3,1,1,1,False,False,bsc,0x33adbf5f1ec364a4ea3a5ca8f310b597b8afdee3,ca2-7cd2beaa007600ae46b4
chain_address,bsc:0x34bd6dba456bc31c2b3393e499fa10bed32a9370,1,1,1,False,False,bsc,0x34bd6dba456bc31c2b3393e499fa10bed32a9370,ca2-29064c97bd3050d5cc0b
chain_address,bsc:0x35f5cef517317694df8c50c894080caa8c92af7d,1,1,1,False,False,bsc,0x35f5cef517317694df8c50c894080caa8c92af7d,ca2-17240c1cdca17b758810
chain_address,bsc:0x384b9fb6e42dab87f3023d87ea1575499a69998e,1,1,1,False,False,bsc,0x384b9fb6e42dab87f3023d87ea1575499a69998e,ca2-bc3880c8e3766b6a9ca4
chain_address,bsc:0x3aa2b9de4ce397d93e11699c3f07b769b210bbd5,1,1,1,False,False,bsc,0x3aa2b9de4ce397d93e11699c3f07b769b210bbd5,ca2-3a72b153af20c2c77bb7
chain_address,bsc:0x3da0f00d5c4e544924bc7282e18497c4a4c92046,1,1,1,False,False,bsc,0x3da0f00d5c4e544924bc7282e18497c4a4c92046,ca2-c6f760eb216df807a29b
chain_address,bsc:0x3de669c4f1f167a8afbc9993e4753b84b576426f,1,1,1,False,False,bsc,0x3de669c4f1f167a8afbc9993e4753b84b576426f,ca2-f655d6375b3979edab38
chain_address,bsc:0x42981d0bfbaf196529376ee702f2a9eb9092fcb5,1,1,1,False,False,bsc,0x42981d0bfbaf196529376ee702f2a9eb9092fcb5,ca2-6e83ea5ad89c085e5f5b
chain_address,bsc:0x42e2773508e2ae8ff9434bea599812e28449e2cd,1,1,1,False,False,bsc,0x42e2773508e2ae8ff9434bea599812e28449e2cd,ca2-b917178685db1ed39d90
chain_address,bsc:0x449fea37d339a11efe1b181e5d5462464bba3752,1,1,1,False,False,bsc,0x449fea37d339a11efe1b181e5d5462464bba3752,ca2-71d01a519d5b777ca8d5
chain_address,bsc:0x46ba8a59f4863bd20a066fd985b163235425b5f9,1,1,1,False,False,bsc,0x46ba8a59f4863bd20a066fd985b163235425b5f9,ca2-76e88e5b8b6fbabe3012
chain_address,bsc:0x4726010da871f4b57b5031e3ea48bde961f122aa,2,1,1,False,False,bsc,0x4726010da871f4b57b5031e3ea48bde961f122aa,ca2-61379f018c08925d7ecc|ca2-87e3cee3e857278adb8f
chain_address,bsc:0x489afbaed0ea796712c9a6d366c16ca3876d8184,1,1,1,False,False,bsc,0x489afbaed0ea796712c9a6d366c16ca3876d8184,ca2-8eea98fa7851e4eaf7d3
chain_address,bsc:0x493361d6164093936c86dcb35ad03b4c0d032076,1,1,1,False,False,bsc,0x493361d6164093936c86dcb35ad03b4c0d032076,ca2-7efff287d58605a4cc72
chain_address,bsc:0x495670e5a43ce393597952b2fe944036e6785baf,1,1,1,False,False,bsc,0x495670e5a43ce393597952b2fe944036e6785baf,ca2-5015a9e901810cc6c613
chain_address,bsc:0x4bbb53252b0cee84e6824e85989ea2eddeec25f1,1,1,1,False,False,bsc,0x4bbb53252b0cee84e6824e85989ea2eddeec25f1,ca2-a1560cfd50c54f038ab4
chain_address,bsc:0x4e87880a72f6896e7e0a635a5838ffc89b13bd17,1,1,1,False,False,bsc,0x4e87880a72f6896e7e0a635a5838ffc89b13bd17,ca2-5c60ed4125f7ab7d31ea
chain_address,bsc:0x518281f34dbf5b76e6cdd3908a6972e8ec49e345,1,1,1,False,False,bsc,0x518281f34dbf5b76e6cdd3908a6972e8ec49e345,ca2-0062515827b6285930f2
chain_address,bsc:0x564d4126af2b195ffaa7fb470ed658b1d9d07a54,1,1,1,False,False,bsc,0x564d4126af2b195ffaa7fb470ed658b1d9d07a54,ca2-003bb3e01f9c7c13410b
chain_address,bsc:0x566777ed780dbbe17c130ae97b9fbc0a3ab829df,1,1,1,False,False,bsc,0x566777ed780dbbe17c130ae97b9fbc0a3ab829df,ca2-94a8114b86699da44092
chain_address,bsc:0x57db19127617b77c8abd9420b5a35502b59870d6,1,1,1,False,False,bsc,0x57db19127617b77c8abd9420b5a35502b59870d6,ca2-429b8f8a4d1baf287471
chain_address,bsc:0x5813d7818c9d8f29a9a96b00031ef576e892def4,1,1,1,False,False,bsc,0x5813d7818c9d8f29a9a96b00031ef576e892def4,ca2-6bc7737cc67404ed8f62
chain_address,bsc:0x595eac4a0ce9b7175a99094680fbe55a774b5464,1,1,1,False,False,bsc,0x595eac4a0ce9b7175a99094680fbe55a774b5464,ca2-5aa3d29494fdde461d33
chain_address,bsc:0x5abde8b434133c98c36f4b21476791d95d888bf5,1,1,1,False,False,bsc,0x5abde8b434133c98c36f4b21476791d95d888bf5,ca2-10135a96af2e104eb4a4
chain_address,bsc:0x5c9f1a9ced41ccc5dcecda5afc317b72f1e49636,1,1,1,False,False,bsc,0x5c9f1a9ced41ccc5dcecda5afc317b72f1e49636,ca2-e5a8dccafb3c4f63fdb2
chain_address,bsc:0x5dfc7f3ebbb9cbfe89bc3fb70f750ee229a59f8c,1,1,1,False,False,bsc,0x5dfc7f3ebbb9cbfe89bc3fb70f750ee229a59f8c,ca2-7063be755a02e6e0df10
chain_address,bsc:0x5e5e28029ef37fc97ffb763c4ac1f532bbd4c7a2,1,1,1,False,False,bsc,0x5e5e28029ef37fc97ffb763c4ac1f532bbd4c7a2,ca2-9b3232b290b3e5a209ad
chain_address,bsc:0x5fbbb391d54f4fb1d1cf18310c93d400bc80042e,1,1,1,False,False,bsc,0x5fbbb391d54f4fb1d1cf18310c93d400bc80042e,ca2-3626b19eb243950f0171
chain_address,bsc:0x62951cad7659393bf07fbe790cf898a3b6d317cb,1,1,1,False,False,bsc,0x62951cad7659393bf07fbe790cf898a3b6d317cb,ca2-f4a91ff1efea083dedab
chain_address,bsc:0x633e538ecf0bee1a18c2edfe10c4da0d6e71e77b,1,1,1,False,False,bsc,0x633e538ecf0bee1a18c2edfe10c4da0d6e71e77b,ca2-7c6082cada48d720f171
chain_address,bsc:0x633fa755a83b015cccdc451f82c57ea0bd32b4b4,1,1,1,False,False,bsc,0x633fa755a83b015cccdc451f82c57ea0bd32b4b4,ca2-ac986ab36ff83135b05f
chain_address,bsc:0x64f291de10ecd36d5f7b64aaebc70943cface28e,1,1,1,False,False,bsc,0x64f291de10ecd36d5f7b64aaebc70943cface28e,ca2-e017525389c5fba3ce28
chain_address,bsc:0x664201579057f50d23820d20558f4b61bd80bdda,1,1,1,False,False,bsc,0x664201579057f50d23820d20558f4b61bd80bdda,ca2-fe0426b19503c34e1f18
chain_address,bsc:0x6666625ab26131b490e7015333f97306f05bf816,1,1,1,False,False,bsc,0x6666625ab26131b490e7015333f97306f05bf816,ca2-8b0370be76c7c7e05d59
chain_address,bsc:0x6844ef18012a383c14e9a76a93602616ee9d6132,1,1,1,False,False,bsc,0x6844ef18012a383c14e9a76a93602616ee9d6132,ca2-c5f49d371d24304e62b2
chain_address,bsc:0x6b869795937dd2b6f4e03d5a0ffd07a8ad8c095b,1,1,1,False,False,bsc,0x6b869795937dd2b6f4e03d5a0ffd07a8ad8c095b,ca2-62fc7b9b9ac57e1b7351
chain_address,bsc:0x6bbef6df8db12667ae88519090984e4f871e5feb,1,1,1,False,False,bsc,0x6bbef6df8db12667ae88519090984e4f871e5feb,ca2-969e97a830e1fdab4f58
chain_address,bsc:0x6bc9b4976ba6f8c9574326375204ee469993d038,1,1,1,False,False,bsc,0x6bc9b4976ba6f8c9574326375204ee469993d038,ca2-d3a51f08e6355a17ca20
chain_address,bsc:0x6beee2b57b064eac5f432fc19009e3e78734eabc,1,1,1,False,False,bsc,0x6beee2b57b064eac5f432fc19009e3e78734eabc,ca2-9c986971a7cb2a1d5317
chain_address,bsc:0x6ce69d7146dbaae18c11c36d8d94428623b29d5a,1,1,1,False,False,bsc,0x6ce69d7146dbaae18c11c36d8d94428623b29d5a,ca2-b54a80c704cbcc128875
chain_address,bsc:0x6f3390c6c200e9be81b32110ce191a293dc0eaba,1,1,1,False,False,bsc,0x6f3390c6c200e9be81b32110ce191a293dc0eaba,ca2-d6090a50e7b7e86d2afd
chain_address,bsc:0x6f40a3d0c89cffdc8a1af212a019c220a295e9bb,1,1,1,False,False,bsc,0x6f40a3d0c89cffdc8a1af212a019c220a295e9bb,ca2-9ed4dcb42bc3e395722f
chain_address,bsc:0x6fb2020c236bbd5a7ddeb07e14c9298642253333,1,1,1,False,False,bsc,0x6fb2020c236bbd5a7ddeb07e14c9298642253333,ca2-441ed1a86d9edadc1707
chain_address,bsc:0x700ee24c350739e323dcf6a50ae3e7a3329c86ae,1,1,1,False,False,bsc,0x700ee24c350739e323dcf6a50ae3e7a3329c86ae,ca2-0119280f82385cf56670
chain_address,bsc:0x7057f3b0f4d0649b428f0d8378a8a0e7d21d36a7,1,1,1,False,False,bsc,0x7057f3b0f4d0649b428f0d8378a8a0e7d21d36a7,ca2-9aabe02b00ee6b15427c
chain_address,bsc:0x70678291bddfd95498d1214be368e19e882f7614,1,1,1,False,False,bsc,0x70678291bddfd95498d1214be368e19e882f7614,ca2-b141324cdd440e7feb3e
chain_address,bsc:0x70873211cb64c1d4ec027ea63a399a7d07c4085b,1,1,1,False,False,bsc,0x70873211cb64c1d4ec027ea63a399a7d07c4085b,ca2-549aa2c44edd65acedb7
chain_address,bsc:0x72c114a1a4abc65be2be3e356eede296dbb8ba4c,1,1,1,False,False,bsc,0x72c114a1a4abc65be2be3e356eede296dbb8ba4c,ca2-a2f6f3e29675d1bc32f6
chain_address,bsc:0x7314729d691fd074dbba03ca3c6ef3be61b31d34,1,1,1,False,False,bsc,0x7314729d691fd074dbba03ca3c6ef3be61b31d34,ca2-ca1ff798b4f84a39a35d
chain_address,bsc:0x760c2aaa22220f24b9343b2a91a62dd664953853,1,1,1,False,False,bsc,0x760c2aaa22220f24b9343b2a91a62dd664953853,ca2-324926ca92042b3a084e
chain_address,bsc:0x7ac55ac530f2c29659573bde0700c6758d69e677,1,1,1,False,False,bsc,0x7ac55ac530f2c29659573bde0700c6758d69e677,ca2-28489e4d5123e702b7a8
chain_address,bsc:0x7b8c378df8650373d82ceb1085a18fe34031784f,1,1,1,False,False,bsc,0x7b8c378df8650373d82ceb1085a18fe34031784f,ca2-e54f2002a25549da55ac
chain_address,bsc:0x7bacb1c805cbbf7c4f74556a4b34fde7793d0887,1,1,1,False,False,bsc,0x7bacb1c805cbbf7c4f74556a4b34fde7793d0887,ca2-ca180b9c5c90165fb523
chain_address,bsc:0x7c77576a2b48504ebd9ff0810d799651f68742d3,1,1,1,False,False,bsc,0x7c77576a2b48504ebd9ff0810d799651f68742d3,ca2-a1a34caf1169e8bc37ff
chain_address,bsc:0x7db3cbaf736c049933a3af28dbed4a4442aa89d0,1,1,1,False,False,bsc,0x7db3cbaf736c049933a3af28dbed4a4442aa89d0,ca2-b801a4d001ea7844b2c0
chain_address,bsc:0x7dda132dd57b773a94e27c5caa97834a73510429,1,1,1,False,False,bsc,0x7dda132dd57b773a94e27c5caa97834a73510429,ca2-1769b603523b156d5e27
chain_address,bsc:0x7e6c2522fee4e74a0182b9c6159048361bc3260a,1,1,1,False,False,bsc,0x7e6c2522fee4e74a0182b9c6159048361bc3260a,ca2-c3da8c67aae06b7ecce1
chain_address,bsc:0x7fdff64bf87bad52e6430bda30239bd182389ee3,1,1,1,False,False,bsc,0x7fdff64bf87bad52e6430bda30239bd182389ee3,ca2-3ae6d0e93f222f7571b2
chain_address,bsc:0x80121da952a74c06adc1d7f85a237089b57af347,1,1,1,False,False,bsc,0x80121da952a74c06adc1d7f85a237089b57af347,ca2-5d29f9c5eb314dcba612
chain_address,bsc:0x8087720eeea59f9f04787065447d52150c09643e,1,1,1,False,False,bsc,0x8087720eeea59f9f04787065447d52150c09643e,ca2-15ae4c22b54f390dc4fe
chain_address,bsc:0x80a0d7a6fd2a22982ce282933b384568e5c852bf,1,1,1,False,False,bsc,0x80a0d7a6fd2a22982ce282933b384568e5c852bf,ca2-c5a01f6581922c612fa6
chain_address,bsc:0x80df77b2ae5828ff499a735ee823d6cd7cf95f5a,1,1,1,False,False,bsc,0x80df77b2ae5828ff499a735ee823d6cd7cf95f5a,ca2-42413804b9b826875275
chain_address,bsc:0x810f4c6ae97bcc66da5ae6383cc31bd3670f6d13,1,1,1,False,False,bsc,0x810f4c6ae97bcc66da5ae6383cc31bd3670f6d13,ca2-351de4f0c9d0919d5212
chain_address,bsc:0x844fa82f1e54824655470970f7004dd90546bb28,1,1,1,False,False,bsc,0x844fa82f1e54824655470970f7004dd90546bb28,ca2-1110a2625b12e4b110c0
chain_address,bsc:0x84be9475051a08ee5364fba44de7fe83a5ecc4f1,1,1,1,False,False,bsc,0x84be9475051a08ee5364fba44de7fe83a5ecc4f1,ca2-b15231d961b437b62264
chain_address,bsc:0x86e06eafa6a1ea631eab51de500e3d474933739f,1,1,1,False,False,bsc,0x86e06eafa6a1ea631eab51de500e3d474933739f,ca2-b742b64a4c493234640e
chain_address,bsc:0x8785bb8deae13783b24d7afe250d42ea7d7e9d72,1,1,1,False,False,bsc,0x8785bb8deae13783b24d7afe250d42ea7d7e9d72,ca2-4565d5902877fc12ffa7
chain_address,bsc:0x88886f0fd371dff856291badced45922bc888888,1,1,1,False,False,bsc,0x88886f0fd371dff856291badced45922bc888888,ca2-698cd40308a0d9b400f7
chain_address,bsc:0x88b3eb62e363d9f153beab49c5c2ef2e785a375a,1,1,1,False,False,bsc,0x88b3eb62e363d9f153beab49c5c2ef2e785a375a,ca2-6673e21002a8af6f4d12
chain_address,bsc:0x8a6f7834a9d60090668f5db33fec353a7fb4704b,1,1,1,False,False,bsc,0x8a6f7834a9d60090668f5db33fec353a7fb4704b,ca2-11258a259a94c2ae2ec5
chain_address,bsc:0x8b7218cf6ac641382d7c723de8aa173e98a80196,1,1,1,False,False,bsc,0x8b7218cf6ac641382d7c723de8aa173e98a80196,ca2-9975357170a08c396c9a
chain_address,bsc:0x8bc6ce23e5e2c4f0a96429e3c9d482d74171215e,1,1,1,False,False,bsc,0x8bc6ce23e5e2c4f0a96429e3c9d482d74171215e,ca2-22ca428502dddf9f2871
chain_address,bsc:0x8bfaa473a899439d8e07bf86a8c6ce5de42fe54b,1,1,1,False,False,bsc,0x8bfaa473a899439d8e07bf86a8c6ce5de42fe54b,ca2-ffbe4d4d4db010d46d01
chain_address,bsc:0x8fd3d01cc65ea0e4dfffde7ec8159dc99a177f0a,1,1,1,False,False,bsc,0x8fd3d01cc65ea0e4dfffde7ec8159dc99a177f0a,ca2-95b35bd7c797a707a0fe
chain_address,bsc:0x93b621a9f8f1821a6a693a29672ca3d6612a2a7e,1,1,1,False,False,bsc,0x93b621a9f8f1821a6a693a29672ca3d6612a2a7e,ca2-5d15ea73c6fd71a4407d
chain_address,bsc:0x94e06c77b02ade8341489ab9a23451f68c13ec1c,1,1,1,False,False,bsc,0x94e06c77b02ade8341489ab9a23451f68c13ec1c,ca2-36def0144d519bbc5d86
chain_address,bsc:0x977087422c008233615b572fbc3f209ed300063a,1,1,1,False,False,bsc,0x977087422c008233615b572fbc3f209ed300063a,ca2-001b14467ef9b84b416a
chain_address,bsc:0x9823e10a0bf6f64f59964be1a7f83090bf5728ab,1,1,1,False,False,bsc,0x9823e10a0bf6f64f59964be1a7f83090bf5728ab,ca2-c066d2de3bfd20c10ce0
chain_address,bsc:0x99855380e5f48db0a6babeae312b80885a816dce,1,1,1,False,False,bsc,0x99855380e5f48db0a6babeae312b80885a816dce,ca2-ca16a95de7b24c723e35
chain_address,bsc:0x9ad90eeab3caff64a762cb40387ee1bb18bd31e3,1,1,1,False,False,bsc,0x9ad90eeab3caff64a762cb40387ee1bb18bd31e3,ca2-ba9bcac83757e0db9b90
chain_address,bsc:0x9ca66a67dc3d77beb59dc11caf96677843797c08,1,1,1,False,False,bsc,0x9ca66a67dc3d77beb59dc11caf96677843797c08,ca2-30b42ce7f2f4b08cf742
chain_address,bsc:0x9cb928bf50ed220ac8f703bce35be5ce7f56c99c,1,1,1,False,False,bsc,0x9cb928bf50ed220ac8f703bce35be5ce7f56c99c,ca2-8f02fa85c8202388bdf3
chain_address,bsc:0x9d6d817ea5d4a69ff4c4509bea8f9b2534cec108,1,1,1,False,False,bsc,0x9d6d817ea5d4a69ff4c4509bea8f9b2534cec108,ca2-59a1cba91e5790395c7b
chain_address,bsc:0xa2268fcc2fe7a2bb755fbe5a7b3ac346ddfedb9b,1,1,1,False,False,bsc,0xa2268fcc2fe7a2bb755fbe5a7b3ac346ddfedb9b,ca2-196bde1bc084a841e794
chain_address,bsc:0xa2b8a15a07385ea933088c6bcbb38b84c1051a58,1,1,1,False,False,bsc,0xa2b8a15a07385ea933088c6bcbb38b84c1051a58,ca2-99439e8d086734a4e7a2
chain_address,bsc:0xa3f5ea945c4970f48e322f1e70f4cc08e70039ee,1,1,1,False,False,bsc,0xa3f5ea945c4970f48e322f1e70f4cc08e70039ee,ca2-f3e658093e457630a524
chain_address,bsc:0xa4f5d4afd6b9226b3004dd276a9f778eb75f2e9e,1,1,1,False,False,bsc,0xa4f5d4afd6b9226b3004dd276a9f778eb75f2e9e,ca2-627fce499908ff82ad6d
chain_address,bsc:0xa5957e0e2565dc93880da7be32abcbdf55788888,1,1,1,False,False,bsc,0xa5957e0e2565dc93880da7be32abcbdf55788888,ca2-d6ba3397ed249bc3a420
chain_address,bsc:0xa5f3728767f834c591ee99c8c5854b752f39c385,1,1,1,False,False,bsc,0xa5f3728767f834c591ee99c8c5854b752f39c385,ca2-2fce7b426138574319d9
chain_address,bsc:0xa608985f5b40cdf6862bec775207f84280a91e3a,1,1,1,False,False,bsc,0xa608985f5b40cdf6862bec775207f84280a91e3a,ca2-b76182b1e2e51faa9428
chain_address,bsc:0xa7b5eabc3ee82c585f5f4ccc26b81c3bd62ff3a9,1,1,1,False,False,bsc,0xa7b5eabc3ee82c585f5f4ccc26b81c3bd62ff3a9,ca2-d5206e281e59cc007b02
chain_address,bsc:0xa7e92345ddf541aa5cf60fee2a0e721c50ca1adb,1,1,1,False,False,bsc,0xa7e92345ddf541aa5cf60fee2a0e721c50ca1adb,ca2-e92eb18ffd5cb5150b66
chain_address,bsc:0xa8987285e100a8b557f06a7889f79e0064b359f2,1,1,1,False,False,bsc,0xa8987285e100a8b557f06a7889f79e0064b359f2,ca2-a20ccf47b4d8c4cfab79
chain_address,bsc:0xa943ea143cd7e79806d670f4a7cf08f8922a454f,1,1,1,False,False,bsc,0xa943ea143cd7e79806d670f4a7cf08f8922a454f,ca2-36bcb163bd23551701cc
chain_address,bsc:0xabc79b7c5a0f1fe0ac55fcb7e659d5817e530123,1,1,1,False,False,bsc,0xabc79b7c5a0f1fe0ac55fcb7e659d5817e530123,ca2-c362836e579418bb08b8
chain_address,bsc:0xadefb902cab716b8043c5231ae9a50b8b4ee7c4e,1,1,1,False,False,bsc,0xadefb902cab716b8043c5231ae9a50b8b4ee7c4e,ca2-98b03a49b7d20591238a
chain_address,bsc:0xae975a25646e6eb859615d0a147b909c13d31fed,2,1,1,False,False,bsc,0xae975a25646e6eb859615d0a147b909c13d31fed,ca2-96f365accfda88170b34|ca2-aa385c0e97d08a3f6364
chain_address,bsc:0xb000f121a173d7dd638bb080fee669a2f3af9760,1,1,1,False,False,bsc,0xb000f121a173d7dd638bb080fee669a2f3af9760,ca2-a5caf2554c14b71cf9ef
chain_address,bsc:0xb192d4a737430aa61cea4ce9bfb6432f7d42592f,1,1,1,False,False,bsc,0xb192d4a737430aa61cea4ce9bfb6432f7d42592f,ca2-8a1aed9c839187cc890c
chain_address,bsc:0xb1da08c472567eb0ec19639b1822f578d39f3333,1,1,1,False,False,bsc,0xb1da08c472567eb0ec19639b1822f578d39f3333,ca2-59c27a09402366528ab6
chain_address,bsc:0xb2b1dc3204ee8899d6575f419e72b53e370f6b20,1,1,1,False,False,bsc,0xb2b1dc3204ee8899d6575f419e72b53e370f6b20,ca2-d21da7d9fce0924660dc
chain_address,bsc:0xb38c2d2d6a168d41aa8eb4cead47e01badbdcf57,1,1,1,False,False,bsc,0xb38c2d2d6a168d41aa8eb4cead47e01badbdcf57,ca2-a17aa054e6a4e68a65d6
chain_address,bsc:0xb390b07fcf76678089cb12d8e615d5fe494b01fb,1,1,1,False,False,bsc,0xb390b07fcf76678089cb12d8e615d5fe494b01fb,ca2-3d8e91015c9360a5a76f
chain_address,bsc:0xb3a636ac4c271e6cd962cad98eae9cf71f5a49c8,1,1,1,False,False,bsc,0xb3a636ac4c271e6cd962cad98eae9cf71f5a49c8,ca2-0d94b0dee68d0b41352e
chain_address,bsc:0xb47955b5b7eaf49c815ebc389850eb576c460092,1,1,1,False,False,bsc,0xb47955b5b7eaf49c815ebc389850eb576c460092,ca2-7e2e4e06ad319c9c87c0
chain_address,bsc:0xb4e47c13db187d54839cd1e08422af57e5348fc1,1,1,1,False,False,bsc,0xb4e47c13db187d54839cd1e08422af57e5348fc1,ca2-0fab25d3b5b764c482c5
chain_address,bsc:0xb5a0ce3acd6ec557d39afdcbc93b07a1e1a9e3fa,1,1,1,False,False,bsc,0xb5a0ce3acd6ec557d39afdcbc93b07a1e1a9e3fa,ca2-444479add25939f22fc7
chain_address,bsc:0xb6fa6f1dcd686f4a573fd243a6fabb4ba36ba98c,1,1,1,False,False,bsc,0xb6fa6f1dcd686f4a573fd243a6fabb4ba36ba98c,ca2-7d57548f67767829ee9a
chain_address,bsc:0xb75ca3c3e99747d0e2f6e75a9fbd17f5ac03cebe,1,1,1,False,False,bsc,0xb75ca3c3e99747d0e2f6e75a9fbd17f5ac03cebe,ca2-0aa20008e0303e8a5201
chain_address,bsc:0xb7e1d1372f2880373d7c5a931cdbaa73c38663c6,1,1,1,False,False,bsc,0xb7e1d1372f2880373d7c5a931cdbaa73c38663c6,ca2-a40aff558c4a5d19fdb1
chain_address,bsc:0xb8dc09eec82cab2e86c7edc8dd5882dd92d22411,1,1,1,False,False,bsc,0xb8dc09eec82cab2e86c7edc8dd5882dd92d22411,ca2-23403cb09827b5b8f43e
chain_address,bsc:0xbe779d420b7d573c08eee226b9958737b6218888,1,1,1,False,False,bsc,0xbe779d420b7d573c08eee226b9958737b6218888,ca2-9ccf44443a293b02fdd3
chain_address,bsc:0xbf5baea5113e9eb7009a6680747f2c7569dfc2d6,1,1,1,False,False,bsc,0xbf5baea5113e9eb7009a6680747f2c7569dfc2d6,ca2-33375f53486ac02fc6d2
chain_address,bsc:0xc0afd0e40bb3dcaebd9451aa5c319b745bf792b4,1,1,1,False,False,bsc,0xc0afd0e40bb3dcaebd9451aa5c319b745bf792b4,ca2-72ea322ccc16e3e5cbe0
chain_address,bsc:0xc10e0319337c7f83342424df72e73a70a29579b2,1,1,1,False,False,bsc,0xc10e0319337c7f83342424df72e73a70a29579b2,ca2-f869139a8dcac0542bd9
chain_address,bsc:0xc1bb12560468fb255a8e8431bdf883cc4cb3d278,1,1,1,False,False,bsc,0xc1bb12560468fb255a8e8431bdf883cc4cb3d278,ca2-21e1af0751214952c72b
chain_address,bsc:0xc321ac21a07b3d593b269acdace69c3762ca2dd0,1,1,1,False,False,bsc,0xc321ac21a07b3d593b269acdace69c3762ca2dd0,ca2-b89108fafba359a9828c
chain_address,bsc:0xc342774492b54ce5f8ac662113ed702fc1b34972,1,1,1,False,False,bsc,0xc342774492b54ce5f8ac662113ed702fc1b34972,ca2-8ad0e7849cd27bf47eab
chain_address,bsc:0xc54aaecf5fa1b6c007d019a9d14dfb4a77cc3039,1,1,1,False,False,bsc,0xc54aaecf5fa1b6c007d019a9d14dfb4a77cc3039,ca2-fa0880968324b82371e6
chain_address,bsc:0xc6548caf18e20f88cc437a52b6d388b0d54d830d,1,1,1,False,False,bsc,0xc6548caf18e20f88cc437a52b6d388b0d54d830d,ca2-83e922a7f39b2bc4b4b1
chain_address,bsc:0xc6cb12df4520b7bf83f64c79c585b8462e18b6aa,1,1,1,False,False,bsc,0xc6cb12df4520b7bf83f64c79c585b8462e18b6aa,ca2-b9cedafde58efbfc26fe
chain_address,bsc:0xc748673057861a797275cd8a068abb95a902e8de,2,1,1,False,False,bsc,0xc748673057861a797275cd8a068abb95a902e8de,ca2-1a73db8dcf62dc8e4419|ca2-26661d7a70b3c3c3ab9e
chain_address,bsc:0xc98e183d2e975f0567115cb13af893f0e3c0d0bd,1,1,1,False,False,bsc,0xc98e183d2e975f0567115cb13af893f0e3c0d0bd,ca2-7455b4981f74c1b4c51e
chain_address,bsc:0xca11bde05977b3631167028862be2a173976ca11,1,1,1,False,False,bsc,0xca11bde05977b3631167028862be2a173976ca11,ca2-3b5e98c9b74a83f683a0
chain_address,bsc:0xcc61cc9f2632314c9d452aca79104ddf680952b5,1,1,1,False,False,bsc,0xcc61cc9f2632314c9d452aca79104ddf680952b5,ca2-8827a43c9b16b94734ae
chain_address,bsc:0xce1b3e5087e8215876af976032382dd338cf8401,1,1,1,False,False,bsc,0xce1b3e5087e8215876af976032382dd338cf8401,ca2-5ec981d26607ce3dec41
chain_address,bsc:0xcff086ead392ccb39c49ecda8c974ad5238452ac,1,1,1,False,False,bsc,0xcff086ead392ccb39c49ecda8c974ad5238452ac,ca2-f6ff26fef2c7c8239a54
chain_address,bsc:0xd0fbf0a224563d5ffc8a57e4fda6ae080ebcf3d3,1,1,1,False,False,bsc,0xd0fbf0a224563d5ffc8a57e4fda6ae080ebcf3d3,ca2-4146cf0ae387533d1340
chain_address,bsc:0xd188492217f09d18f2b0ece3f8948015981e961a,1,1,1,False,False,bsc,0xd188492217f09d18f2b0ece3f8948015981e961a,ca2-b5a8e682aba465a7a0f6
chain_address,bsc:0xd2f26200cd524db097cf4ab7cc2e5c38ab6ae5c9,1,1,1,False,False,bsc,0xd2f26200cd524db097cf4ab7cc2e5c38ab6ae5c9,ca2-b5392852b27dc3299291
chain_address,bsc:0xd309f0fd5c3b90ecfb7024ede7d329d9582492c5,1,1,1,False,False,bsc,0xd309f0fd5c3b90ecfb7024ede7d329d9582492c5,ca2-b7fe5ed86edfbd9edb3a
chain_address,bsc:0xd3d4b46db01c006fb165879f343fc13174a1ceeb,1,1,1,False,False,bsc,0xd3d4b46db01c006fb165879f343fc13174a1ceeb,ca2-d78f4dfccb15753abb19
chain_address,bsc:0xd4524be41cd452576ab9ff7b68a0b89af8498a91,1,1,1,False,False,bsc,0xd4524be41cd452576ab9ff7b68a0b89af8498a91,ca2-6829820c6abb9fe3a566
chain_address,bsc:0xd4bbf439d3eab5155ca7c0537e583088fb4cfce8,1,1,1,False,False,bsc,0xd4bbf439d3eab5155ca7c0537e583088fb4cfce8,ca2-293982257dd654edb222
chain_address,bsc:0xd511096a73292a7419a94354d4c1c73e8a3cd851,1,1,1,False,False,bsc,0xd511096a73292a7419a94354d4c1c73e8a3cd851,ca2-f359ea85ce584fc54da1
chain_address,bsc:0xd55f01b4b51b7f48912cd8ca3cdd8070a1a9dba5,1,1,1,False,False,bsc,0xd55f01b4b51b7f48912cd8ca3cdd8070a1a9dba5,ca2-cc09312220e115bde016
chain_address,bsc:0xd672b766d66662f5c6fd798a999e1193a7945451,1,1,1,False,False,bsc,0xd672b766d66662f5c6fd798a999e1193a7945451,ca2-c8f07b57035de6f92dd6
chain_address,bsc:0xd990094a611c3de34664dd3664ebf979a1230fc1,1,1,1,False,False,bsc,0xd990094a611c3de34664dd3664ebf979a1230fc1,ca2-0bc1321f2d440dbae4b1
chain_address,bsc:0xdb103fd28ca4b18115f5ce908baaeed7e0f1f101,1,1,1,False,False,bsc,0xdb103fd28ca4b18115f5ce908baaeed7e0f1f101,ca2-522ebe1e13a3ab2c2fe8
chain_address,bsc:0xdbf1c56b2ad121fe705f9b68225378aa6784f3e5,1,1,1,False,False,bsc,0xdbf1c56b2ad121fe705f9b68225378aa6784f3e5,ca2-02e1298629b75e4dec93
chain_address,bsc:0xdca503449899d5649d32175a255a8835a03e4006,1,1,1,False,False,bsc,0xdca503449899d5649d32175a255a8835a03e4006,ca2-5011063427fa6a95c108
chain_address,bsc:0xdd9b223aec6ea56567a62f21ff89585ff125632c,1,1,1,False,False,bsc,0xdd9b223aec6ea56567a62f21ff89585ff125632c,ca2-d08064284319f9724001
chain_address,bsc:0xde698b5bbb4a12ddf2261bbdf8e034af34399999,1,1,1,False,False,bsc,0xde698b5bbb4a12ddf2261bbdf8e034af34399999,ca2-eaff56dcacef885f96a2
chain_address,bsc:0xdec12a1dcbc1f741ccd02dfd862ab226f6383003,1,1,1,False,False,bsc,0xdec12a1dcbc1f741ccd02dfd862ab226f6383003,ca2-eafba3ad227d4a51d107
chain_address,bsc:0xdf4895cd8247284ae3a7b3e28cf6c03113fada5f,1,1,1,False,False,bsc,0xdf4895cd8247284ae3a7b3e28cf6c03113fada5f,ca2-3503e03a9a7fd4a87fe3
chain_address,bsc:0xe1747a23c44f445062078e3c528c9f4c28c50a51,1,1,1,False,False,bsc,0xe1747a23c44f445062078e3c528c9f4c28c50a51,ca2-14bd5d42e2f704e2cc65
chain_address,bsc:0xe1e1aa58983f6b8ee8e4ecd206cea6578f036c21,1,1,1,False,False,bsc,0xe1e1aa58983f6b8ee8e4ecd206cea6578f036c21,ca2-f4c153bbeb9c3fff7e54
chain_address,bsc:0xe445654f3797c5ee36406dbe88fbaa0dfbddb2bb,1,1,1,False,False,bsc,0xe445654f3797c5ee36406dbe88fbaa0dfbddb2bb,ca2-d0b1ccc1d33cfcce8cbb
chain_address,bsc:0xe48b75dc1b131fd3a8364b0580f76efd04cf6e9c,1,1,1,False,False,bsc,0xe48b75dc1b131fd3a8364b0580f76efd04cf6e9c,ca2-3b0aac1754ae5d74f870
chain_address,bsc:0xe4997f98e84c1891e7b57069e177fccf5f4f6094,1,1,1,False,False,bsc,0xe4997f98e84c1891e7b57069e177fccf5f4f6094,ca2-37b12c1f2e2b7af31377
chain_address,bsc:0xe56842ed550ff2794f010738554db45e60730371,1,1,1,False,False,bsc,0xe56842ed550ff2794f010738554db45e60730371,ca2-adacb53105e39eebae4d
chain_address,bsc:0xe613c058701c768e0d04d1bf8e6a6dc1a0c6d48a,1,1,1,False,False,bsc,0xe613c058701c768e0d04d1bf8e6a6dc1a0c6d48a,ca2-55d26359a2d08ac915c0
chain_address,bsc:0xe65e970f065643ba80e5822edff483a1d75263e3,1,1,1,False,False,bsc,0xe65e970f065643ba80e5822edff483a1d75263e3,ca2-a13694fcc2f9f05dda72
chain_address,bsc:0xe732a7bd6706cbd6834b300d7c56a8d2096723a7,1,1,1,False,False,bsc,0xe732a7bd6706cbd6834b300d7c56a8d2096723a7,ca2-59b9ab9a48493aa5ebce
chain_address,bsc:0xe7748fce1d1e2f2fd2dddb5074bd074745dda8ea,1,1,1,False,False,bsc,0xe7748fce1d1e2f2fd2dddb5074bd074745dda8ea,ca2-8accf6f062f57db1f918
chain_address,bsc:0xe968d2e4adc89609773571301abec3399d163c3b,1,1,1,False,False,bsc,0xe968d2e4adc89609773571301abec3399d163c3b,ca2-a5e7a267cfa0aa860481
chain_address,bsc:0xe9d1d2a27458378dd6c6f0b2c390807aed2217ca,1,1,1,False,False,bsc,0xe9d1d2a27458378dd6c6f0b2c390807aed2217ca,ca2-7d8bff5c879f84e09ee4
chain_address,bsc:0xea51801b8f5b88543ddad3d1727400c15b209d8f,1,1,1,False,False,bsc,0xea51801b8f5b88543ddad3d1727400c15b209d8f,ca2-7741e8a9a71601f098a4
chain_address,bsc:0xeab0d46682ac707a06aefb0ac72a91a3fd6fe5d1,1,1,1,False,False,bsc,0xeab0d46682ac707a06aefb0ac72a91a3fd6fe5d1,ca2-dc0f5864cf0c7c7db3d8
chain_address,bsc:0xeccd8b08ac3b587b7175d40fb9c60a20990f8d21,2,1,1,False,False,bsc,0xeccd8b08ac3b587b7175d40fb9c60a20990f8d21,ca2-301863287cb1e49bdbb5|ca2-758d99036031cc6eb400
chain_address,bsc:0xed56784bc8f2c036f6b0d8e04cb83c253e4a6a94,1,1,1,False,False,bsc,0xed56784bc8f2c036f6b0d8e04cb83c253e4a6a94,ca2-3ea99bf48860cd3d90e9
chain_address,bsc:0xedecfa18cae067b2489a2287784a543069f950f4,1,1,1,False,False,bsc,0xedecfa18cae067b2489a2287784a543069f950f4,ca2-ffeb7afe408bddf67264
chain_address,bsc:0xee6de822159765daf0fd72d71529d7ab026ec2f2,1,1,1,False,False,bsc,0xee6de822159765daf0fd72d71529d7ab026ec2f2,ca2-9a214e9ce45a57c562e3
chain_address,bsc:0xef1f39d8391cddcaee62b8b383cb992f46a6ce4f,1,1,1,False,False,bsc,0xef1f39d8391cddcaee62b8b383cb992f46a6ce4f,ca2-9896be8cb2fd2c2b336c
chain_address,bsc:0xef9a10d6abfd5d3aa345a008c0f9132ce4b23e70,1,1,1,False,False,bsc,0xef9a10d6abfd5d3aa345a008c0f9132ce4b23e70,ca2-9d4246988ce873fd7f25
chain_address,bsc:0xf075c5c7ba59208c0b9c41afccd1f60da9ec9c37,1,1,1,False,False,bsc,0xf075c5c7ba59208c0b9c41afccd1f60da9ec9c37,ca2-7887a4e3ed471d877a90
chain_address,bsc:0xf2ca2a3572b26ae7c479dc7ae36d922113b1bdf2,1,1,1,False,False,bsc,0xf2ca2a3572b26ae7c479dc7ae36d922113b1bdf2,ca2-9d76878011d42a78b09a
chain_address,bsc:0xf436f8fe7b26d87eb74e5446acec2e8ad4075e47,1,1,1,False,False,bsc,0xf436f8fe7b26d87eb74e5446acec2e8ad4075e47,ca2-35c4477f5ae385f13b96
chain_address,bsc:0xf55dff7898930a2d28cdbc39d615b1624ac86888,1,1,1,False,False,bsc,0xf55dff7898930a2d28cdbc39d615b1624ac86888,ca2-ce4de12cb6ec0aa01094
chain_address,bsc:0xf573748637e0576387289f1914627d716927f90f,1,1,1,False,False,bsc,0xf573748637e0576387289f1914627d716927f90f,ca2-53f0c0893c96da4fd077
chain_address,bsc:0xf6876f6ab2637774804b85aecc17b434a2b57168,1,1,1,False,False,bsc,0xf6876f6ab2637774804b85aecc17b434a2b57168,ca2-b9bec467ee94f3fb52c2
chain_address,bsc:0xf887a2dac0dd432997c970bce597a94ead4a8c25,1,1,1,False,False,bsc,0xf887a2dac0dd432997c970bce597a94ead4a8c25,ca2-9ab8788d5d7ac2a3947b
chain_address,bsc:0xfadda925e10d07430f5d7461689fd90d3d81bb48,1,1,1,False,False,bsc,0xfadda925e10d07430f5d7461689fd90d3d81bb48,ca2-4cd0e024b3073b041691
chain_address,bsc:0xfd80a436da2f4f4c42a5dbfa397064cfeb7d9508,1,1,1,False,False,bsc,0xfd80a436da2f4f4c42a5dbfa397064cfeb7d9508,ca2-170efb900eb90211eaa2
chain_address,bsc:0xfeafe253802b77456b4627f8c2306a9cebb5d681,1,1,1,False,False,bsc,0xfeafe253802b77456b4627f8c2306a9cebb5d681,ca2-cfb8cf251b553eed2196
chain_address,ethereum:0x00000000000a47b1298f18cf67de547bbe0d723f,1,1,1,False,False,ethereum,0x00000000000a47b1298f18cf67de547bbe0d723f,ca2-8bd96b9bd5ce07a9bc18
chain_address,ethereum:0x007fe7c498a2cf30971ad8f2cbc36bd14ac51156,1,1,1,False,False,ethereum,0x007fe7c498a2cf30971ad8f2cbc36bd14ac51156,ca2-60a0988512bfa1f54c2e
chain_address,ethereum:0x044b75f554b886a065b9567891e45c79542d7357,1,1,1,False,False,ethereum,0x044b75f554b886a065b9567891e45c79542d7357,ca2-59fefab120e73557ebbd
chain_address,ethereum:0x047d41f2544b7f63a8e991af2068a363d210d6da,1,1,1,False,False,ethereum,0x047d41f2544b7f63a8e991af2068a363d210d6da,ca2-297229c8f057f9088676
chain_address,ethereum:0x04c80bb477890f3021f03b068238836ee20aa0b8,1,1,1,False,False,ethereum,0x04c80bb477890f3021f03b068238836ee20aa0b8,ca2-4f5a0a76d69326e4c2cd
chain_address,ethereum:0x051ebd717311350f1684f89335bed4abd083a2b6,1,1,1,False,False,ethereum,0x051ebd717311350f1684f89335bed4abd083a2b6,ca2-61c7c0bc0fd854fd8541
chain_address,ethereum:0x05641e33fd15baf819729df55500b07b82eb8e89,1,1,1,False,False,ethereum,0x05641e33fd15baf819729df55500b07b82eb8e89,ca2-b47e7dc1b2b6c8992cce
chain_address,ethereum:0x05999eb831ae28ca920ce645a5164fbdb1d74fe9,1,1,1,False,False,ethereum,0x05999eb831ae28ca920ce645a5164fbdb1d74fe9,ca2-f4910903d7134e1d631f
chain_address,ethereum:0x09a80172ed7335660327cd664876b5df6fe06108,1,1,1,False,False,ethereum,0x09a80172ed7335660327cd664876b5df6fe06108,ca2-1fe777829f28c3e02e1c
chain_address,ethereum:0x0ad8229d4bc84135786ae752b9a9d53392a8afd4,1,1,1,False,False,ethereum,0x0ad8229d4bc84135786ae752b9a9d53392a8afd4,ca2-93a5245378ac7422b320
chain_address,ethereum:0x0c6c80d2061afa35e160f3799411d83bdeea0a5a,1,1,1,False,False,ethereum,0x0c6c80d2061afa35e160f3799411d83bdeea0a5a,ca2-77cd38b96a68c54afe71
chain_address,ethereum:0x0d0e364aa7852291883c162b22d6d81f6355428f,1,1,1,False,False,ethereum,0x0d0e364aa7852291883c162b22d6d81f6355428f,ca2-5033d73f3cec5063c5f5
chain_address,ethereum:0x0e511aa1a137aad267dfe3a6bfca0b856c1a3682,1,1,1,False,False,ethereum,0x0e511aa1a137aad267dfe3a6bfca0b856c1a3682,ca2-f056a955a865b551a342
chain_address,ethereum:0x0eee3e3828a45f7601d5f54bf49bb01d1a9df5ea,1,1,1,False,False,ethereum,0x0eee3e3828a45f7601d5f54bf49bb01d1a9df5ea,ca2-57582b3e77f95ed74d3f
chain_address,ethereum:0x1231deb6f5749ef6ce6943a275a1d3e7486f4eae,1,1,1,False,False,ethereum,0x1231deb6f5749ef6ce6943a275a1d3e7486f4eae,ca2-deb8f1653a1510fb4c48
chain_address,ethereum:0x12392f67bdf24fae0af363c24ac620a2f67dad86,1,1,1,False,False,ethereum,0x12392f67bdf24fae0af363c24ac620a2f67dad86,ca2-5b4e3baaff7190f2f54d
chain_address,ethereum:0x1880d832aa283d05b8eab68877717e25fbd550bb,1,1,1,False,False,ethereum,0x1880d832aa283d05b8eab68877717e25fbd550bb,ca2-2dee2c2a8e814aa3fa88
chain_address,ethereum:0x1a7981d87e3b6a95c1516eb820e223fe979896b3,1,1,1,False,False,ethereum,0x1a7981d87e3b6a95c1516eb820e223fe979896b3,ca2-11635f2908fcc175e7c9
chain_address,ethereum:0x1f006f43f57c45ceb3659e543352b4fae4662df7,1,1,1,False,False,ethereum,0x1f006f43f57c45ceb3659e543352b4fae4662df7,ca2-9035062d2e632d8ca752
chain_address,ethereum:0x2033b54b6789a963a02bfcbd40a46816770f1161,1,1,1,False,False,ethereum,0x2033b54b6789a963a02bfcbd40a46816770f1161,ca2-6f8a2ab5c968b3eaaf69
chain_address,ethereum:0x204b937feaec333e9e6d72d35f1d131f187ecea1,1,1,1,False,False,ethereum,0x204b937feaec333e9e6d72d35f1d131f187ecea1,ca2-ba88d4267adf9e3ccd48
chain_address,ethereum:0x20e5e35ba29dc3b540a1aee781d0814d5c77bce6,1,1,1,False,False,ethereum,0x20e5e35ba29dc3b540a1aee781d0814d5c77bce6,ca2-ca3ec401a279f9b471a6
chain_address,ethereum:0x2320a28f52334d62622cc2eafa15de55f9987ed9,1,1,1,False,False,ethereum,0x2320a28f52334d62622cc2eafa15de55f9987ed9,ca2-e75c05f94545176def00
chain_address,ethereum:0x2321537fd8ef4644bacdceec54e5f35bf44311fa,1,1,1,False,False,ethereum,0x2321537fd8ef4644bacdceec54e5f35bf44311fa,ca2-702749959585da21f48a
chain_address,ethereum:0x237d59bf98ec4f4f013bc35d66f22d2bc9504b3f,1,1,1,False,False,ethereum,0x237d59bf98ec4f4f013bc35d66f22d2bc9504b3f,ca2-38de662649bc5f386b3b
chain_address,ethereum:0x2405913d54fc46eeaf3fb092bfb099f46803872f,1,1,1,False,False,ethereum,0x2405913d54fc46eeaf3fb092bfb099f46803872f,ca2-9653ab400e10fa0c044d
chain_address,ethereum:0x2409af0251dcb89ee3dee572629291f9b087c668,2,1,1,False,False,ethereum,0x2409af0251dcb89ee3dee572629291f9b087c668,ca2-0687f6e05dc58457935a|ca2-93739b94fa0816bd6234
chain_address,ethereum:0x245a551ee0f55005e510b239c917fa34b41b3461,1,1,1,False,False,ethereum,0x245a551ee0f55005e510b239c917fa34b41b3461,ca2-01398b37f50bcbb8adc6
chain_address,ethereum:0x280a8955a11fcd81d72ba1f99d265a48ce39ac2e,1,1,1,False,False,ethereum,0x280a8955a11fcd81d72ba1f99d265a48ce39ac2e,ca2-a7021cd43eafc6f1fd33
chain_address,ethereum:0x29003dd6b9970ad658314fffb61e42f352c41630,1,1,1,False,False,ethereum,0x29003dd6b9970ad658314fffb61e42f352c41630,ca2-1bee07e4cd2ee7c6892c
chain_address,ethereum:0x2b083beaac310cc5e190b1d2507038ccb03e7606,1,1,1,False,False,ethereum,0x2b083beaac310cc5e190b1d2507038ccb03e7606,ca2-5c90f11e08cf22426454
chain_address,ethereum:0x2d0e64b6bf13660a4c0de42a0b88144a7c10991f,1,1,1,False,False,ethereum,0x2d0e64b6bf13660a4c0de42a0b88144a7c10991f,ca2-acd1e6758fc18c6f0e76
chain_address,ethereum:0x2db6c82ce72c8d7d770ba1b5f5ed0b6e075066d6,1,1,1,False,False,ethereum,0x2db6c82ce72c8d7d770ba1b5f5ed0b6e075066d6,ca2-8c56561fae063cde5971
chain_address,ethereum:0x317aa10528ff675ef4c358ea6a5b7b5494325733,1,1,1,False,False,ethereum,0x317aa10528ff675ef4c358ea6a5b7b5494325733,ca2-637d0856b7b1d9ca4dbd
chain_address,ethereum:0x31a4f372aa891b46ba44dc64be1d8947c889e9c6,1,1,1,False,False,ethereum,0x31a4f372aa891b46ba44dc64be1d8947c889e9c6,ca2-0973b5638247f1875b62
chain_address,ethereum:0x3335a88bb18fd3b6824b59af62b50ce494143333,1,1,1,False,False,ethereum,0x3335a88bb18fd3b6824b59af62b50ce494143333,ca2-4ab53dc147bf1894e356
chain_address,ethereum:0x3541499cda8ca51b24724bb8e7ce569727406e04,1,1,1,False,False,ethereum,0x3541499cda8ca51b24724bb8e7ce569727406e04,ca2-ba0418d74fad65f2483c
chain_address,ethereum:0x35a254223960c18b69c0526c46b013d022e93902,1,1,1,False,False,ethereum,0x35a254223960c18b69c0526c46b013d022e93902,ca2-2f2a6d7666820b172f1a
chain_address,ethereum:0x35d8949372d46b7a3d5a56006ae77b215fc69bc0,1,1,1,False,False,ethereum,0x35d8949372d46b7a3d5a56006ae77b215fc69bc0,ca2-5168eea9714e081f78ad
chain_address,ethereum:0x364f17a23ae4350319b7491224d10df5796190bc,1,1,1,False,False,ethereum,0x364f17a23ae4350319b7491224d10df5796190bc,ca2-dcbeec1a974442a079de
chain_address,ethereum:0x369cbc5c6f139b1132d3b91b87241b37fc5b971f,1,1,1,False,False,ethereum,0x369cbc5c6f139b1132d3b91b87241b37fc5b971f,ca2-22667ec3b73bf4e3f29e
chain_address,ethereum:0x37e49bf3749513a02fa535f0cbc383796e8107e4,2,1,1,False,False,ethereum,0x37e49bf3749513a02fa535f0cbc383796e8107e4,ca2-a8ad072cb3fd37a5cfca|ca2-fb44a0ed0d7b6f375c60
chain_address,ethereum:0x39360ac1239a0b98cb8076d4135d0f72b7fd9909,1,1,1,False,False,ethereum,0x39360ac1239a0b98cb8076d4135d0f72b7fd9909,ca2-bf6bdd3510f2428b0575
chain_address,ethereum:0x3d20601ac0ba9cae4564ddf7870825c505b69f1a,1,1,1,False,False,ethereum,0x3d20601ac0ba9cae4564ddf7870825c505b69f1a,ca2-6996a5993263d8986598
chain_address,ethereum:0x3d5bc3c8d13dcb8bf317092d84783c2697ae9258,1,1,1,False,False,ethereum,0x3d5bc3c8d13dcb8bf317092d84783c2697ae9258,ca2-2f808fc768214bcb9f7d
chain_address,ethereum:0x3d9819210a31b4961b30ef54be2aed79b9c9cd3b,1,1,1,False,False,ethereum,0x3d9819210a31b4961b30ef54be2aed79b9c9cd3b,ca2-40ac2c3e107d3d88709a
chain_address,ethereum:0x3f2d1bc6d02522dbcdb216b2e75edddafe04b16f,1,1,1,False,False,ethereum,0x3f2d1bc6d02522dbcdb216b2e75edddafe04b16f,ca2-332ccdc5e82202082265
chain_address,ethereum:0x40c31236b228935b0329eff066b1ad96e319595e,1,1,1,False,False,ethereum,0x40c31236b228935b0329eff066b1ad96e319595e,ca2-f52d9b4393b86654cabd
chain_address,ethereum:0x418c24191ae947a78c99fdc0e45a1f96afb254be,1,1,1,False,False,ethereum,0x418c24191ae947a78c99fdc0e45a1f96afb254be,ca2-5d74bde6e71788f42085
chain_address,ethereum:0x4306b12f8e824ce1fa9604bbd88f2ad4f0fe3c54,1,1,1,False,False,ethereum,0x4306b12f8e824ce1fa9604bbd88f2ad4f0fe3c54,ca2-28984dadb4e195ff0adc
chain_address,ethereum:0x439cac149b935ae1d726569800972e1669d17094,1,1,1,False,False,ethereum,0x439cac149b935ae1d726569800972e1669d17094,ca2-5675dfa92c14429a4b9f
chain_address,ethereum:0x46161158b1947d9149e066d6d31af1283b2d377c,1,1,1,False,False,ethereum,0x46161158b1947d9149e066d6d31af1283b2d377c,ca2-7ab9ecf055348c803def
chain_address,ethereum:0x4622aff8e521a444c9301da0efd05f6b482221b8,1,1,1,False,False,ethereum,0x4622aff8e521a444c9301da0efd05f6b482221b8,ca2-5a019aa2bc528c73de90
chain_address,ethereum:0x46f54d434063e5f1a2b2cc6d9aaa657b1b9ff82c,1,1,1,False,False,ethereum,0x46f54d434063e5f1a2b2cc6d9aaa657b1b9ff82c,ca2-e24739584c716694ba60
chain_address,ethereum:0x47ddb6a433b76117a98fbeab5320d8b67d468e31,1,1,1,False,False,ethereum,0x47ddb6a433b76117a98fbeab5320d8b67d468e31,ca2-ed09542f8921c91cd3ec
chain_address,ethereum:0x4822d9172e5b76b9db37b75f5552f9988f98a888,1,1,1,False,False,ethereum,0x4822d9172e5b76b9db37b75f5552f9988f98a888,ca2-ad9d57e62841ea9096b7
chain_address,ethereum:0x48afbbd342f64ef8a9ab1c143719b63c2ad81710,1,1,1,False,False,ethereum,0x48afbbd342f64ef8a9ab1c143719b63c2ad81710,ca2-aa4fa44d86c046a9915f
chain_address,ethereum:0x49ad262c49c7aa708cc2df262ed53b64a17dd5ee,1,1,1,False,False,ethereum,0x49ad262c49c7aa708cc2df262ed53b64a17dd5ee,ca2-a03b0bc9fabb86e707cb
chain_address,ethereum:0x4ae2cd1f5b8806a973953b76f9ce6d5fab9cdcfd,1,1,1,False,False,ethereum,0x4ae2cd1f5b8806a973953b76f9ce6d5fab9cdcfd,ca2-82c63f4f3f31559be9a8
chain_address,ethereum:0x4c4564a1fe775d97297f9e3dc2e762e0ed5dda0e,1,1,1,False,False,ethereum,0x4c4564a1fe775d97297f9e3dc2e762e0ed5dda0e,ca2-cc76e9ac975f3c46bb14
chain_address,ethereum:0x4d4d05e1205e3a412ae1469c99e0d954113aa76f,1,1,1,False,False,ethereum,0x4d4d05e1205e3a412ae1469c99e0d954113aa76f,ca2-8521e5ce73f00a1df2b0
chain_address,ethereum:0x4deca517d6817b6510798b7328f2314d3003abac,1,1,1,False,False,ethereum,0x4deca517d6817b6510798b7328f2314d3003abac,ca2-96f82ac8ed9b6f3e4f14
chain_address,ethereum:0x4e34dd25dbd367b1bf82e1b5527dbbe799fad0d0,1,1,1,False,False,ethereum,0x4e34dd25dbd367b1bf82e1b5527dbbe799fad0d0,ca2-f2fdba3be5c566aed586
chain_address,ethereum:0x50ce56a3239671ab62f185704caedf626352741e,1,1,1,False,False,ethereum,0x50ce56a3239671ab62f185704caedf626352741e,ca2-14b9ffae56e7c9bfb04e
chain_address,ethereum:0x50f5474724e0ee42d9a4e711ccfb275809fd6d4a,1,1,1,False,False,ethereum,0x50f5474724e0ee42d9a4e711ccfb275809fd6d4a,ca2-48d4577fa72f25875ad3
chain_address,ethereum:0x531110418d8591c92e9cbbfc722db8ffb604fafd,1,1,1,False,False,ethereum,0x531110418d8591c92e9cbbfc722db8ffb604fafd,ca2-4de34020e1fa2eaee68a
chain_address,ethereum:0x53fbcada1201a465740f2d64ecdf6fac425f9030,1,1,1,False,False,ethereum,0x53fbcada1201a465740f2d64ecdf6fac425f9030,ca2-6e5acd680aa3d14315b9
chain_address,ethereum:0x55f93985431fc9304077687a35a1ba103dc1e081,1,1,1,False,False,ethereum,0x55f93985431fc9304077687a35a1ba103dc1e081,ca2-c15651f1b54afa97c39e
chain_address,ethereum:0x5d16b8ba2a9a4eca6126635a6ffbf05b52727d50,1,1,1,False,False,ethereum,0x5d16b8ba2a9a4eca6126635a6ffbf05b52727d50,ca2-fdd7dce161154c375fb2
chain_address,ethereum:0x5d94309e5a0090b165fa4181519701637b6daeba,1,1,1,False,False,ethereum,0x5d94309e5a0090b165fa4181519701637b6daeba,ca2-cf529333b32b69e4842e
chain_address,ethereum:0x5f0ad32c00641d1d2bb628ff341e0d4bb4494318,1,1,1,False,False,ethereum,0x5f0ad32c00641d1d2bb628ff341e0d4bb4494318,ca2-0064b472336ec4210007
chain_address,ethereum:0x5f360c6b7b25dfbfa4f10039ea0f7ecfb9b02e60,1,1,1,False,False,ethereum,0x5f360c6b7b25dfbfa4f10039ea0f7ecfb9b02e60,ca2-0bd28c93ecf3fec1d833
chain_address,ethereum:0x5f58058c0ec971492166763c8c22632b583f667f,1,1,1,False,False,ethereum,0x5f58058c0ec971492166763c8c22632b583f667f,ca2-0e06e67c5c9253228751
chain_address,ethereum:0x5fdbcd61bc9bd4b6d3fd1f49a5d253165ea11750,1,1,1,False,False,ethereum,0x5fdbcd61bc9bd4b6d3fd1f49a5d253165ea11750,ca2-252276d076fbf17cb546
chain_address,ethereum:0x638a98bbb92a7582d07c52ff407d49664dc8b3ee,1,1,1,False,False,ethereum,0x638a98bbb92a7582d07c52ff407d49664dc8b3ee,ca2-a86a6b86d343ba9e3bdb
chain_address,ethereum:0x65c210c59b43eb68112b7a4f75c8393c36491f06,1,1,1,False,False,ethereum,0x65c210c59b43eb68112b7a4f75c8393c36491f06,ca2-e7cd16bb64166a6efe64
chain_address,ethereum:0x6847259b2b3a4c17e7c43c54409810af48ba5210,1,1,1,False,False,ethereum,0x6847259b2b3a4c17e7c43c54409810af48ba5210,ca2-3843aa138b13af762925
chain_address,ethereum:0x6883fe4d2ee50941b80b41b8f7f9bf2561d844cc,1,1,1,False,False,ethereum,0x6883fe4d2ee50941b80b41b8f7f9bf2561d844cc,ca2-c8dbe37642fb49490307
chain_address,ethereum:0x69422c7f237d70fcd55c218568a67d00dc4ea068,1,1,1,False,False,ethereum,0x69422c7f237d70fcd55c218568a67d00dc4ea068,ca2-d22c4160c4fed52695d2
chain_address,ethereum:0x6b7a87899490ece95443e979ca9485cbe7e71522,1,1,1,False,False,ethereum,0x6b7a87899490ece95443e979ca9485cbe7e71522,ca2-a3eb07131d27e069a3d8
chain_address,ethereum:0x6e799758cee75dae3d84e09d40dc416ecf713652,1,1,1,False,False,ethereum,0x6e799758cee75dae3d84e09d40dc416ecf713652,ca2-8b19d47d1a3d23da742b
chain_address,ethereum:0x7094e706e75e13d1e0ea237f71a7c4511e9d270b,1,1,1,False,False,ethereum,0x7094e706e75e13d1e0ea237f71a7c4511e9d270b,ca2-4d6568a7691d786971d0
chain_address,ethereum:0x7259e152103756e1616a77ae982353c3751a6a90,1,1,1,False,False,ethereum,0x7259e152103756e1616a77ae982353c3751a6a90,ca2-be2ba09219e40ecb6cb2
chain_address,ethereum:0x759c6de5bca9ade8a1a2719a31553c4b7de02539,1,1,1,False,False,ethereum,0x759c6de5bca9ade8a1a2719a31553c4b7de02539,ca2-81ae1f51e833bf23db49
chain_address,ethereum:0x75b7db3e11138134fe4744553b5e5e3d6546d289,1,1,1,False,False,ethereum,0x75b7db3e11138134fe4744553b5e5e3d6546d289,ca2-6f776e614c2662f41a7a
chain_address,ethereum:0x764c64b2a09b09acb100b80d8c505aa6a0302ef2,1,1,1,False,False,ethereum,0x764c64b2a09b09acb100b80d8c505aa6a0302ef2,ca2-610c56fd6c594f9c9f90
chain_address,ethereum:0x765277eebeca2e31912c9946eae1021199b39c61,1,1,1,False,False,ethereum,0x765277eebeca2e31912c9946eae1021199b39c61,ca2-759d84cb92c4b203c71e
chain_address,ethereum:0x765b8d7cd8ff304f796f4b6fb1bcf78698333f6d,1,1,1,False,False,ethereum,0x765b8d7cd8ff304f796f4b6fb1bcf78698333f6d,ca2-2f764ff5c7c146ad35b3
chain_address,ethereum:0x79a7d3559d73ea032120a69e59223d4375deb595,1,1,1,False,False,ethereum,0x79a7d3559d73ea032120a69e59223d4375deb595,ca2-ca903ea09549202fecb9
chain_address,ethereum:0x7b190a928aa76eece5cb3e0f6b3bdb24fcdd9b4f,1,1,1,False,False,ethereum,0x7b190a928aa76eece5cb3e0f6b3bdb24fcdd9b4f,ca2-c7f02a40db88500f3ae5
chain_address,ethereum:0x7f3fe9d492a9a60aebb06d82cba23c6f32cad10b,1,1,1,False,False,ethereum,0x7f3fe9d492a9a60aebb06d82cba23c6f32cad10b,ca2-9f2e70a7938c45f70a82
chain_address,ethereum:0x7fcb7dac61ee35b3d4a51117a7c58d53f0a8a670,1,1,1,False,False,ethereum,0x7fcb7dac61ee35b3d4a51117a7c58d53f0a8a670,ca2-de6d0211681a69ea1f52
chain_address,ethereum:0x800cfd4a2ba8ce93ea2cc814fce26c3635169017,1,1,1,False,False,ethereum,0x800cfd4a2ba8ce93ea2cc814fce26c3635169017,ca2-8f2514150efc980c9183
chain_address,ethereum:0x824dcd7b044d60df2e89b1bb888e66d8bcf41491,1,1,1,False,False,ethereum,0x824dcd7b044d60df2e89b1bb888e66d8bcf41491,ca2-c9253cf4e2d235460157
chain_address,ethereum:0x8390a1da07e376ef7add4be859ba74fb83aa02d5,1,1,1,False,False,ethereum,0x8390a1da07e376ef7add4be859ba74fb83aa02d5,ca2-e095e5dbb9687595e5ee
chain_address,ethereum:0x83f798e925bcd4017eb265844fddabb448f1707d,1,1,1,False,False,ethereum,0x83f798e925bcd4017eb265844fddabb448f1707d,ca2-6b709bd598843f9b172a
chain_address,ethereum:0x84524baa1951247b3a2617a843e6ece915bb9674,1,1,1,False,False,ethereum,0x84524baa1951247b3a2617a843e6ece915bb9674,ca2-789b9d7c348037be1840
chain_address,ethereum:0x85018cf6f53c8bbd03c3137e71f4fca226cda92c,1,1,1,False,False,ethereum,0x85018cf6f53c8bbd03c3137e71f4fca226cda92c,ca2-6af08ae1ba1d426949bb
chain_address,ethereum:0x863e572b215fd67c855d973f870266cf827aea5e,1,1,1,False,False,ethereum,0x863e572b215fd67c855d973f870266cf827aea5e,ca2-a21e3c90faf447e22997
chain_address,ethereum:0x879e993e2e37de3b47f38c13858e1f337d51448b,1,1,1,False,False,ethereum,0x879e993e2e37de3b47f38c13858e1f337d51448b,ca2-5600aac7a0790bee4d8c
chain_address,ethereum:0x8ebd6c7d2b79ca4dc5fbdec239a8bb0f214212b8,1,1,1,False,False,ethereum,0x8ebd6c7d2b79ca4dc5fbdec239a8bb0f214212b8,ca2-0214cb74200856148943
chain_address,ethereum:0x8f9036732b9aa9b82d8f35e54b71faeb2f573e2f,1,1,1,False,False,ethereum,0x8f9036732b9aa9b82d8f35e54b71faeb2f573e2f,ca2-4c7dcc457e38b7cc78ee
chain_address,ethereum:0x91383a15c391c142b80045d8b4730c1c37ac0378,1,1,1,False,False,ethereum,0x91383a15c391c142b80045d8b4730c1c37ac0378,ca2-aa992d5980e00838b209
chain_address,ethereum:0x9210f1204b5a24742eba12f710636d76240df3d0,1,1,1,False,False,ethereum,0x9210f1204b5a24742eba12f710636d76240df3d0,ca2-3049d2889726467cfdcb
chain_address,ethereum:0x951d51baefb72319d9fbe941e1615938d89abfe2,1,1,1,False,False,ethereum,0x951d51baefb72319d9fbe941e1615938d89abfe2,ca2-b7ed9e346aa4cb6ca834
chain_address,ethereum:0x9ab6b21cdf116f611110b048987e58894786c244,1,1,1,False,False,ethereum,0x9ab6b21cdf116f611110b048987e58894786c244,ca2-c7586710b826b2f08a35
chain_address,ethereum:0x9c87a5726e98f2f404cdd8ac8968e9b2c80c0967,1,1,1,False,False,ethereum,0x9c87a5726e98f2f404cdd8ac8968e9b2c80c0967,ca2-da248926cc32b52fc5ad
chain_address,ethereum:0x9f54e8eaa9658316bb8006e03fff1cb191aafbe6,1,1,1,False,False,ethereum,0x9f54e8eaa9658316bb8006e03fff1cb191aafbe6,ca2-0d308a16f604ed495788
chain_address,ethereum:0x9f72dc67cec672bb99e3d02cbea0a21536a2b657,1,1,1,False,False,ethereum,0x9f72dc67cec672bb99e3d02cbea0a21536a2b657,ca2-7f64659ac37a0996268b
chain_address,ethereum:0xa0ff0e694275023f4986dc3ca12a6eb5d6056c62,1,1,1,False,False,ethereum,0xa0ff0e694275023f4986dc3ca12a6eb5d6056c62,ca2-bef4fd38f1af5d45d83a
chain_address,ethereum:0xa1ce40702e15d0417a6c74d0bab96772f36f4e99,1,1,1,False,False,ethereum,0xa1ce40702e15d0417a6c74d0bab96772f36f4e99,ca2-616b55afdd61c6ca8b12
chain_address,ethereum:0xa3d0e72c8a2fe9127a77412bf34bee5e4945bd49,1,1,1,False,False,ethereum,0xa3d0e72c8a2fe9127a77412bf34bee5e4945bd49,ca2-ba570d8f796dcaeae5f2
chain_address,ethereum:0xa44e79a2c9a8965e7a6fa77bf0ca8faf50e6c73e,1,1,1,False,False,ethereum,0xa44e79a2c9a8965e7a6fa77bf0ca8faf50e6c73e,ca2-87c7a2d034157234fe09
chain_address,ethereum:0xa5564a2d1190a141cac438c9fde686ac48a18a79,1,1,1,False,False,ethereum,0xa5564a2d1190a141cac438c9fde686ac48a18a79,ca2-21ac1c8056ff7df162a8
chain_address,ethereum:0xa62f9c5af106feee069f38de51098d9d81b90572,1,1,1,False,False,ethereum,0xa62f9c5af106feee069f38de51098d9d81b90572,ca2-511b838cc3ae7420a912
chain_address,ethereum:0xa6447f6156effd23ec3b57d5edd978349e4e192d,1,1,1,False,False,ethereum,0xa6447f6156effd23ec3b57d5edd978349e4e192d,ca2-eaf1e84be2ca5fa8830a
chain_address,ethereum:0xa88800cd213da5ae406ce248380802bd53b47647,1,1,1,False,False,ethereum,0xa88800cd213da5ae406ce248380802bd53b47647,ca2-8e3ab047548dade505e8
chain_address,ethereum:0xacd43e627e64355f1861cec6d3a6688b31a6f952,1,1,1,False,False,ethereum,0xacd43e627e64355f1861cec6d3a6688b31a6f952,ca2-b6eef501c6bfb6ae40e1
chain_address,ethereum:0xad444663c6c92b497225c6ce65fee2e7f78bfb86,1,1,1,False,False,ethereum,0xad444663c6c92b497225c6ce65fee2e7f78bfb86,ca2-aa939f9f7f959ce19c8f
chain_address,ethereum:0xae60ac8e69414c2dc362d0e6a03af643d1d85b92,1,1,1,False,False,ethereum,0xae60ac8e69414c2dc362d0e6a03af643d1d85b92,ca2-4c0faea601ab4a95ced8
chain_address,ethereum:0xaf274e912243b19b882f02d731dacd7cd13072d0,1,1,1,False,False,ethereum,0xaf274e912243b19b882f02d731dacd7cd13072d0,ca2-8920d085a4a666414df5
chain_address,ethereum:0xb0f8fe96b4880adbdede0ddf446bd1e7ef122c4e,1,1,1,False,False,ethereum,0xb0f8fe96b4880adbdede0ddf446bd1e7ef122c4e,ca2-47d01daca3ef9c1ed2f1
chain_address,ethereum:0xb276647e70cb3b81a1ca302cf8de280ff0ce5799,1,1,1,False,False,ethereum,0xb276647e70cb3b81a1ca302cf8de280ff0ce5799,ca2-3ce3786a7c84825faed0
chain_address,ethereum:0xb3fb1d01b07a706736ca175f827e4f56021b85de,1,1,1,False,False,ethereum,0xb3fb1d01b07a706736ca175f827e4f56021b85de,ca2-e6ddbcb4d936397b6ffe
chain_address,ethereum:0xb5599f568d3f3e6113b286d010d2bca40a7745aa,1,1,1,False,False,ethereum,0xb5599f568d3f3e6113b286d010d2bca40a7745aa,ca2-ee795333beb4dcb94cce
chain_address,ethereum:0xb84cbaf116eb90fd445dd5aeadfab3e807d2cbac,1,1,1,False,False,ethereum,0xb84cbaf116eb90fd445dd5aeadfab3e807d2cbac,ca2-1dbdc2611cd24dc765b2
chain_address,ethereum:0xb91ae2c8365fd45030aba84a4666c4db074e53e7,1,1,1,False,False,ethereum,0xb91ae2c8365fd45030aba84a4666c4db074e53e7,ca2-c18bc2a1d0fa9e55db58
chain_address,ethereum:0xb983e01458529665007ff7e0cddecdb74b967eb6,1,1,1,False,False,ethereum,0xb983e01458529665007ff7e0cddecdb74b967eb6,ca2-22e8cd13c63b74bc9bbc
chain_address,ethereum:0xbaa87546cf87b5de1b0b52353a86792d40b8ba70,1,1,1,False,False,ethereum,0xbaa87546cf87b5de1b0b52353a86792d40b8ba70,ca2-746ec2d0566ffbda9c0f
chain_address,ethereum:0xbb02a884621fb8f5bfd263a67f58b65df5b090f3,1,1,1,False,False,ethereum,0xbb02a884621fb8f5bfd263a67f58b65df5b090f3,ca2-2ba749707a4aa17e7fd0
chain_address,ethereum:0xbb787d6243a8d450659e09ea6fd82f1c859691e9,2,1,1,False,False,ethereum,0xbb787d6243a8d450659e09ea6fd82f1c859691e9,ca2-4b9009f78d24b677e07e|ca2-ed5ea743787aecff1e56
chain_address,ethereum:0xbbbbbbbbbb9cc5e90e3b3af64bdaf62c37eeffcb,1,1,1,False,False,ethereum,0xbbbbbbbbbb9cc5e90e3b3af64bdaf62c37eeffcb,ca2-2656a778ab34f3a823cd
chain_address,ethereum:0xbc452fdc8f851d7c5b72e1fe74dfb63bb793d511,1,1,1,False,False,ethereum,0xbc452fdc8f851d7c5b72e1fe74dfb63bb793d511,ca2-4e64c62c912196653625
chain_address,ethereum:0xbdb515028a6fa6cd1634b5a9651184494abfd336,1,1,1,False,False,ethereum,0xbdb515028a6fa6cd1634b5a9651184494abfd336,ca2-99c425ac31ee8abd76f2
chain_address,ethereum:0xc0a6b8c534fad86df8fa1abb17084a70f86eddc1,1,1,1,False,False,ethereum,0xc0a6b8c534fad86df8fa1abb17084a70f86eddc1,ca2-54094307591338d2b28a
chain_address,ethereum:0xc310e760778ecbca4c65b6c559874757a4c4ece0,1,1,1,False,False,ethereum,0xc310e760778ecbca4c65b6c559874757a4c4ece0,ca2-a9052dd43a76ce42a994
chain_address,ethereum:0xc36a7887786389405ea8da0b87602ae3902b88a1,1,1,1,False,False,ethereum,0xc36a7887786389405ea8da0b87602ae3902b88a1,ca2-6123dfbf4db930b4d1d5
chain_address,ethereum:0xc9f27a50f82571c1c8423a42970613b8dbda14ef,1,1,1,False,False,ethereum,0xc9f27a50f82571c1c8423a42970613b8dbda14ef,ca2-c5ce6bf171451010d578
chain_address,ethereum:0xc9fa8f4cfd11559b50c5c7f6672b9eea2757e1bd,1,1,1,False,False,ethereum,0xc9fa8f4cfd11559b50c5c7f6672b9eea2757e1bd,ca2-c5f9905c03ee273e260f
chain_address,ethereum:0xcb3b879ab11f825885d5add8bf3672596d35197c,1,1,1,False,False,ethereum,0xcb3b879ab11f825885d5add8bf3672596d35197c,ca2-0f2e70bb64b6ee9426eb
chain_address,ethereum:0xcc5fda5e3ca925bd0bb428c8b2669496ee43067e,1,1,1,False,False,ethereum,0xcc5fda5e3ca925bd0bb428c8b2669496ee43067e,ca2-220124d062a8c71c63c5
chain_address,ethereum:0xcd6ca2f0d0c182c5049d9a1f65cde51a706ae142,1,1,1,False,False,ethereum,0xcd6ca2f0d0c182c5049d9a1f65cde51a706ae142,ca2-3f7bb52435313429cfa7
chain_address,ethereum:0xd1a1c248b253f1fc60eacd90777b9a63f8c8c1bc,1,1,1,False,False,ethereum,0xd1a1c248b253f1fc60eacd90777b9a63f8c8c1bc,ca2-f39ef961ac91c6d34016
chain_address,ethereum:0xd248b30a3207a766d318c7a87f5cf334a439446d,1,1,1,False,False,ethereum,0xd248b30a3207a766d318c7a87f5cf334a439446d,ca2-a25eb49dc8b847fae718
chain_address,ethereum:0xd2869042e12a3506100af1d192b5b04d65137941,1,1,1,False,False,ethereum,0xd2869042e12a3506100af1d192b5b04d65137941,ca2-e71c9a37159c80622f42
chain_address,ethereum:0xd2933c86216dc0c938ffafeca3c8a2d6e633e2ca,1,1,1,False,False,ethereum,0xd2933c86216dc0c938ffafeca3c8a2d6e633e2ca,ca2-3c88785c0f3b4867d7f4
chain_address,ethereum:0xd3c41c85be295607e8ea5c58487ec5894300ee67,1,1,1,False,False,ethereum,0xd3c41c85be295607e8ea5c58487ec5894300ee67,ca2-1579de76f9bed10399a7
chain_address,ethereum:0xd45740ab9ec920bedbd9bab2e863519e59731941,1,1,1,False,False,ethereum,0xd45740ab9ec920bedbd9bab2e863519e59731941,ca2-c6799af1babe7f32f44f
chain_address,ethereum:0xdbb20a979a92cccce15229e41c9b082d5b5d7e31,1,1,1,False,False,ethereum,0xdbb20a979a92cccce15229e41c9b082d5b5d7e31,ca2-8af0ea955100349da941
chain_address,ethereum:0xde46fcf6ab7559e4355b8ee3d7fba0f2730cddd8,1,1,1,False,False,ethereum,0xde46fcf6ab7559e4355b8ee3d7fba0f2730cddd8,ca2-bd6decf7c8f8dfbaca40
chain_address,ethereum:0xde59b88abefa5e6c8aa6d742eee0f887dab136ac,1,1,1,False,False,ethereum,0xde59b88abefa5e6c8aa6d742eee0f887dab136ac,ca2-7a01249aabcf9ab600cc
chain_address,ethereum:0xde62e1b0edaa55aac5ffbe21984d321706418024,1,1,1,False,False,ethereum,0xde62e1b0edaa55aac5ffbe21984d321706418024,ca2-12f0d5e40474ef0de502
chain_address,ethereum:0xdee8a9ac2c2819fe6a3bae45a12bff70c604805a,1,1,1,False,False,ethereum,0xdee8a9ac2c2819fe6a3bae45a12bff70c604805a,ca2-ea9f778a9d9aef43fc02
chain_address,ethereum:0xe0b94a7bb45dd905c79bb1992c9879f40f1caed5,1,1,1,False,False,ethereum,0xe0b94a7bb45dd905c79bb1992c9879f40f1caed5,ca2-2d1d603841d5194ab452
chain_address,ethereum:0xe11fc0b43ab98eb91e9836129d1ee7c3bc95df50,1,1,1,False,False,ethereum,0xe11fc0b43ab98eb91e9836129d1ee7c3bc95df50,ca2-b68f8de37da66632724d
chain_address,ethereum:0xe2fe530c047f2d85298b07d9333c05737f1435fb,1,1,1,False,False,ethereum,0xe2fe530c047f2d85298b07d9333c05737f1435fb,ca2-c2f4de8010f571d74d0d
chain_address,ethereum:0xe3334e66634acf17b2b97ab560ec92d6861b25fa,1,1,1,False,False,ethereum,0xe3334e66634acf17b2b97ab560ec92d6861b25fa,ca2-50a6237be75e1de28124
chain_address,ethereum:0xe38b72d6595fd3885d1d2f770aa23e94757f91a1,1,1,1,False,False,ethereum,0xe38b72d6595fd3885d1d2f770aa23e94757f91a1,ca2-a675d1938359eba4234f
chain_address,ethereum:0xe39fd820b58f83205db1d9225f28105971c3d309,1,1,1,False,False,ethereum,0xe39fd820b58f83205db1d9225f28105971c3d309,ca2-5c189b8bf9f7db29dd4e
chain_address,ethereum:0xe3a0bc3483ae5a04db7ef2954315133a6f7d228e,1,1,1,False,False,ethereum,0xe3a0bc3483ae5a04db7ef2954315133a6f7d228e,ca2-b9b0485322ceb6ce33a3
chain_address,ethereum:0xe4764f9cd8ecc9659d3abf35259638b20ac536e4,1,1,1,False,False,ethereum,0xe4764f9cd8ecc9659d3abf35259638b20ac536e4,ca2-aa99cf4dbaf4c7bb8459
chain_address,ethereum:0xe68c1d72340aeefe5be76eda63ae2f4bc7514110,1,1,1,False,False,ethereum,0xe68c1d72340aeefe5be76eda63ae2f4bc7514110,ca2-0998fb22a8fcd705afbc
chain_address,ethereum:0xe7597f774fd0a15a617894dc39d45a28b97afa4f,1,1,1,False,False,ethereum,0xe7597f774fd0a15a617894dc39d45a28b97afa4f,ca2-a6061f6cad3a5884d6d4
chain_address,ethereum:0xe77ec1bf3a5c95bfe3be7bdbacfe3ac1c7e454cd,1,1,1,False,False,ethereum,0xe77ec1bf3a5c95bfe3be7bdbacfe3ac1c7e454cd,ca2-122f147da75159901ea0
chain_address,ethereum:0xeda47e13fd1192e32226753dc2261c4a14908fb7,1,1,1,False,False,ethereum,0xeda47e13fd1192e32226753dc2261c4a14908fb7,ca2-347a5ac7c8586f3866c1
chain_address,ethereum:0xf00a38376c8668fc1f3cd3daeef42e0e44a7fcdb,1,1,1,False,False,ethereum,0xf00a38376c8668fc1f3cd3daeef42e0e44a7fcdb,ca2-9f5117e07b7b2d16ed22
chain_address,ethereum:0xf0358e8c3cd5fa238a29301d0bea3d63a17bedbe,1,1,1,False,False,ethereum,0xf0358e8c3cd5fa238a29301d0bea3d63a17bedbe,ca2-03a929a60d6ca387d4bb
chain_address,ethereum:0xf0b7de03134857391d8d43ed48e20edf21461097,1,1,1,False,False,ethereum,0xf0b7de03134857391d8d43ed48e20edf21461097,ca2-c9c1817a98610ef26f01
chain_address,ethereum:0xf10bc5be84640236c71173d1809038af4ee19002,1,1,1,False,False,ethereum,0xf10bc5be84640236c71173d1809038af4ee19002,ca2-194c50c55dd95140a294
chain_address,ethereum:0xf2919d1d80aff2940274014bef534f7791906ff2,1,1,1,False,False,ethereum,0xf2919d1d80aff2940274014bef534f7791906ff2,ca2-3d7964746397bc97e185
chain_address,ethereum:0xf2c8e860ca12cde3f3195423ecf54427a4f30916,1,1,1,False,False,ethereum,0xf2c8e860ca12cde3f3195423ecf54427a4f30916,ca2-a21d0869309e8d547595
chain_address,ethereum:0xf3a3648bb1da9d3aea107da77e6f5ba9cf313127,1,1,1,False,False,ethereum,0xf3a3648bb1da9d3aea107da77e6f5ba9cf313127,ca2-efe411bc9d7f06b1ba73
chain_address,ethereum:0xf3f84ce038442ae4c4dcb6a8ca8bacd7f28c9bde,1,1,1,False,False,ethereum,0xf3f84ce038442ae4c4dcb6a8ca8bacd7f28c9bde,ca2-feebcd26919bea5b0014
chain_address,ethereum:0xf4a21ac7e51d17a0e1c8b59f7a98bb7a97806f14,1,1,1,False,False,ethereum,0xf4a21ac7e51d17a0e1c8b59f7a98bb7a97806f14,ca2-92a135a9bdbd676ee494
chain_address,ethereum:0xf5140fc35c6f94d02d7466f793feb0216082d7e5,1,1,1,False,False,ethereum,0xf5140fc35c6f94d02d7466f793feb0216082d7e5,ca2-5c6b3bca3311000683b6
chain_address,ethereum:0xfd11aba71c06061f446ade4eec057179f19c23c4,1,1,1,False,False,ethereum,0xfd11aba71c06061f446ade4eec057179f19c23c4,ca2-af464f834697310f7d30
chain_address,ethereum:0xfe380fe1db07e531e3519b9ae3ea9f7888ce20c6,1,1,1,False,False,ethereum,0xfe380fe1db07e531e3519b9ae3ea9f7888ce20c6,ca2-c76c240f897354a45770
chain_address,ethereum:0xffadb0bba4379dfabfb20ca6823f6ec439429ec2,1,1,1,False,False,ethereum,0xffadb0bba4379dfabfb20ca6823f6ec439429ec2,ca2-608fc098c08911f51783
address_only,0x00000000000a47b1298f18cf67de547bbe0d723f,1,1,1,False,False,ethereum,0x00000000000a47b1298f18cf67de547bbe0d723f,ca2-8bd96b9bd5ce07a9bc18
address_only,0x000004a70f92f1b22de1201af76c48365d5d0000,1,1,1,False,False,bsc,0x000004a70f92f1b22de1201af76c48365d5d0000,ca2-68bcc7d0d70c9f4db91a
address_only,0x0025b42bfc22cbba6c02d23d4ec2abfcf6e014d4,1,1,1,False,False,bsc,0x0025b42bfc22cbba6c02d23d4ec2abfcf6e014d4,ca2-91206b717060c4fd7b39
address_only,0x007fe7c498a2cf30971ad8f2cbc36bd14ac51156,1,1,1,False,False,ethereum,0x007fe7c498a2cf30971ad8f2cbc36bd14ac51156,ca2-60a0988512bfa1f54c2e
address_only,0x028c911c10c9e346158206991e02d09bd0a8a35b,1,1,1,False,False,bsc,0x028c911c10c9e346158206991e02d09bd0a8a35b,ca2-33876c68131f30cf0f4a
address_only,0x02d841b976298dcd37ed6cc59f75d9dd39a3690c,1,1,1,False,False,bsc,0x02d841b976298dcd37ed6cc59f75d9dd39a3690c,ca2-cd8110008dfe201e0222
address_only,0x044b75f554b886a065b9567891e45c79542d7357,1,1,1,False,False,ethereum,0x044b75f554b886a065b9567891e45c79542d7357,ca2-59fefab120e73557ebbd
address_only,0x047d41f2544b7f63a8e991af2068a363d210d6da,1,1,1,False,False,ethereum,0x047d41f2544b7f63a8e991af2068a363d210d6da,ca2-297229c8f057f9088676
address_only,0x04c80bb477890f3021f03b068238836ee20aa0b8,1,1,1,False,False,ethereum,0x04c80bb477890f3021f03b068238836ee20aa0b8,ca2-4f5a0a76d69326e4c2cd
address_only,0x04df78093e2b66a0387f8c052c8d344d84ca49af,1,1,1,False,False,bsc,0x04df78093e2b66a0387f8c052c8d344d84ca49af,ca2-0fd406d4a5d581dc9171
address_only,0x051ebd717311350f1684f89335bed4abd083a2b6,1,1,1,False,False,ethereum,0x051ebd717311350f1684f89335bed4abd083a2b6,ca2-61c7c0bc0fd854fd8541
address_only,0x05641e33fd15baf819729df55500b07b82eb8e89,1,1,1,False,False,ethereum,0x05641e33fd15baf819729df55500b07b82eb8e89,ca2-b47e7dc1b2b6c8992cce
address_only,0x05999eb831ae28ca920ce645a5164fbdb1d74fe9,1,1,1,False,False,ethereum,0x05999eb831ae28ca920ce645a5164fbdb1d74fe9,ca2-f4910903d7134e1d631f
address_only,0x05c2dd9cf547c6cccf91245346e6e1bc9926cae7,1,1,1,False,False,bsc,0x05c2dd9cf547c6cccf91245346e6e1bc9926cae7,ca2-64ef33688d6e79b3439e
address_only,0x061944c0f3c2d7dabafb50813efb05c4e0c952e1,1,1,1,False,False,bsc,0x061944c0f3c2d7dabafb50813efb05c4e0c952e1,ca2-382283494db3462edcb4
address_only,0x09a80172ed7335660327cd664876b5df6fe06108,1,1,1,False,False,ethereum,0x09a80172ed7335660327cd664876b5df6fe06108,ca2-1fe777829f28c3e02e1c
address_only,0x0ad8229d4bc84135786ae752b9a9d53392a8afd4,1,1,1,False,False,ethereum,0x0ad8229d4bc84135786ae752b9a9d53392a8afd4,ca2-93a5245378ac7422b320
address_only,0x0c6c80d2061afa35e160f3799411d83bdeea0a5a,1,1,1,False,False,ethereum,0x0c6c80d2061afa35e160f3799411d83bdeea0a5a,ca2-77cd38b96a68c54afe71
address_only,0x0d0e364aa7852291883c162b22d6d81f6355428f,1,1,1,False,False,ethereum,0x0d0e364aa7852291883c162b22d6d81f6355428f,ca2-5033d73f3cec5063c5f5
address_only,0x0e511aa1a137aad267dfe3a6bfca0b856c1a3682,1,1,1,False,False,ethereum,0x0e511aa1a137aad267dfe3a6bfca0b856c1a3682,ca2-f056a955a865b551a342
address_only,0x0eee3e3828a45f7601d5f54bf49bb01d1a9df5ea,1,1,1,False,False,ethereum,0x0eee3e3828a45f7601d5f54bf49bb01d1a9df5ea,ca2-57582b3e77f95ed74d3f
address_only,0x0fc91b6fea2e7a827a8c99c91101ed36c638521b,1,1,1,False,False,bsc,0x0fc91b6fea2e7a827a8c99c91101ed36c638521b,ca2-c5014cea82de5130aa96
address_only,0x0fdfcfc398ccc90124a0a41d920d6e2d0bd8ccf5,1,1,1,False,False,bsc,0x0fdfcfc398ccc90124a0a41d920d6e2d0bd8ccf5,ca2-573d346bb7ac970e759a
address_only,0x109ea28dbdea5e6ec126fbc8c33845dfe812a300,1,1,1,False,False,bsc,0x109ea28dbdea5e6ec126fbc8c33845dfe812a300,ca2-275669506c0506e44e0f
address_only,0x10bc28d2810dd462e16facff18f78783e859351b,1,1,1,False,False,bsc,0x10bc28d2810dd462e16facff18f78783e859351b,ca2-742774bf4edd46ad6f87
address_only,0x1231deb6f5749ef6ce6943a275a1d3e7486f4eae,1,1,1,False,False,ethereum,0x1231deb6f5749ef6ce6943a275a1d3e7486f4eae,ca2-deb8f1653a1510fb4c48
address_only,0x12392f67bdf24fae0af363c24ac620a2f67dad86,1,1,1,False,False,ethereum,0x12392f67bdf24fae0af363c24ac620a2f67dad86,ca2-5b4e3baaff7190f2f54d
address_only,0x1292267f726e6f313972ec4e14578735473e1649,1,1,1,False,False,bsc,0x1292267f726e6f313972ec4e14578735473e1649,ca2-2d415ee24d090e5e26dc
address_only,0x12b3b6b1055b8ad1ae8f60a0b6c79a9825bcb4bc,1,1,1,False,False,bsc,0x12b3b6b1055b8ad1ae8f60a0b6c79a9825bcb4bc,ca2-2f4322a54fd6caa407fe
address_only,0x13b1f2e227ca6f8e08ac80368fd637f5084f10a5,1,1,1,False,False,bsc,0x13b1f2e227ca6f8e08ac80368fd637f5084f10a5,ca2-db4133161e8ad967d9de
address_only,0x16d0a151297a0393915239373897bcc955882110,1,1,1,False,False,bsc,0x16d0a151297a0393915239373897bcc955882110,ca2-76efd7743f4d9234ff8d
address_only,0x179aad597399b9ae078acfe2b746c09117799ca0,1,1,1,False,False,bsc,0x179aad597399b9ae078acfe2b746c09117799ca0,ca2-3ef6014a26a0b205a68e
address_only,0x17bd2e09fa4585c15749f40bb32a6e3db58522ba,1,1,1,False,False,bsc,0x17bd2e09fa4585c15749f40bb32a6e3db58522ba,ca2-9b437de06c56cc873e8a
address_only,0x1880d832aa283d05b8eab68877717e25fbd550bb,1,1,1,False,False,ethereum,0x1880d832aa283d05b8eab68877717e25fbd550bb,ca2-2dee2c2a8e814aa3fa88
address_only,0x1954b6bd198c29c3ecf2d6f6bc70a4d41ea1cc07,1,1,1,False,False,bsc,0x1954b6bd198c29c3ecf2d6f6bc70a4d41ea1cc07,ca2-6d220be49d90b51ca6fd
address_only,0x1962b3356122d6a56f978e112d14f5e23a25037d,1,1,1,False,False,bsc,0x1962b3356122d6a56f978e112d14f5e23a25037d,ca2-786342530794b2d0e951
address_only,0x1a7981d87e3b6a95c1516eb820e223fe979896b3,1,1,1,False,False,ethereum,0x1a7981d87e3b6a95c1516eb820e223fe979896b3,ca2-11635f2908fcc175e7c9
address_only,0x1ac5fac863c0a026e029b173f2ae4d33938ab473,1,1,1,False,False,bsc,0x1ac5fac863c0a026e029b173f2ae4d33938ab473,ca2-5293bf48f2bcc29baaff
address_only,0x1befe6f3f0e8edd2d4d15cae97baee01e51ea4a4,1,1,1,False,False,bsc,0x1befe6f3f0e8edd2d4d15cae97baee01e51ea4a4,ca2-2c7f349f1a1765272f4b
address_only,0x1bf7fe7568211ecff68b6bc7ccad31ecd8fe8092,1,1,1,False,False,bsc,0x1bf7fe7568211ecff68b6bc7ccad31ecd8fe8092,ca2-42dc2e766a267767f0d8
address_only,0x1e813fa05739bf145c1f182cb950da7af046778d,1,1,1,False,False,bsc,0x1e813fa05739bf145c1f182cb950da7af046778d,ca2-14f7f1899d2468d3cabf
address_only,0x1f006f43f57c45ceb3659e543352b4fae4662df7,1,1,1,False,False,ethereum,0x1f006f43f57c45ceb3659e543352b4fae4662df7,ca2-9035062d2e632d8ca752
address_only,0x1f415255f7e2a8546559a553e962de7bc60d7942,1,1,1,False,False,bsc,0x1f415255f7e2a8546559a553e962de7bc60d7942,ca2-3ceb352e665fb61f7402
address_only,0x1f7cf218b46e613d1ba54cac11dc1b5368d94fb7,1,1,1,False,False,bsc,0x1f7cf218b46e613d1ba54cac11dc1b5368d94fb7,ca2-f7368dc0ef887de15bf4
address_only,0x1f8336aef584795e282fece8de356babd7734c59,1,1,1,False,False,bsc,0x1f8336aef584795e282fece8de356babd7734c59,ca2-6330139e9160d6464fd9
address_only,0x2033b54b6789a963a02bfcbd40a46816770f1161,1,1,1,False,False,ethereum,0x2033b54b6789a963a02bfcbd40a46816770f1161,ca2-6f8a2ab5c968b3eaaf69
address_only,0x204b937feaec333e9e6d72d35f1d131f187ecea1,1,1,1,False,False,ethereum,0x204b937feaec333e9e6d72d35f1d131f187ecea1,ca2-ba88d4267adf9e3ccd48
address_only,0x20e5e35ba29dc3b540a1aee781d0814d5c77bce6,1,1,1,False,False,ethereum,0x20e5e35ba29dc3b540a1aee781d0814d5c77bce6,ca2-ca3ec401a279f9b471a6
address_only,0x21125d94cfe886e7179c8d2fe8c1ea8d57c73e0e,1,1,1,False,False,bsc,0x21125d94cfe886e7179c8d2fe8c1ea8d57c73e0e,ca2-56bcc5cdf2d34dd9c4fb
address_only,0x21ab8943380b752306abf4d49c203b011a89266b,1,1,1,False,False,bsc,0x21ab8943380b752306abf4d49c203b011a89266b,ca2-ce552f38ab8199ed551d
address_only,0x2287c04a15bb11ad1358ba5702c1c95e2d13a5e0,1,1,1,False,False,bsc,0x2287c04a15bb11ad1358ba5702c1c95e2d13a5e0,ca2-ee23a7f09f8e25f5c7d9
address_only,0x2320a28f52334d62622cc2eafa15de55f9987ed9,1,1,1,False,False,ethereum,0x2320a28f52334d62622cc2eafa15de55f9987ed9,ca2-e75c05f94545176def00
address_only,0x2321537fd8ef4644bacdceec54e5f35bf44311fa,1,1,1,False,False,ethereum,0x2321537fd8ef4644bacdceec54e5f35bf44311fa,ca2-702749959585da21f48a
address_only,0x237d59bf98ec4f4f013bc35d66f22d2bc9504b3f,1,1,1,False,False,ethereum,0x237d59bf98ec4f4f013bc35d66f22d2bc9504b3f,ca2-38de662649bc5f386b3b
address_only,0x2405913d54fc46eeaf3fb092bfb099f46803872f,1,1,1,False,False,ethereum,0x2405913d54fc46eeaf3fb092bfb099f46803872f,ca2-9653ab400e10fa0c044d
address_only,0x2409af0251dcb89ee3dee572629291f9b087c668,2,1,1,False,False,ethereum,0x2409af0251dcb89ee3dee572629291f9b087c668,ca2-0687f6e05dc58457935a|ca2-93739b94fa0816bd6234
address_only,0x245a551ee0f55005e510b239c917fa34b41b3461,1,1,1,False,False,ethereum,0x245a551ee0f55005e510b239c917fa34b41b3461,ca2-01398b37f50bcbb8adc6
address_only,0x2496b87189d5ae18d4d83b8a7039b0c8a07d98d4,1,1,1,False,False,bsc,0x2496b87189d5ae18d4d83b8a7039b0c8a07d98d4,ca2-421dd5bf165b069c74f3
address_only,0x2607118d363789f841d952f02e359bfa483955f9,1,1,1,False,False,bsc,0x2607118d363789f841d952f02e359bfa483955f9,ca2-00003c2c7afe8e9ef32d
address_only,0x26f1457f067bf26881f311833391b52ca871a4b5,1,1,1,False,False,bsc,0x26f1457f067bf26881f311833391b52ca871a4b5,ca2-cb9d62babfef067f9bc8
address_only,0x26fe408bbd7a490feb056da8e2d1e007938e5685,1,1,1,False,False,base,0x26fe408bbd7a490feb056da8e2d1e007938e5685,ca2-e726d15fcadb675a6a84
address_only,0x274b3e185c9c8f4ddef79cb9a8dc0d94f73a7675,1,1,1,False,False,bsc,0x274b3e185c9c8f4ddef79cb9a8dc0d94f73a7675,ca2-f18eddf4c9f68d58e510
address_only,0x27539b1dee647b38e1b987c41c5336b1a8dce663,1,1,1,False,False,bsc,0x27539b1dee647b38e1b987c41c5336b1a8dce663,ca2-60b7a39b3acbf3ed1937
address_only,0x27dd6e51bf715cfc0e2fe96af26fc9ded89e4be8,1,1,1,False,False,bsc,0x27dd6e51bf715cfc0e2fe96af26fc9ded89e4be8,ca2-411b50fea47298d98579
address_only,0x280a8955a11fcd81d72ba1f99d265a48ce39ac2e,1,1,1,False,False,ethereum,0x280a8955a11fcd81d72ba1f99d265a48ce39ac2e,ca2-a7021cd43eafc6f1fd33
address_only,0x29003dd6b9970ad658314fffb61e42f352c41630,1,1,1,False,False,ethereum,0x29003dd6b9970ad658314fffb61e42f352c41630,ca2-1bee07e4cd2ee7c6892c
address_only,0x29b2525e11bc0b0e9e59f705f318601ea6756645,1,1,1,False,False,bsc,0x29b2525e11bc0b0e9e59f705f318601ea6756645,ca2-8cf05be564db7065817c
address_only,0x29ee4526e3a4078ce37762dc864424a089ebba11,1,1,1,False,False,bsc,0x29ee4526e3a4078ce37762dc864424a089ebba11,ca2-fdb8417e3a94f2d5fc68
address_only,0x2b083beaac310cc5e190b1d2507038ccb03e7606,1,1,1,False,False,ethereum,0x2b083beaac310cc5e190b1d2507038ccb03e7606,ca2-5c90f11e08cf22426454
address_only,0x2b45dd1d909c01aad96fa6b67108d691b432f351,1,1,1,False,False,bsc,0x2b45dd1d909c01aad96fa6b67108d691b432f351,ca2-92eeb1ebc356ab25288f
address_only,0x2b806e6d78d8111dd09c58943b9855910bade005,1,1,1,False,False,bsc,0x2b806e6d78d8111dd09c58943b9855910bade005,ca2-e488b8f22881b9feaedd
address_only,0x2b9bda587ee04fe51c5431709afbafb295f94bb4,1,1,1,False,False,bsc,0x2b9bda587ee04fe51c5431709afbafb295f94bb4,ca2-5e2d8f30a0d9b1dc548d
address_only,0x2ba9d4a8c41c60b71ff7df2c3f54b008644b954e,1,1,1,False,False,bsc,0x2ba9d4a8c41c60b71ff7df2c3f54b008644b954e,ca2-98f2e78eb7b0c6b2a380
address_only,0x2c25aee99ed08a61e7407a5674bc2d1a72b5d8e3,1,1,1,False,False,bsc,0x2c25aee99ed08a61e7407a5674bc2d1a72b5d8e3,ca2-31fe70569e5c85e1450b
address_only,0x2d0e64b6bf13660a4c0de42a0b88144a7c10991f,1,1,1,False,False,ethereum,0x2d0e64b6bf13660a4c0de42a0b88144a7c10991f,ca2-acd1e6758fc18c6f0e76
address_only,0x2db6c82ce72c8d7d770ba1b5f5ed0b6e075066d6,1,1,1,False,False,ethereum,0x2db6c82ce72c8d7d770ba1b5f5ed0b6e075066d6,ca2-8c56561fae063cde5971
address_only,0x2f3f25046ea518d1e524b8fb6147c656d6722ced,1,1,1,False,False,bsc,0x2f3f25046ea518d1e524b8fb6147c656d6722ced,ca2-0a80356999aee511c6c7
address_only,0x317aa10528ff675ef4c358ea6a5b7b5494325733,1,1,1,False,False,ethereum,0x317aa10528ff675ef4c358ea6a5b7b5494325733,ca2-637d0856b7b1d9ca4dbd
address_only,0x31a4f372aa891b46ba44dc64be1d8947c889e9c6,1,1,1,False,False,ethereum,0x31a4f372aa891b46ba44dc64be1d8947c889e9c6,ca2-0973b5638247f1875b62
address_only,0x31bfa137c76561ef848c2af9ca301b60451caac0,1,1,1,False,False,bsc,0x31bfa137c76561ef848c2af9ca301b60451caac0,ca2-5616b56d8b8cbc0a3ebe
address_only,0x32b166e082993af6598a89397e82e123ca44e74e,1,1,1,False,False,bsc,0x32b166e082993af6598a89397e82e123ca44e74e,ca2-024816e85dcbd941c181
address_only,0x32dffc3fe8e3ef3571bf8a72c0d0015c5373f41d,1,1,1,False,False,bsc,0x32dffc3fe8e3ef3571bf8a72c0d0015c5373f41d,ca2-a517ebcd851bcd0a26cd
address_only,0x3335a88bb18fd3b6824b59af62b50ce494143333,1,1,1,False,False,ethereum,0x3335a88bb18fd3b6824b59af62b50ce494143333,ca2-4ab53dc147bf1894e356
address_only,0x335ddce3f07b0bdafc03f56c1b30d3b269366666,1,1,1,False,False,bsc,0x335ddce3f07b0bdafc03f56c1b30d3b269366666,ca2-604ce8fc1c483067805c
address_only,0x33adbf5f1ec364a4ea3a5ca8f310b597b8afdee3,1,1,1,False,False,bsc,0x33adbf5f1ec364a4ea3a5ca8f310b597b8afdee3,ca2-7cd2beaa007600ae46b4
address_only,0x34bd6dba456bc31c2b3393e499fa10bed32a9370,1,1,1,False,False,bsc,0x34bd6dba456bc31c2b3393e499fa10bed32a9370,ca2-29064c97bd3050d5cc0b
address_only,0x3541499cda8ca51b24724bb8e7ce569727406e04,1,1,1,False,False,ethereum,0x3541499cda8ca51b24724bb8e7ce569727406e04,ca2-ba0418d74fad65f2483c
address_only,0x35a254223960c18b69c0526c46b013d022e93902,1,1,1,False,False,ethereum,0x35a254223960c18b69c0526c46b013d022e93902,ca2-2f2a6d7666820b172f1a
address_only,0x35d8949372d46b7a3d5a56006ae77b215fc69bc0,1,1,1,False,False,ethereum,0x35d8949372d46b7a3d5a56006ae77b215fc69bc0,ca2-5168eea9714e081f78ad
address_only,0x35f5cef517317694df8c50c894080caa8c92af7d,1,1,1,False,False,bsc,0x35f5cef517317694df8c50c894080caa8c92af7d,ca2-17240c1cdca17b758810
address_only,0x364f17a23ae4350319b7491224d10df5796190bc,1,1,1,False,False,ethereum,0x364f17a23ae4350319b7491224d10df5796190bc,ca2-dcbeec1a974442a079de
address_only,0x369cbc5c6f139b1132d3b91b87241b37fc5b971f,1,1,1,False,False,ethereum,0x369cbc5c6f139b1132d3b91b87241b37fc5b971f,ca2-22667ec3b73bf4e3f29e
address_only,0x37e49bf3749513a02fa535f0cbc383796e8107e4,2,1,1,False,False,ethereum,0x37e49bf3749513a02fa535f0cbc383796e8107e4,ca2-a8ad072cb3fd37a5cfca|ca2-fb44a0ed0d7b6f375c60
address_only,0x384b9fb6e42dab87f3023d87ea1575499a69998e,1,1,1,False,False,bsc,0x384b9fb6e42dab87f3023d87ea1575499a69998e,ca2-bc3880c8e3766b6a9ca4
address_only,0x39360ac1239a0b98cb8076d4135d0f72b7fd9909,1,1,1,False,False,ethereum,0x39360ac1239a0b98cb8076d4135d0f72b7fd9909,ca2-bf6bdd3510f2428b0575
address_only,0x3aa2b9de4ce397d93e11699c3f07b769b210bbd5,1,1,1,False,False,bsc,0x3aa2b9de4ce397d93e11699c3f07b769b210bbd5,ca2-3a72b153af20c2c77bb7
address_only,0x3d20601ac0ba9cae4564ddf7870825c505b69f1a,1,1,1,False,False,ethereum,0x3d20601ac0ba9cae4564ddf7870825c505b69f1a,ca2-6996a5993263d8986598
address_only,0x3d5bc3c8d13dcb8bf317092d84783c2697ae9258,1,1,1,False,False,ethereum,0x3d5bc3c8d13dcb8bf317092d84783c2697ae9258,ca2-2f808fc768214bcb9f7d
address_only,0x3d9819210a31b4961b30ef54be2aed79b9c9cd3b,1,1,1,False,False,ethereum,0x3d9819210a31b4961b30ef54be2aed79b9c9cd3b,ca2-40ac2c3e107d3d88709a
address_only,0x3da0f00d5c4e544924bc7282e18497c4a4c92046,1,1,1,False,False,bsc,0x3da0f00d5c4e544924bc7282e18497c4a4c92046,ca2-c6f760eb216df807a29b
address_only,0x3de669c4f1f167a8afbc9993e4753b84b576426f,1,1,1,False,False,bsc,0x3de669c4f1f167a8afbc9993e4753b84b576426f,ca2-f655d6375b3979edab38
address_only,0x3f2d1bc6d02522dbcdb216b2e75edddafe04b16f,1,1,1,False,False,ethereum,0x3f2d1bc6d02522dbcdb216b2e75edddafe04b16f,ca2-332ccdc5e82202082265
address_only,0x40c31236b228935b0329eff066b1ad96e319595e,1,1,1,False,False,ethereum,0x40c31236b228935b0329eff066b1ad96e319595e,ca2-f52d9b4393b86654cabd
address_only,0x418c24191ae947a78c99fdc0e45a1f96afb254be,1,1,1,False,False,ethereum,0x418c24191ae947a78c99fdc0e45a1f96afb254be,ca2-5d74bde6e71788f42085
address_only,0x42981d0bfbaf196529376ee702f2a9eb9092fcb5,1,1,1,False,False,bsc,0x42981d0bfbaf196529376ee702f2a9eb9092fcb5,ca2-6e83ea5ad89c085e5f5b
address_only,0x42e2773508e2ae8ff9434bea599812e28449e2cd,1,1,1,False,False,bsc,0x42e2773508e2ae8ff9434bea599812e28449e2cd,ca2-b917178685db1ed39d90
address_only,0x4306b12f8e824ce1fa9604bbd88f2ad4f0fe3c54,1,1,1,False,False,ethereum,0x4306b12f8e824ce1fa9604bbd88f2ad4f0fe3c54,ca2-28984dadb4e195ff0adc
address_only,0x439cac149b935ae1d726569800972e1669d17094,1,1,1,False,False,ethereum,0x439cac149b935ae1d726569800972e1669d17094,ca2-5675dfa92c14429a4b9f
address_only,0x449fea37d339a11efe1b181e5d5462464bba3752,1,1,1,False,False,bsc,0x449fea37d339a11efe1b181e5d5462464bba3752,ca2-71d01a519d5b777ca8d5
address_only,0x46161158b1947d9149e066d6d31af1283b2d377c,1,1,1,False,False,ethereum,0x46161158b1947d9149e066d6d31af1283b2d377c,ca2-7ab9ecf055348c803def
address_only,0x4622aff8e521a444c9301da0efd05f6b482221b8,1,1,1,False,False,ethereum,0x4622aff8e521a444c9301da0efd05f6b482221b8,ca2-5a019aa2bc528c73de90
address_only,0x46ba8a59f4863bd20a066fd985b163235425b5f9,1,1,1,False,False,bsc,0x46ba8a59f4863bd20a066fd985b163235425b5f9,ca2-76e88e5b8b6fbabe3012
address_only,0x46f54d434063e5f1a2b2cc6d9aaa657b1b9ff82c,1,1,1,False,False,ethereum,0x46f54d434063e5f1a2b2cc6d9aaa657b1b9ff82c,ca2-e24739584c716694ba60
address_only,0x4726010da871f4b57b5031e3ea48bde961f122aa,2,1,1,False,False,bsc,0x4726010da871f4b57b5031e3ea48bde961f122aa,ca2-61379f018c08925d7ecc|ca2-87e3cee3e857278adb8f
address_only,0x47ddb6a433b76117a98fbeab5320d8b67d468e31,1,1,1,False,False,ethereum,0x47ddb6a433b76117a98fbeab5320d8b67d468e31,ca2-ed09542f8921c91cd3ec
address_only,0x4822d9172e5b76b9db37b75f5552f9988f98a888,1,1,1,False,False,ethereum,0x4822d9172e5b76b9db37b75f5552f9988f98a888,ca2-ad9d57e62841ea9096b7
address_only,0x489afbaed0ea796712c9a6d366c16ca3876d8184,1,1,1,False,False,bsc,0x489afbaed0ea796712c9a6d366c16ca3876d8184,ca2-8eea98fa7851e4eaf7d3
address_only,0x48afbbd342f64ef8a9ab1c143719b63c2ad81710,1,1,1,False,False,ethereum,0x48afbbd342f64ef8a9ab1c143719b63c2ad81710,ca2-aa4fa44d86c046a9915f
address_only,0x493361d6164093936c86dcb35ad03b4c0d032076,1,1,1,False,False,bsc,0x493361d6164093936c86dcb35ad03b4c0d032076,ca2-7efff287d58605a4cc72
address_only,0x495670e5a43ce393597952b2fe944036e6785baf,1,1,1,False,False,bsc,0x495670e5a43ce393597952b2fe944036e6785baf,ca2-5015a9e901810cc6c613
address_only,0x49ad262c49c7aa708cc2df262ed53b64a17dd5ee,1,1,1,False,False,ethereum,0x49ad262c49c7aa708cc2df262ed53b64a17dd5ee,ca2-a03b0bc9fabb86e707cb
address_only,0x4ae2cd1f5b8806a973953b76f9ce6d5fab9cdcfd,1,1,1,False,False,ethereum,0x4ae2cd1f5b8806a973953b76f9ce6d5fab9cdcfd,ca2-82c63f4f3f31559be9a8
address_only,0x4bbb53252b0cee84e6824e85989ea2eddeec25f1,1,1,1,False,False,bsc,0x4bbb53252b0cee84e6824e85989ea2eddeec25f1,ca2-a1560cfd50c54f038ab4
address_only,0x4c4564a1fe775d97297f9e3dc2e762e0ed5dda0e,1,1,1,False,False,ethereum,0x4c4564a1fe775d97297f9e3dc2e762e0ed5dda0e,ca2-cc76e9ac975f3c46bb14
address_only,0x4d4d05e1205e3a412ae1469c99e0d954113aa76f,1,1,1,False,False,ethereum,0x4d4d05e1205e3a412ae1469c99e0d954113aa76f,ca2-8521e5ce73f00a1df2b0
address_only,0x4deca517d6817b6510798b7328f2314d3003abac,1,1,1,False,False,ethereum,0x4deca517d6817b6510798b7328f2314d3003abac,ca2-96f82ac8ed9b6f3e4f14
address_only,0x4e34dd25dbd367b1bf82e1b5527dbbe799fad0d0,1,1,1,False,False,ethereum,0x4e34dd25dbd367b1bf82e1b5527dbbe799fad0d0,ca2-f2fdba3be5c566aed586
address_only,0x4e87880a72f6896e7e0a635a5838ffc89b13bd17,1,1,1,False,False,bsc,0x4e87880a72f6896e7e0a635a5838ffc89b13bd17,ca2-5c60ed4125f7ab7d31ea
address_only,0x50ce56a3239671ab62f185704caedf626352741e,1,1,1,False,False,ethereum,0x50ce56a3239671ab62f185704caedf626352741e,ca2-14b9ffae56e7c9bfb04e
address_only,0x50f5474724e0ee42d9a4e711ccfb275809fd6d4a,1,1,1,False,False,ethereum,0x50f5474724e0ee42d9a4e711ccfb275809fd6d4a,ca2-48d4577fa72f25875ad3
address_only,0x518281f34dbf5b76e6cdd3908a6972e8ec49e345,1,1,1,False,False,bsc,0x518281f34dbf5b76e6cdd3908a6972e8ec49e345,ca2-0062515827b6285930f2
address_only,0x531110418d8591c92e9cbbfc722db8ffb604fafd,1,1,1,False,False,ethereum,0x531110418d8591c92e9cbbfc722db8ffb604fafd,ca2-4de34020e1fa2eaee68a
address_only,0x53fbcada1201a465740f2d64ecdf6fac425f9030,1,1,1,False,False,ethereum,0x53fbcada1201a465740f2d64ecdf6fac425f9030,ca2-6e5acd680aa3d14315b9
address_only,0x55f93985431fc9304077687a35a1ba103dc1e081,1,1,1,False,False,ethereum,0x55f93985431fc9304077687a35a1ba103dc1e081,ca2-c15651f1b54afa97c39e
address_only,0x564d4126af2b195ffaa7fb470ed658b1d9d07a54,1,1,1,False,False,bsc,0x564d4126af2b195ffaa7fb470ed658b1d9d07a54,ca2-003bb3e01f9c7c13410b
address_only,0x566777ed780dbbe17c130ae97b9fbc0a3ab829df,1,1,1,False,False,bsc,0x566777ed780dbbe17c130ae97b9fbc0a3ab829df,ca2-94a8114b86699da44092
address_only,0x57db19127617b77c8abd9420b5a35502b59870d6,1,1,1,False,False,bsc,0x57db19127617b77c8abd9420b5a35502b59870d6,ca2-429b8f8a4d1baf287471
address_only,0x5813d7818c9d8f29a9a96b00031ef576e892def4,1,1,1,False,False,bsc,0x5813d7818c9d8f29a9a96b00031ef576e892def4,ca2-6bc7737cc67404ed8f62
address_only,0x595eac4a0ce9b7175a99094680fbe55a774b5464,1,1,1,False,False,bsc,0x595eac4a0ce9b7175a99094680fbe55a774b5464,ca2-5aa3d29494fdde461d33
address_only,0x5abde8b434133c98c36f4b21476791d95d888bf5,1,1,1,False,False,bsc,0x5abde8b434133c98c36f4b21476791d95d888bf5,ca2-10135a96af2e104eb4a4
address_only,0x5c9f1a9ced41ccc5dcecda5afc317b72f1e49636,1,1,1,False,False,bsc,0x5c9f1a9ced41ccc5dcecda5afc317b72f1e49636,ca2-e5a8dccafb3c4f63fdb2
address_only,0x5d16b8ba2a9a4eca6126635a6ffbf05b52727d50,1,1,1,False,False,ethereum,0x5d16b8ba2a9a4eca6126635a6ffbf05b52727d50,ca2-fdd7dce161154c375fb2
address_only,0x5d94309e5a0090b165fa4181519701637b6daeba,1,1,1,False,False,ethereum,0x5d94309e5a0090b165fa4181519701637b6daeba,ca2-cf529333b32b69e4842e
address_only,0x5dfc7f3ebbb9cbfe89bc3fb70f750ee229a59f8c,1,1,1,False,False,bsc,0x5dfc7f3ebbb9cbfe89bc3fb70f750ee229a59f8c,ca2-7063be755a02e6e0df10
address_only,0x5e5e28029ef37fc97ffb763c4ac1f532bbd4c7a2,1,1,1,False,False,bsc,0x5e5e28029ef37fc97ffb763c4ac1f532bbd4c7a2,ca2-9b3232b290b3e5a209ad
address_only,0x5f0ad32c00641d1d2bb628ff341e0d4bb4494318,1,1,1,False,False,ethereum,0x5f0ad32c00641d1d2bb628ff341e0d4bb4494318,ca2-0064b472336ec4210007
address_only,0x5f360c6b7b25dfbfa4f10039ea0f7ecfb9b02e60,1,1,1,False,False,ethereum,0x5f360c6b7b25dfbfa4f10039ea0f7ecfb9b02e60,ca2-0bd28c93ecf3fec1d833
address_only,0x5f58058c0ec971492166763c8c22632b583f667f,1,1,1,False,False,ethereum,0x5f58058c0ec971492166763c8c22632b583f667f,ca2-0e06e67c5c9253228751
address_only,0x5fbbb391d54f4fb1d1cf18310c93d400bc80042e,1,1,1,False,False,bsc,0x5fbbb391d54f4fb1d1cf18310c93d400bc80042e,ca2-3626b19eb243950f0171
address_only,0x5fdbcd61bc9bd4b6d3fd1f49a5d253165ea11750,1,1,1,False,False,ethereum,0x5fdbcd61bc9bd4b6d3fd1f49a5d253165ea11750,ca2-252276d076fbf17cb546
address_only,0x62951cad7659393bf07fbe790cf898a3b6d317cb,1,1,1,False,False,bsc,0x62951cad7659393bf07fbe790cf898a3b6d317cb,ca2-f4a91ff1efea083dedab
address_only,0x633e538ecf0bee1a18c2edfe10c4da0d6e71e77b,1,1,1,False,False,bsc,0x633e538ecf0bee1a18c2edfe10c4da0d6e71e77b,ca2-7c6082cada48d720f171
address_only,0x633fa755a83b015cccdc451f82c57ea0bd32b4b4,1,1,1,False,False,bsc,0x633fa755a83b015cccdc451f82c57ea0bd32b4b4,ca2-ac986ab36ff83135b05f
address_only,0x638a98bbb92a7582d07c52ff407d49664dc8b3ee,1,1,1,False,False,ethereum,0x638a98bbb92a7582d07c52ff407d49664dc8b3ee,ca2-a86a6b86d343ba9e3bdb
address_only,0x64f291de10ecd36d5f7b64aaebc70943cface28e,1,1,1,False,False,bsc,0x64f291de10ecd36d5f7b64aaebc70943cface28e,ca2-e017525389c5fba3ce28
address_only,0x65c210c59b43eb68112b7a4f75c8393c36491f06,1,1,1,False,False,ethereum,0x65c210c59b43eb68112b7a4f75c8393c36491f06,ca2-e7cd16bb64166a6efe64
address_only,0x664201579057f50d23820d20558f4b61bd80bdda,1,1,1,False,False,bsc,0x664201579057f50d23820d20558f4b61bd80bdda,ca2-fe0426b19503c34e1f18
address_only,0x6666625ab26131b490e7015333f97306f05bf816,1,1,1,False,False,bsc,0x6666625ab26131b490e7015333f97306f05bf816,ca2-8b0370be76c7c7e05d59
address_only,0x6844ef18012a383c14e9a76a93602616ee9d6132,1,1,1,False,False,bsc,0x6844ef18012a383c14e9a76a93602616ee9d6132,ca2-c5f49d371d24304e62b2
address_only,0x6847259b2b3a4c17e7c43c54409810af48ba5210,1,1,1,False,False,ethereum,0x6847259b2b3a4c17e7c43c54409810af48ba5210,ca2-3843aa138b13af762925
address_only,0x6883fe4d2ee50941b80b41b8f7f9bf2561d844cc,1,1,1,False,False,ethereum,0x6883fe4d2ee50941b80b41b8f7f9bf2561d844cc,ca2-c8dbe37642fb49490307
address_only,0x69422c7f237d70fcd55c218568a67d00dc4ea068,1,1,1,False,False,ethereum,0x69422c7f237d70fcd55c218568a67d00dc4ea068,ca2-d22c4160c4fed52695d2
address_only,0x6a0b87d6b74f7d5c92722f6a11714dbeda9f3895,1,1,1,False,False,base,0x6a0b87d6b74f7d5c92722f6a11714dbeda9f3895,ca2-5b927b3791414bdc410e
address_only,0x6b7a87899490ece95443e979ca9485cbe7e71522,1,1,1,False,False,ethereum,0x6b7a87899490ece95443e979ca9485cbe7e71522,ca2-a3eb07131d27e069a3d8
address_only,0x6b869795937dd2b6f4e03d5a0ffd07a8ad8c095b,1,1,1,False,False,bsc,0x6b869795937dd2b6f4e03d5a0ffd07a8ad8c095b,ca2-62fc7b9b9ac57e1b7351
address_only,0x6bbef6df8db12667ae88519090984e4f871e5feb,1,1,1,False,False,bsc,0x6bbef6df8db12667ae88519090984e4f871e5feb,ca2-969e97a830e1fdab4f58
address_only,0x6bc9b4976ba6f8c9574326375204ee469993d038,1,1,1,False,False,bsc,0x6bc9b4976ba6f8c9574326375204ee469993d038,ca2-d3a51f08e6355a17ca20
address_only,0x6beee2b57b064eac5f432fc19009e3e78734eabc,1,1,1,False,False,bsc,0x6beee2b57b064eac5f432fc19009e3e78734eabc,ca2-9c986971a7cb2a1d5317
address_only,0x6ce69d7146dbaae18c11c36d8d94428623b29d5a,1,1,1,False,False,bsc,0x6ce69d7146dbaae18c11c36d8d94428623b29d5a,ca2-b54a80c704cbcc128875
address_only,0x6e799758cee75dae3d84e09d40dc416ecf713652,1,1,1,False,False,ethereum,0x6e799758cee75dae3d84e09d40dc416ecf713652,ca2-8b19d47d1a3d23da742b
address_only,0x6f3390c6c200e9be81b32110ce191a293dc0eaba,1,1,1,False,False,bsc,0x6f3390c6c200e9be81b32110ce191a293dc0eaba,ca2-d6090a50e7b7e86d2afd
address_only,0x6f40a3d0c89cffdc8a1af212a019c220a295e9bb,1,1,1,False,False,bsc,0x6f40a3d0c89cffdc8a1af212a019c220a295e9bb,ca2-9ed4dcb42bc3e395722f
address_only,0x6fb2020c236bbd5a7ddeb07e14c9298642253333,1,1,1,False,False,bsc,0x6fb2020c236bbd5a7ddeb07e14c9298642253333,ca2-441ed1a86d9edadc1707
address_only,0x700ee24c350739e323dcf6a50ae3e7a3329c86ae,1,1,1,False,False,bsc,0x700ee24c350739e323dcf6a50ae3e7a3329c86ae,ca2-0119280f82385cf56670
address_only,0x7057f3b0f4d0649b428f0d8378a8a0e7d21d36a7,1,1,1,False,False,bsc,0x7057f3b0f4d0649b428f0d8378a8a0e7d21d36a7,ca2-9aabe02b00ee6b15427c
address_only,0x70678291bddfd95498d1214be368e19e882f7614,1,1,1,False,False,bsc,0x70678291bddfd95498d1214be368e19e882f7614,ca2-b141324cdd440e7feb3e
address_only,0x70873211cb64c1d4ec027ea63a399a7d07c4085b,1,1,1,False,False,bsc,0x70873211cb64c1d4ec027ea63a399a7d07c4085b,ca2-549aa2c44edd65acedb7
address_only,0x7094e706e75e13d1e0ea237f71a7c4511e9d270b,1,1,1,False,False,ethereum,0x7094e706e75e13d1e0ea237f71a7c4511e9d270b,ca2-4d6568a7691d786971d0
address_only,0x7259e152103756e1616a77ae982353c3751a6a90,1,1,1,False,False,ethereum,0x7259e152103756e1616a77ae982353c3751a6a90,ca2-be2ba09219e40ecb6cb2
address_only,0x72c114a1a4abc65be2be3e356eede296dbb8ba4c,1,1,1,False,False,bsc,0x72c114a1a4abc65be2be3e356eede296dbb8ba4c,ca2-a2f6f3e29675d1bc32f6
address_only,0x7314729d691fd074dbba03ca3c6ef3be61b31d34,1,1,1,False,False,bsc,0x7314729d691fd074dbba03ca3c6ef3be61b31d34,ca2-ca1ff798b4f84a39a35d
address_only,0x759c6de5bca9ade8a1a2719a31553c4b7de02539,1,1,1,False,False,ethereum,0x759c6de5bca9ade8a1a2719a31553c4b7de02539,ca2-81ae1f51e833bf23db49
address_only,0x75b7db3e11138134fe4744553b5e5e3d6546d289,1,1,1,False,False,ethereum,0x75b7db3e11138134fe4744553b5e5e3d6546d289,ca2-6f776e614c2662f41a7a
address_only,0x760c2aaa22220f24b9343b2a91a62dd664953853,1,1,1,False,False,bsc,0x760c2aaa22220f24b9343b2a91a62dd664953853,ca2-324926ca92042b3a084e
address_only,0x764c64b2a09b09acb100b80d8c505aa6a0302ef2,1,1,1,False,False,ethereum,0x764c64b2a09b09acb100b80d8c505aa6a0302ef2,ca2-610c56fd6c594f9c9f90
address_only,0x765277eebeca2e31912c9946eae1021199b39c61,1,1,1,False,False,ethereum,0x765277eebeca2e31912c9946eae1021199b39c61,ca2-759d84cb92c4b203c71e
address_only,0x765b8d7cd8ff304f796f4b6fb1bcf78698333f6d,1,1,1,False,False,ethereum,0x765b8d7cd8ff304f796f4b6fb1bcf78698333f6d,ca2-2f764ff5c7c146ad35b3
address_only,0x79a7d3559d73ea032120a69e59223d4375deb595,1,1,1,False,False,ethereum,0x79a7d3559d73ea032120a69e59223d4375deb595,ca2-ca903ea09549202fecb9
address_only,0x7ac55ac530f2c29659573bde0700c6758d69e677,1,1,1,False,False,bsc,0x7ac55ac530f2c29659573bde0700c6758d69e677,ca2-28489e4d5123e702b7a8
address_only,0x7b190a928aa76eece5cb3e0f6b3bdb24fcdd9b4f,1,1,1,False,False,ethereum,0x7b190a928aa76eece5cb3e0f6b3bdb24fcdd9b4f,ca2-c7f02a40db88500f3ae5
address_only,0x7b5969bb51fa3b002579d7ee41a454ac691716dc,1,1,1,False,False,base,0x7b5969bb51fa3b002579d7ee41a454ac691716dc,ca2-0583d91c7785bb31ad8f
address_only,0x7b8c378df8650373d82ceb1085a18fe34031784f,1,1,1,False,False,bsc,0x7b8c378df8650373d82ceb1085a18fe34031784f,ca2-e54f2002a25549da55ac
address_only,0x7bacb1c805cbbf7c4f74556a4b34fde7793d0887,1,1,1,False,False,bsc,0x7bacb1c805cbbf7c4f74556a4b34fde7793d0887,ca2-ca180b9c5c90165fb523
address_only,0x7c77576a2b48504ebd9ff0810d799651f68742d3,1,1,1,False,False,bsc,0x7c77576a2b48504ebd9ff0810d799651f68742d3,ca2-a1a34caf1169e8bc37ff
address_only,0x7db3cbaf736c049933a3af28dbed4a4442aa89d0,1,1,1,False,False,bsc,0x7db3cbaf736c049933a3af28dbed4a4442aa89d0,ca2-b801a4d001ea7844b2c0
address_only,0x7dda132dd57b773a94e27c5caa97834a73510429,1,1,1,False,False,bsc,0x7dda132dd57b773a94e27c5caa97834a73510429,ca2-1769b603523b156d5e27
address_only,0x7e6c2522fee4e74a0182b9c6159048361bc3260a,1,1,1,False,False,bsc,0x7e6c2522fee4e74a0182b9c6159048361bc3260a,ca2-c3da8c67aae06b7ecce1
address_only,0x7f12d13b34f5f4f0a9449c16bcd42f0da47af200,1,1,1,False,False,base,0x7f12d13b34f5f4f0a9449c16bcd42f0da47af200,ca2-470ed35ca97a31cab7dd
address_only,0x7f3fe9d492a9a60aebb06d82cba23c6f32cad10b,1,1,1,False,False,ethereum,0x7f3fe9d492a9a60aebb06d82cba23c6f32cad10b,ca2-9f2e70a7938c45f70a82
address_only,0x7fcb7dac61ee35b3d4a51117a7c58d53f0a8a670,1,1,1,False,False,ethereum,0x7fcb7dac61ee35b3d4a51117a7c58d53f0a8a670,ca2-de6d0211681a69ea1f52
address_only,0x7fdff64bf87bad52e6430bda30239bd182389ee3,1,1,1,False,False,bsc,0x7fdff64bf87bad52e6430bda30239bd182389ee3,ca2-3ae6d0e93f222f7571b2
address_only,0x800cfd4a2ba8ce93ea2cc814fce26c3635169017,1,1,1,False,False,ethereum,0x800cfd4a2ba8ce93ea2cc814fce26c3635169017,ca2-8f2514150efc980c9183
address_only,0x80121da952a74c06adc1d7f85a237089b57af347,1,1,1,False,False,bsc,0x80121da952a74c06adc1d7f85a237089b57af347,ca2-5d29f9c5eb314dcba612
address_only,0x8087720eeea59f9f04787065447d52150c09643e,1,1,1,False,False,bsc,0x8087720eeea59f9f04787065447d52150c09643e,ca2-15ae4c22b54f390dc4fe
address_only,0x80a0d7a6fd2a22982ce282933b384568e5c852bf,1,1,1,False,False,bsc,0x80a0d7a6fd2a22982ce282933b384568e5c852bf,ca2-c5a01f6581922c612fa6
address_only,0x80df77b2ae5828ff499a735ee823d6cd7cf95f5a,1,1,1,False,False,bsc,0x80df77b2ae5828ff499a735ee823d6cd7cf95f5a,ca2-42413804b9b826875275
address_only,0x810f4c6ae97bcc66da5ae6383cc31bd3670f6d13,1,1,1,False,False,bsc,0x810f4c6ae97bcc66da5ae6383cc31bd3670f6d13,ca2-351de4f0c9d0919d5212
address_only,0x824dcd7b044d60df2e89b1bb888e66d8bcf41491,1,1,1,False,False,ethereum,0x824dcd7b044d60df2e89b1bb888e66d8bcf41491,ca2-c9253cf4e2d235460157
address_only,0x8390a1da07e376ef7add4be859ba74fb83aa02d5,1,1,1,False,False,ethereum,0x8390a1da07e376ef7add4be859ba74fb83aa02d5,ca2-e095e5dbb9687595e5ee
address_only,0x83f798e925bcd4017eb265844fddabb448f1707d,1,1,1,False,False,ethereum,0x83f798e925bcd4017eb265844fddabb448f1707d,ca2-6b709bd598843f9b172a
address_only,0x844fa82f1e54824655470970f7004dd90546bb28,1,1,1,False,False,bsc,0x844fa82f1e54824655470970f7004dd90546bb28,ca2-1110a2625b12e4b110c0
address_only,0x84524baa1951247b3a2617a843e6ece915bb9674,1,1,1,False,False,ethereum,0x84524baa1951247b3a2617a843e6ece915bb9674,ca2-789b9d7c348037be1840
address_only,0x84be9475051a08ee5364fba44de7fe83a5ecc4f1,1,1,1,False,False,bsc,0x84be9475051a08ee5364fba44de7fe83a5ecc4f1,ca2-b15231d961b437b62264
address_only,0x85018cf6f53c8bbd03c3137e71f4fca226cda92c,1,1,1,False,False,ethereum,0x85018cf6f53c8bbd03c3137e71f4fca226cda92c,ca2-6af08ae1ba1d426949bb
address_only,0x863e572b215fd67c855d973f870266cf827aea5e,1,1,1,False,False,ethereum,0x863e572b215fd67c855d973f870266cf827aea5e,ca2-a21e3c90faf447e22997
address_only,0x86e06eafa6a1ea631eab51de500e3d474933739f,1,1,1,False,False,bsc,0x86e06eafa6a1ea631eab51de500e3d474933739f,ca2-b742b64a4c493234640e
address_only,0x8785bb8deae13783b24d7afe250d42ea7d7e9d72,1,1,1,False,False,bsc,0x8785bb8deae13783b24d7afe250d42ea7d7e9d72,ca2-4565d5902877fc12ffa7
address_only,0x879e993e2e37de3b47f38c13858e1f337d51448b,1,1,1,False,False,ethereum,0x879e993e2e37de3b47f38c13858e1f337d51448b,ca2-5600aac7a0790bee4d8c
address_only,0x88886f0fd371dff856291badced45922bc888888,1,1,1,False,False,bsc,0x88886f0fd371dff856291badced45922bc888888,ca2-698cd40308a0d9b400f7
address_only,0x88b3eb62e363d9f153beab49c5c2ef2e785a375a,1,1,1,False,False,bsc,0x88b3eb62e363d9f153beab49c5c2ef2e785a375a,ca2-6673e21002a8af6f4d12
address_only,0x8a6f7834a9d60090668f5db33fec353a7fb4704b,1,1,1,False,False,bsc,0x8a6f7834a9d60090668f5db33fec353a7fb4704b,ca2-11258a259a94c2ae2ec5
address_only,0x8b7218cf6ac641382d7c723de8aa173e98a80196,1,1,1,False,False,bsc,0x8b7218cf6ac641382d7c723de8aa173e98a80196,ca2-9975357170a08c396c9a
address_only,0x8bc6ce23e5e2c4f0a96429e3c9d482d74171215e,1,1,1,False,False,bsc,0x8bc6ce23e5e2c4f0a96429e3c9d482d74171215e,ca2-22ca428502dddf9f2871
address_only,0x8bfaa473a899439d8e07bf86a8c6ce5de42fe54b,1,1,1,False,False,bsc,0x8bfaa473a899439d8e07bf86a8c6ce5de42fe54b,ca2-ffbe4d4d4db010d46d01
address_only,0x8ebd6c7d2b79ca4dc5fbdec239a8bb0f214212b8,1,1,1,False,False,ethereum,0x8ebd6c7d2b79ca4dc5fbdec239a8bb0f214212b8,ca2-0214cb74200856148943
address_only,0x8f9036732b9aa9b82d8f35e54b71faeb2f573e2f,1,1,1,False,False,ethereum,0x8f9036732b9aa9b82d8f35e54b71faeb2f573e2f,ca2-4c7dcc457e38b7cc78ee
address_only,0x8fd3d01cc65ea0e4dfffde7ec8159dc99a177f0a,1,1,1,False,False,bsc,0x8fd3d01cc65ea0e4dfffde7ec8159dc99a177f0a,ca2-95b35bd7c797a707a0fe
address_only,0x91383a15c391c142b80045d8b4730c1c37ac0378,1,1,1,False,False,ethereum,0x91383a15c391c142b80045d8b4730c1c37ac0378,ca2-aa992d5980e00838b209
address_only,0x9210f1204b5a24742eba12f710636d76240df3d0,1,1,1,False,False,ethereum,0x9210f1204b5a24742eba12f710636d76240df3d0,ca2-3049d2889726467cfdcb
address_only,0x93b621a9f8f1821a6a693a29672ca3d6612a2a7e,1,1,1,False,False,bsc,0x93b621a9f8f1821a6a693a29672ca3d6612a2a7e,ca2-5d15ea73c6fd71a4407d
address_only,0x94e06c77b02ade8341489ab9a23451f68c13ec1c,1,1,1,False,False,bsc,0x94e06c77b02ade8341489ab9a23451f68c13ec1c,ca2-36def0144d519bbc5d86
address_only,0x951d51baefb72319d9fbe941e1615938d89abfe2,1,1,1,False,False,ethereum,0x951d51baefb72319d9fbe941e1615938d89abfe2,ca2-b7ed9e346aa4cb6ca834
address_only,0x977087422c008233615b572fbc3f209ed300063a,1,1,1,False,False,bsc,0x977087422c008233615b572fbc3f209ed300063a,ca2-001b14467ef9b84b416a
address_only,0x9823e10a0bf6f64f59964be1a7f83090bf5728ab,1,1,1,False,False,bsc,0x9823e10a0bf6f64f59964be1a7f83090bf5728ab,ca2-c066d2de3bfd20c10ce0
address_only,0x99855380e5f48db0a6babeae312b80885a816dce,1,1,1,False,False,bsc,0x99855380e5f48db0a6babeae312b80885a816dce,ca2-ca16a95de7b24c723e35
address_only,0x9ab6b21cdf116f611110b048987e58894786c244,1,1,1,False,False,ethereum,0x9ab6b21cdf116f611110b048987e58894786c244,ca2-c7586710b826b2f08a35
address_only,0x9ad90eeab3caff64a762cb40387ee1bb18bd31e3,1,1,1,False,False,bsc,0x9ad90eeab3caff64a762cb40387ee1bb18bd31e3,ca2-ba9bcac83757e0db9b90
address_only,0x9c87a5726e98f2f404cdd8ac8968e9b2c80c0967,1,1,1,False,False,ethereum,0x9c87a5726e98f2f404cdd8ac8968e9b2c80c0967,ca2-da248926cc32b52fc5ad
address_only,0x9ca66a67dc3d77beb59dc11caf96677843797c08,1,1,1,False,False,bsc,0x9ca66a67dc3d77beb59dc11caf96677843797c08,ca2-30b42ce7f2f4b08cf742
address_only,0x9cb928bf50ed220ac8f703bce35be5ce7f56c99c,1,1,1,False,False,bsc,0x9cb928bf50ed220ac8f703bce35be5ce7f56c99c,ca2-8f02fa85c8202388bdf3
address_only,0x9d6d817ea5d4a69ff4c4509bea8f9b2534cec108,1,1,1,False,False,bsc,0x9d6d817ea5d4a69ff4c4509bea8f9b2534cec108,ca2-59a1cba91e5790395c7b
address_only,0x9f54e8eaa9658316bb8006e03fff1cb191aafbe6,1,1,1,False,False,ethereum,0x9f54e8eaa9658316bb8006e03fff1cb191aafbe6,ca2-0d308a16f604ed495788
address_only,0x9f72dc67cec672bb99e3d02cbea0a21536a2b657,1,1,1,False,False,ethereum,0x9f72dc67cec672bb99e3d02cbea0a21536a2b657,ca2-7f64659ac37a0996268b
address_only,0xa0ff0e694275023f4986dc3ca12a6eb5d6056c62,1,1,1,False,False,ethereum,0xa0ff0e694275023f4986dc3ca12a6eb5d6056c62,ca2-bef4fd38f1af5d45d83a
address_only,0xa1ce40702e15d0417a6c74d0bab96772f36f4e99,1,1,1,False,False,ethereum,0xa1ce40702e15d0417a6c74d0bab96772f36f4e99,ca2-616b55afdd61c6ca8b12
address_only,0xa2268fcc2fe7a2bb755fbe5a7b3ac346ddfedb9b,1,1,1,False,False,bsc,0xa2268fcc2fe7a2bb755fbe5a7b3ac346ddfedb9b,ca2-196bde1bc084a841e794
address_only,0xa2b8a15a07385ea933088c6bcbb38b84c1051a58,1,1,1,False,False,bsc,0xa2b8a15a07385ea933088c6bcbb38b84c1051a58,ca2-99439e8d086734a4e7a2
address_only,0xa3d0e72c8a2fe9127a77412bf34bee5e4945bd49,1,1,1,False,False,ethereum,0xa3d0e72c8a2fe9127a77412bf34bee5e4945bd49,ca2-ba570d8f796dcaeae5f2
address_only,0xa3f5ea945c4970f48e322f1e70f4cc08e70039ee,1,1,1,False,False,bsc,0xa3f5ea945c4970f48e322f1e70f4cc08e70039ee,ca2-f3e658093e457630a524
address_only,0xa44e79a2c9a8965e7a6fa77bf0ca8faf50e6c73e,1,1,1,False,False,ethereum,0xa44e79a2c9a8965e7a6fa77bf0ca8faf50e6c73e,ca2-87c7a2d034157234fe09
address_only,0xa4f5d4afd6b9226b3004dd276a9f778eb75f2e9e,1,1,1,False,False,bsc,0xa4f5d4afd6b9226b3004dd276a9f778eb75f2e9e,ca2-627fce499908ff82ad6d
address_only,0xa5564a2d1190a141cac438c9fde686ac48a18a79,1,1,1,False,False,ethereum,0xa5564a2d1190a141cac438c9fde686ac48a18a79,ca2-21ac1c8056ff7df162a8
address_only,0xa5957e0e2565dc93880da7be32abcbdf55788888,1,1,1,False,False,bsc,0xa5957e0e2565dc93880da7be32abcbdf55788888,ca2-d6ba3397ed249bc3a420
address_only,0xa5f3728767f834c591ee99c8c5854b752f39c385,1,1,1,False,False,bsc,0xa5f3728767f834c591ee99c8c5854b752f39c385,ca2-2fce7b426138574319d9
address_only,0xa608985f5b40cdf6862bec775207f84280a91e3a,1,1,1,False,False,bsc,0xa608985f5b40cdf6862bec775207f84280a91e3a,ca2-b76182b1e2e51faa9428
address_only,0xa62f9c5af106feee069f38de51098d9d81b90572,1,1,1,False,False,ethereum,0xa62f9c5af106feee069f38de51098d9d81b90572,ca2-511b838cc3ae7420a912
address_only,0xa6447f6156effd23ec3b57d5edd978349e4e192d,1,1,1,False,False,ethereum,0xa6447f6156effd23ec3b57d5edd978349e4e192d,ca2-eaf1e84be2ca5fa8830a
address_only,0xa7b5eabc3ee82c585f5f4ccc26b81c3bd62ff3a9,1,1,1,False,False,bsc,0xa7b5eabc3ee82c585f5f4ccc26b81c3bd62ff3a9,ca2-d5206e281e59cc007b02
address_only,0xa7e92345ddf541aa5cf60fee2a0e721c50ca1adb,1,1,1,False,False,bsc,0xa7e92345ddf541aa5cf60fee2a0e721c50ca1adb,ca2-e92eb18ffd5cb5150b66
address_only,0xa88800cd213da5ae406ce248380802bd53b47647,1,1,1,False,False,ethereum,0xa88800cd213da5ae406ce248380802bd53b47647,ca2-8e3ab047548dade505e8
address_only,0xa8987285e100a8b557f06a7889f79e0064b359f2,1,1,1,False,False,bsc,0xa8987285e100a8b557f06a7889f79e0064b359f2,ca2-a20ccf47b4d8c4cfab79
address_only,0xa943ea143cd7e79806d670f4a7cf08f8922a454f,1,1,1,False,False,bsc,0xa943ea143cd7e79806d670f4a7cf08f8922a454f,ca2-36bcb163bd23551701cc
address_only,0xabc79b7c5a0f1fe0ac55fcb7e659d5817e530123,1,1,1,False,False,bsc,0xabc79b7c5a0f1fe0ac55fcb7e659d5817e530123,ca2-c362836e579418bb08b8
address_only,0xacd43e627e64355f1861cec6d3a6688b31a6f952,1,1,1,False,False,ethereum,0xacd43e627e64355f1861cec6d3a6688b31a6f952,ca2-b6eef501c6bfb6ae40e1
address_only,0xad444663c6c92b497225c6ce65fee2e7f78bfb86,1,1,1,False,False,ethereum,0xad444663c6c92b497225c6ce65fee2e7f78bfb86,ca2-aa939f9f7f959ce19c8f
address_only,0xadefb902cab716b8043c5231ae9a50b8b4ee7c4e,1,1,1,False,False,bsc,0xadefb902cab716b8043c5231ae9a50b8b4ee7c4e,ca2-98b03a49b7d20591238a
address_only,0xae60ac8e69414c2dc362d0e6a03af643d1d85b92,1,1,1,False,False,ethereum,0xae60ac8e69414c2dc362d0e6a03af643d1d85b92,ca2-4c0faea601ab4a95ced8
address_only,0xae975a25646e6eb859615d0a147b909c13d31fed,2,1,1,False,False,bsc,0xae975a25646e6eb859615d0a147b909c13d31fed,ca2-96f365accfda88170b34|ca2-aa385c0e97d08a3f6364
address_only,0xaf274e912243b19b882f02d731dacd7cd13072d0,1,1,1,False,False,ethereum,0xaf274e912243b19b882f02d731dacd7cd13072d0,ca2-8920d085a4a666414df5
address_only,0xb000f121a173d7dd638bb080fee669a2f3af9760,1,1,1,False,False,bsc,0xb000f121a173d7dd638bb080fee669a2f3af9760,ca2-a5caf2554c14b71cf9ef
address_only,0xb0f8fe96b4880adbdede0ddf446bd1e7ef122c4e,1,1,1,False,False,ethereum,0xb0f8fe96b4880adbdede0ddf446bd1e7ef122c4e,ca2-47d01daca3ef9c1ed2f1
address_only,0xb192d4a737430aa61cea4ce9bfb6432f7d42592f,1,1,1,False,False,bsc,0xb192d4a737430aa61cea4ce9bfb6432f7d42592f,ca2-8a1aed9c839187cc890c
address_only,0xb1da08c472567eb0ec19639b1822f578d39f3333,1,1,1,False,False,bsc,0xb1da08c472567eb0ec19639b1822f578d39f3333,ca2-59c27a09402366528ab6
address_only,0xb276647e70cb3b81a1ca302cf8de280ff0ce5799,1,1,1,False,False,ethereum,0xb276647e70cb3b81a1ca302cf8de280ff0ce5799,ca2-3ce3786a7c84825faed0
address_only,0xb2b1dc3204ee8899d6575f419e72b53e370f6b20,1,1,1,False,False,bsc,0xb2b1dc3204ee8899d6575f419e72b53e370f6b20,ca2-d21da7d9fce0924660dc
address_only,0xb38c2d2d6a168d41aa8eb4cead47e01badbdcf57,1,1,1,False,False,bsc,0xb38c2d2d6a168d41aa8eb4cead47e01badbdcf57,ca2-a17aa054e6a4e68a65d6
address_only,0xb390b07fcf76678089cb12d8e615d5fe494b01fb,1,1,1,False,False,bsc,0xb390b07fcf76678089cb12d8e615d5fe494b01fb,ca2-3d8e91015c9360a5a76f
address_only,0xb3a636ac4c271e6cd962cad98eae9cf71f5a49c8,1,1,1,False,False,bsc,0xb3a636ac4c271e6cd962cad98eae9cf71f5a49c8,ca2-0d94b0dee68d0b41352e
address_only,0xb3fb1d01b07a706736ca175f827e4f56021b85de,1,1,1,False,False,ethereum,0xb3fb1d01b07a706736ca175f827e4f56021b85de,ca2-e6ddbcb4d936397b6ffe
address_only,0xb47955b5b7eaf49c815ebc389850eb576c460092,1,1,1,False,False,bsc,0xb47955b5b7eaf49c815ebc389850eb576c460092,ca2-7e2e4e06ad319c9c87c0
address_only,0xb4e47c13db187d54839cd1e08422af57e5348fc1,1,1,1,False,False,bsc,0xb4e47c13db187d54839cd1e08422af57e5348fc1,ca2-0fab25d3b5b764c482c5
address_only,0xb5599f568d3f3e6113b286d010d2bca40a7745aa,1,1,1,False,False,ethereum,0xb5599f568d3f3e6113b286d010d2bca40a7745aa,ca2-ee795333beb4dcb94cce
address_only,0xb5a0ce3acd6ec557d39afdcbc93b07a1e1a9e3fa,1,1,1,False,False,bsc,0xb5a0ce3acd6ec557d39afdcbc93b07a1e1a9e3fa,ca2-444479add25939f22fc7
address_only,0xb6333e994fd02a9255e794c177efbdeb1fe779c7,1,1,1,False,False,base,0xb6333e994fd02a9255e794c177efbdeb1fe779c7,ca2-b40a4160faf772fbf6c8
address_only,0xb6fa6f1dcd686f4a573fd243a6fabb4ba36ba98c,1,1,1,False,False,bsc,0xb6fa6f1dcd686f4a573fd243a6fabb4ba36ba98c,ca2-7d57548f67767829ee9a
address_only,0xb75ca3c3e99747d0e2f6e75a9fbd17f5ac03cebe,1,1,1,False,False,bsc,0xb75ca3c3e99747d0e2f6e75a9fbd17f5ac03cebe,ca2-0aa20008e0303e8a5201
address_only,0xb7e1d1372f2880373d7c5a931cdbaa73c38663c6,1,1,1,False,False,bsc,0xb7e1d1372f2880373d7c5a931cdbaa73c38663c6,ca2-a40aff558c4a5d19fdb1
address_only,0xb84cbaf116eb90fd445dd5aeadfab3e807d2cbac,1,1,1,False,False,ethereum,0xb84cbaf116eb90fd445dd5aeadfab3e807d2cbac,ca2-1dbdc2611cd24dc765b2
address_only,0xb8dc09eec82cab2e86c7edc8dd5882dd92d22411,1,1,1,False,False,bsc,0xb8dc09eec82cab2e86c7edc8dd5882dd92d22411,ca2-23403cb09827b5b8f43e
address_only,0xb91ae2c8365fd45030aba84a4666c4db074e53e7,1,1,1,False,False,ethereum,0xb91ae2c8365fd45030aba84a4666c4db074e53e7,ca2-c18bc2a1d0fa9e55db58
address_only,0xb983e01458529665007ff7e0cddecdb74b967eb6,1,1,1,False,False,ethereum,0xb983e01458529665007ff7e0cddecdb74b967eb6,ca2-22e8cd13c63b74bc9bbc
address_only,0xbaa87546cf87b5de1b0b52353a86792d40b8ba70,1,1,1,False,False,ethereum,0xbaa87546cf87b5de1b0b52353a86792d40b8ba70,ca2-746ec2d0566ffbda9c0f
address_only,0xbb02a884621fb8f5bfd263a67f58b65df5b090f3,1,1,1,False,False,ethereum,0xbb02a884621fb8f5bfd263a67f58b65df5b090f3,ca2-2ba749707a4aa17e7fd0
address_only,0xbb787d6243a8d450659e09ea6fd82f1c859691e9,2,1,1,False,False,ethereum,0xbb787d6243a8d450659e09ea6fd82f1c859691e9,ca2-4b9009f78d24b677e07e|ca2-ed5ea743787aecff1e56
address_only,0xbbbbbbbbbb9cc5e90e3b3af64bdaf62c37eeffcb,1,1,1,False,False,ethereum,0xbbbbbbbbbb9cc5e90e3b3af64bdaf62c37eeffcb,ca2-2656a778ab34f3a823cd
address_only,0xbc452fdc8f851d7c5b72e1fe74dfb63bb793d511,1,1,1,False,False,ethereum,0xbc452fdc8f851d7c5b72e1fe74dfb63bb793d511,ca2-4e64c62c912196653625
address_only,0xbdb515028a6fa6cd1634b5a9651184494abfd336,1,1,1,False,False,ethereum,0xbdb515028a6fa6cd1634b5a9651184494abfd336,ca2-99c425ac31ee8abd76f2
address_only,0xbe779d420b7d573c08eee226b9958737b6218888,1,1,1,False,False,bsc,0xbe779d420b7d573c08eee226b9958737b6218888,ca2-9ccf44443a293b02fdd3
address_only,0xbeb0b0623f66be8ce162ebdfa2ec543a522f4ea6,1,1,1,False,False,base,0xbeb0b0623f66be8ce162ebdfa2ec543a522f4ea6,ca2-5e2c8b988ed2dd09b840
address_only,0xbf5baea5113e9eb7009a6680747f2c7569dfc2d6,1,1,1,False,False,bsc,0xbf5baea5113e9eb7009a6680747f2c7569dfc2d6,ca2-33375f53486ac02fc6d2
address_only,0xc0a6b8c534fad86df8fa1abb17084a70f86eddc1,1,1,1,False,False,ethereum,0xc0a6b8c534fad86df8fa1abb17084a70f86eddc1,ca2-54094307591338d2b28a
address_only,0xc0afd0e40bb3dcaebd9451aa5c319b745bf792b4,1,1,1,False,False,bsc,0xc0afd0e40bb3dcaebd9451aa5c319b745bf792b4,ca2-72ea322ccc16e3e5cbe0
address_only,0xc10e0319337c7f83342424df72e73a70a29579b2,1,1,1,False,False,bsc,0xc10e0319337c7f83342424df72e73a70a29579b2,ca2-f869139a8dcac0542bd9
address_only,0xc1bb12560468fb255a8e8431bdf883cc4cb3d278,1,1,1,False,False,bsc,0xc1bb12560468fb255a8e8431bdf883cc4cb3d278,ca2-21e1af0751214952c72b
address_only,0xc310e760778ecbca4c65b6c559874757a4c4ece0,1,1,1,False,False,ethereum,0xc310e760778ecbca4c65b6c559874757a4c4ece0,ca2-a9052dd43a76ce42a994
address_only,0xc321ac21a07b3d593b269acdace69c3762ca2dd0,1,1,1,False,False,bsc,0xc321ac21a07b3d593b269acdace69c3762ca2dd0,ca2-b89108fafba359a9828c
address_only,0xc342774492b54ce5f8ac662113ed702fc1b34972,1,1,1,False,False,bsc,0xc342774492b54ce5f8ac662113ed702fc1b34972,ca2-8ad0e7849cd27bf47eab
address_only,0xc36a7887786389405ea8da0b87602ae3902b88a1,1,1,1,False,False,ethereum,0xc36a7887786389405ea8da0b87602ae3902b88a1,ca2-6123dfbf4db930b4d1d5
address_only,0xc54aaecf5fa1b6c007d019a9d14dfb4a77cc3039,1,1,1,False,False,bsc,0xc54aaecf5fa1b6c007d019a9d14dfb4a77cc3039,ca2-fa0880968324b82371e6
address_only,0xc6548caf18e20f88cc437a52b6d388b0d54d830d,1,1,1,False,False,bsc,0xc6548caf18e20f88cc437a52b6d388b0d54d830d,ca2-83e922a7f39b2bc4b4b1
address_only,0xc6cb12df4520b7bf83f64c79c585b8462e18b6aa,1,1,1,False,False,bsc,0xc6cb12df4520b7bf83f64c79c585b8462e18b6aa,ca2-b9cedafde58efbfc26fe
address_only,0xc748673057861a797275cd8a068abb95a902e8de,2,1,1,False,False,bsc,0xc748673057861a797275cd8a068abb95a902e8de,ca2-1a73db8dcf62dc8e4419|ca2-26661d7a70b3c3c3ab9e
address_only,0xc859ac8429fb4a5e24f24a7bed3fe3a8db4fb371,1,1,1,False,False,base,0xc859ac8429fb4a5e24f24a7bed3fe3a8db4fb371,ca2-f459648a3f9405d0f148
address_only,0xc98e183d2e975f0567115cb13af893f0e3c0d0bd,1,1,1,False,False,bsc,0xc98e183d2e975f0567115cb13af893f0e3c0d0bd,ca2-7455b4981f74c1b4c51e
address_only,0xc9f27a50f82571c1c8423a42970613b8dbda14ef,1,1,1,False,False,ethereum,0xc9f27a50f82571c1c8423a42970613b8dbda14ef,ca2-c5ce6bf171451010d578
address_only,0xc9fa8f4cfd11559b50c5c7f6672b9eea2757e1bd,1,1,1,False,False,ethereum,0xc9fa8f4cfd11559b50c5c7f6672b9eea2757e1bd,ca2-c5f9905c03ee273e260f
address_only,0xca11bde05977b3631167028862be2a173976ca11,1,1,1,False,False,bsc,0xca11bde05977b3631167028862be2a173976ca11,ca2-3b5e98c9b74a83f683a0
address_only,0xcb3b879ab11f825885d5add8bf3672596d35197c,1,1,1,False,False,ethereum,0xcb3b879ab11f825885d5add8bf3672596d35197c,ca2-0f2e70bb64b6ee9426eb
address_only,0xcc5fda5e3ca925bd0bb428c8b2669496ee43067e,1,1,1,False,False,ethereum,0xcc5fda5e3ca925bd0bb428c8b2669496ee43067e,ca2-220124d062a8c71c63c5
address_only,0xcc61cc9f2632314c9d452aca79104ddf680952b5,1,1,1,False,False,bsc,0xcc61cc9f2632314c9d452aca79104ddf680952b5,ca2-8827a43c9b16b94734ae
address_only,0xcd6ca2f0d0c182c5049d9a1f65cde51a706ae142,1,1,1,False,False,ethereum,0xcd6ca2f0d0c182c5049d9a1f65cde51a706ae142,ca2-3f7bb52435313429cfa7
address_only,0xce1b3e5087e8215876af976032382dd338cf8401,1,1,1,False,False,bsc,0xce1b3e5087e8215876af976032382dd338cf8401,ca2-5ec981d26607ce3dec41
address_only,0xcfe0de4a50c80b434092f87e106dfa40b71a5563,1,1,1,False,False,base,0xcfe0de4a50c80b434092f87e106dfa40b71a5563,ca2-73f336f589a36742aed4
address_only,0xcff086ead392ccb39c49ecda8c974ad5238452ac,1,1,1,False,False,bsc,0xcff086ead392ccb39c49ecda8c974ad5238452ac,ca2-f6ff26fef2c7c8239a54
address_only,0xd0fbf0a224563d5ffc8a57e4fda6ae080ebcf3d3,1,1,1,False,False,bsc,0xd0fbf0a224563d5ffc8a57e4fda6ae080ebcf3d3,ca2-4146cf0ae387533d1340
address_only,0xd188492217f09d18f2b0ece3f8948015981e961a,1,1,1,False,False,bsc,0xd188492217f09d18f2b0ece3f8948015981e961a,ca2-b5a8e682aba465a7a0f6
address_only,0xd1a1c248b253f1fc60eacd90777b9a63f8c8c1bc,1,1,1,False,False,ethereum,0xd1a1c248b253f1fc60eacd90777b9a63f8c8c1bc,ca2-f39ef961ac91c6d34016
address_only,0xd248b30a3207a766d318c7a87f5cf334a439446d,1,1,1,False,False,ethereum,0xd248b30a3207a766d318c7a87f5cf334a439446d,ca2-a25eb49dc8b847fae718
address_only,0xd2869042e12a3506100af1d192b5b04d65137941,1,1,1,False,False,ethereum,0xd2869042e12a3506100af1d192b5b04d65137941,ca2-e71c9a37159c80622f42
address_only,0xd2933c86216dc0c938ffafeca3c8a2d6e633e2ca,1,1,1,False,False,ethereum,0xd2933c86216dc0c938ffafeca3c8a2d6e633e2ca,ca2-3c88785c0f3b4867d7f4
address_only,0xd2f26200cd524db097cf4ab7cc2e5c38ab6ae5c9,1,1,1,False,False,bsc,0xd2f26200cd524db097cf4ab7cc2e5c38ab6ae5c9,ca2-b5392852b27dc3299291
address_only,0xd309f0fd5c3b90ecfb7024ede7d329d9582492c5,1,1,1,False,False,bsc,0xd309f0fd5c3b90ecfb7024ede7d329d9582492c5,ca2-b7fe5ed86edfbd9edb3a
address_only,0xd3c41c85be295607e8ea5c58487ec5894300ee67,1,1,1,False,False,ethereum,0xd3c41c85be295607e8ea5c58487ec5894300ee67,ca2-1579de76f9bed10399a7
address_only,0xd3d4b46db01c006fb165879f343fc13174a1ceeb,1,1,1,False,False,bsc,0xd3d4b46db01c006fb165879f343fc13174a1ceeb,ca2-d78f4dfccb15753abb19
address_only,0xd4524be41cd452576ab9ff7b68a0b89af8498a91,1,1,1,False,False,bsc,0xd4524be41cd452576ab9ff7b68a0b89af8498a91,ca2-6829820c6abb9fe3a566
address_only,0xd45740ab9ec920bedbd9bab2e863519e59731941,1,1,1,False,False,ethereum,0xd45740ab9ec920bedbd9bab2e863519e59731941,ca2-c6799af1babe7f32f44f
address_only,0xd4bbf439d3eab5155ca7c0537e583088fb4cfce8,1,1,1,False,False,bsc,0xd4bbf439d3eab5155ca7c0537e583088fb4cfce8,ca2-293982257dd654edb222
address_only,0xd511096a73292a7419a94354d4c1c73e8a3cd851,1,1,1,False,False,bsc,0xd511096a73292a7419a94354d4c1c73e8a3cd851,ca2-f359ea85ce584fc54da1
address_only,0xd55f01b4b51b7f48912cd8ca3cdd8070a1a9dba5,1,1,1,False,False,bsc,0xd55f01b4b51b7f48912cd8ca3cdd8070a1a9dba5,ca2-cc09312220e115bde016
address_only,0xd672b766d66662f5c6fd798a999e1193a7945451,1,1,1,False,False,bsc,0xd672b766d66662f5c6fd798a999e1193a7945451,ca2-c8f07b57035de6f92dd6
address_only,0xd990094a611c3de34664dd3664ebf979a1230fc1,1,1,1,False,False,bsc,0xd990094a611c3de34664dd3664ebf979a1230fc1,ca2-0bc1321f2d440dbae4b1
address_only,0xdb103fd28ca4b18115f5ce908baaeed7e0f1f101,1,1,1,False,False,bsc,0xdb103fd28ca4b18115f5ce908baaeed7e0f1f101,ca2-522ebe1e13a3ab2c2fe8
address_only,0xdbb20a979a92cccce15229e41c9b082d5b5d7e31,1,1,1,False,False,ethereum,0xdbb20a979a92cccce15229e41c9b082d5b5d7e31,ca2-8af0ea955100349da941
address_only,0xdbf1c56b2ad121fe705f9b68225378aa6784f3e5,1,1,1,False,False,bsc,0xdbf1c56b2ad121fe705f9b68225378aa6784f3e5,ca2-02e1298629b75e4dec93
address_only,0xdca503449899d5649d32175a255a8835a03e4006,1,1,1,False,False,bsc,0xdca503449899d5649d32175a255a8835a03e4006,ca2-5011063427fa6a95c108
address_only,0xdd9b223aec6ea56567a62f21ff89585ff125632c,1,1,1,False,False,bsc,0xdd9b223aec6ea56567a62f21ff89585ff125632c,ca2-d08064284319f9724001
address_only,0xde46fcf6ab7559e4355b8ee3d7fba0f2730cddd8,1,1,1,False,False,ethereum,0xde46fcf6ab7559e4355b8ee3d7fba0f2730cddd8,ca2-bd6decf7c8f8dfbaca40
address_only,0xde59b88abefa5e6c8aa6d742eee0f887dab136ac,1,1,1,False,False,ethereum,0xde59b88abefa5e6c8aa6d742eee0f887dab136ac,ca2-7a01249aabcf9ab600cc
address_only,0xde62e1b0edaa55aac5ffbe21984d321706418024,1,1,1,False,False,ethereum,0xde62e1b0edaa55aac5ffbe21984d321706418024,ca2-12f0d5e40474ef0de502
address_only,0xde698b5bbb4a12ddf2261bbdf8e034af34399999,1,1,1,False,False,bsc,0xde698b5bbb4a12ddf2261bbdf8e034af34399999,ca2-eaff56dcacef885f96a2
address_only,0xdec12a1dcbc1f741ccd02dfd862ab226f6383003,1,1,1,False,False,bsc,0xdec12a1dcbc1f741ccd02dfd862ab226f6383003,ca2-eafba3ad227d4a51d107
address_only,0xdee8a9ac2c2819fe6a3bae45a12bff70c604805a,1,1,1,False,False,ethereum,0xdee8a9ac2c2819fe6a3bae45a12bff70c604805a,ca2-ea9f778a9d9aef43fc02
address_only,0xdf4895cd8247284ae3a7b3e28cf6c03113fada5f,1,1,1,False,False,bsc,0xdf4895cd8247284ae3a7b3e28cf6c03113fada5f,ca2-3503e03a9a7fd4a87fe3
address_only,0xe0b94a7bb45dd905c79bb1992c9879f40f1caed5,1,1,1,False,False,ethereum,0xe0b94a7bb45dd905c79bb1992c9879f40f1caed5,ca2-2d1d603841d5194ab452
address_only,0xe11fc0b43ab98eb91e9836129d1ee7c3bc95df50,1,1,1,False,False,ethereum,0xe11fc0b43ab98eb91e9836129d1ee7c3bc95df50,ca2-b68f8de37da66632724d
address_only,0xe1747a23c44f445062078e3c528c9f4c28c50a51,1,1,1,False,False,bsc,0xe1747a23c44f445062078e3c528c9f4c28c50a51,ca2-14bd5d42e2f704e2cc65
address_only,0xe1e1aa58983f6b8ee8e4ecd206cea6578f036c21,1,1,1,False,False,bsc,0xe1e1aa58983f6b8ee8e4ecd206cea6578f036c21,ca2-f4c153bbeb9c3fff7e54
address_only,0xe2fe530c047f2d85298b07d9333c05737f1435fb,1,1,1,False,False,ethereum,0xe2fe530c047f2d85298b07d9333c05737f1435fb,ca2-c2f4de8010f571d74d0d
address_only,0xe3334e66634acf17b2b97ab560ec92d6861b25fa,1,1,1,False,False,ethereum,0xe3334e66634acf17b2b97ab560ec92d6861b25fa,ca2-50a6237be75e1de28124
address_only,0xe38b72d6595fd3885d1d2f770aa23e94757f91a1,1,1,1,False,False,ethereum,0xe38b72d6595fd3885d1d2f770aa23e94757f91a1,ca2-a675d1938359eba4234f
address_only,0xe39fd820b58f83205db1d9225f28105971c3d309,1,1,1,False,False,ethereum,0xe39fd820b58f83205db1d9225f28105971c3d309,ca2-5c189b8bf9f7db29dd4e
address_only,0xe3a0bc3483ae5a04db7ef2954315133a6f7d228e,1,1,1,False,False,ethereum,0xe3a0bc3483ae5a04db7ef2954315133a6f7d228e,ca2-b9b0485322ceb6ce33a3
address_only,0xe445654f3797c5ee36406dbe88fbaa0dfbddb2bb,1,1,1,False,False,bsc,0xe445654f3797c5ee36406dbe88fbaa0dfbddb2bb,ca2-d0b1ccc1d33cfcce8cbb
address_only,0xe4764f9cd8ecc9659d3abf35259638b20ac536e4,1,1,1,False,False,ethereum,0xe4764f9cd8ecc9659d3abf35259638b20ac536e4,ca2-aa99cf4dbaf4c7bb8459
address_only,0xe48b75dc1b131fd3a8364b0580f76efd04cf6e9c,1,1,1,False,False,bsc,0xe48b75dc1b131fd3a8364b0580f76efd04cf6e9c,ca2-3b0aac1754ae5d74f870
address_only,0xe4997f98e84c1891e7b57069e177fccf5f4f6094,1,1,1,False,False,bsc,0xe4997f98e84c1891e7b57069e177fccf5f4f6094,ca2-37b12c1f2e2b7af31377
address_only,0xe56842ed550ff2794f010738554db45e60730371,1,1,1,False,False,bsc,0xe56842ed550ff2794f010738554db45e60730371,ca2-adacb53105e39eebae4d
address_only,0xe613c058701c768e0d04d1bf8e6a6dc1a0c6d48a,1,1,1,False,False,bsc,0xe613c058701c768e0d04d1bf8e6a6dc1a0c6d48a,ca2-55d26359a2d08ac915c0
address_only,0xe65e970f065643ba80e5822edff483a1d75263e3,1,1,1,False,False,bsc,0xe65e970f065643ba80e5822edff483a1d75263e3,ca2-a13694fcc2f9f05dda72
address_only,0xe68c1d72340aeefe5be76eda63ae2f4bc7514110,1,1,1,False,False,ethereum,0xe68c1d72340aeefe5be76eda63ae2f4bc7514110,ca2-0998fb22a8fcd705afbc
address_only,0xe732a7bd6706cbd6834b300d7c56a8d2096723a7,1,1,1,False,False,bsc,0xe732a7bd6706cbd6834b300d7c56a8d2096723a7,ca2-59b9ab9a48493aa5ebce
address_only,0xe7597f774fd0a15a617894dc39d45a28b97afa4f,1,1,1,False,False,ethereum,0xe7597f774fd0a15a617894dc39d45a28b97afa4f,ca2-a6061f6cad3a5884d6d4
address_only,0xe7748fce1d1e2f2fd2dddb5074bd074745dda8ea,1,1,1,False,False,bsc,0xe7748fce1d1e2f2fd2dddb5074bd074745dda8ea,ca2-8accf6f062f57db1f918
address_only,0xe77ec1bf3a5c95bfe3be7bdbacfe3ac1c7e454cd,1,1,1,False,False,ethereum,0xe77ec1bf3a5c95bfe3be7bdbacfe3ac1c7e454cd,ca2-122f147da75159901ea0
address_only,0xe968d2e4adc89609773571301abec3399d163c3b,1,1,1,False,False,bsc,0xe968d2e4adc89609773571301abec3399d163c3b,ca2-a5e7a267cfa0aa860481
address_only,0xe9d1d2a27458378dd6c6f0b2c390807aed2217ca,1,1,1,False,False,bsc,0xe9d1d2a27458378dd6c6f0b2c390807aed2217ca,ca2-7d8bff5c879f84e09ee4
address_only,0xea51801b8f5b88543ddad3d1727400c15b209d8f,1,1,1,False,False,bsc,0xea51801b8f5b88543ddad3d1727400c15b209d8f,ca2-7741e8a9a71601f098a4
address_only,0xeab0d46682ac707a06aefb0ac72a91a3fd6fe5d1,1,1,1,False,False,bsc,0xeab0d46682ac707a06aefb0ac72a91a3fd6fe5d1,ca2-dc0f5864cf0c7c7db3d8
address_only,0xec942be8a8114bfd0396a5052c36027f2ca6a9d0,1,1,1,False,False,base,0xec942be8a8114bfd0396a5052c36027f2ca6a9d0,ca2-b4208a8c5bb1d965b99f
address_only,0xeccd8b08ac3b587b7175d40fb9c60a20990f8d21,2,1,1,False,False,bsc,0xeccd8b08ac3b587b7175d40fb9c60a20990f8d21,ca2-301863287cb1e49bdbb5|ca2-758d99036031cc6eb400
address_only,0xed56784bc8f2c036f6b0d8e04cb83c253e4a6a94,1,1,1,False,False,bsc,0xed56784bc8f2c036f6b0d8e04cb83c253e4a6a94,ca2-3ea99bf48860cd3d90e9
address_only,0xeda47e13fd1192e32226753dc2261c4a14908fb7,1,1,1,False,False,ethereum,0xeda47e13fd1192e32226753dc2261c4a14908fb7,ca2-347a5ac7c8586f3866c1
address_only,0xedecfa18cae067b2489a2287784a543069f950f4,1,1,1,False,False,bsc,0xedecfa18cae067b2489a2287784a543069f950f4,ca2-ffeb7afe408bddf67264
address_only,0xee6de822159765daf0fd72d71529d7ab026ec2f2,1,1,1,False,False,bsc,0xee6de822159765daf0fd72d71529d7ab026ec2f2,ca2-9a214e9ce45a57c562e3
address_only,0xef1f39d8391cddcaee62b8b383cb992f46a6ce4f,1,1,1,False,False,bsc,0xef1f39d8391cddcaee62b8b383cb992f46a6ce4f,ca2-9896be8cb2fd2c2b336c
address_only,0xef9a10d6abfd5d3aa345a008c0f9132ce4b23e70,1,1,1,False,False,bsc,0xef9a10d6abfd5d3aa345a008c0f9132ce4b23e70,ca2-9d4246988ce873fd7f25
address_only,0xf00a38376c8668fc1f3cd3daeef42e0e44a7fcdb,1,1,1,False,False,ethereum,0xf00a38376c8668fc1f3cd3daeef42e0e44a7fcdb,ca2-9f5117e07b7b2d16ed22
address_only,0xf0358e8c3cd5fa238a29301d0bea3d63a17bedbe,1,1,1,False,False,ethereum,0xf0358e8c3cd5fa238a29301d0bea3d63a17bedbe,ca2-03a929a60d6ca387d4bb
address_only,0xf075c5c7ba59208c0b9c41afccd1f60da9ec9c37,1,1,1,False,False,bsc,0xf075c5c7ba59208c0b9c41afccd1f60da9ec9c37,ca2-7887a4e3ed471d877a90
address_only,0xf0b7de03134857391d8d43ed48e20edf21461097,1,1,1,False,False,ethereum,0xf0b7de03134857391d8d43ed48e20edf21461097,ca2-c9c1817a98610ef26f01
address_only,0xf10bc5be84640236c71173d1809038af4ee19002,1,1,1,False,False,ethereum,0xf10bc5be84640236c71173d1809038af4ee19002,ca2-194c50c55dd95140a294
address_only,0xf2919d1d80aff2940274014bef534f7791906ff2,1,1,1,False,False,ethereum,0xf2919d1d80aff2940274014bef534f7791906ff2,ca2-3d7964746397bc97e185
address_only,0xf2c8e860ca12cde3f3195423ecf54427a4f30916,1,1,1,False,False,ethereum,0xf2c8e860ca12cde3f3195423ecf54427a4f30916,ca2-a21d0869309e8d547595
address_only,0xf2ca2a3572b26ae7c479dc7ae36d922113b1bdf2,1,1,1,False,False,bsc,0xf2ca2a3572b26ae7c479dc7ae36d922113b1bdf2,ca2-9d76878011d42a78b09a
address_only,0xf3a3648bb1da9d3aea107da77e6f5ba9cf313127,1,1,1,False,False,ethereum,0xf3a3648bb1da9d3aea107da77e6f5ba9cf313127,ca2-efe411bc9d7f06b1ba73
address_only,0xf3f84ce038442ae4c4dcb6a8ca8bacd7f28c9bde,1,1,1,False,False,ethereum,0xf3f84ce038442ae4c4dcb6a8ca8bacd7f28c9bde,ca2-feebcd26919bea5b0014
address_only,0xf436f8fe7b26d87eb74e5446acec2e8ad4075e47,1,1,1,False,False,bsc,0xf436f8fe7b26d87eb74e5446acec2e8ad4075e47,ca2-35c4477f5ae385f13b96
address_only,0xf4a21ac7e51d17a0e1c8b59f7a98bb7a97806f14,1,1,1,False,False,ethereum,0xf4a21ac7e51d17a0e1c8b59f7a98bb7a97806f14,ca2-92a135a9bdbd676ee494
address_only,0xf5140fc35c6f94d02d7466f793feb0216082d7e5,1,1,1,False,False,ethereum,0xf5140fc35c6f94d02d7466f793feb0216082d7e5,ca2-5c6b3bca3311000683b6
address_only,0xf55dff7898930a2d28cdbc39d615b1624ac86888,1,1,1,False,False,bsc,0xf55dff7898930a2d28cdbc39d615b1624ac86888,ca2-ce4de12cb6ec0aa01094
address_only,0xf573748637e0576387289f1914627d716927f90f,1,1,1,False,False,bsc,0xf573748637e0576387289f1914627d716927f90f,ca2-53f0c0893c96da4fd077
address_only,0xf6876f6ab2637774804b85aecc17b434a2b57168,1,1,1,False,False,bsc,0xf6876f6ab2637774804b85aecc17b434a2b57168,ca2-b9bec467ee94f3fb52c2
address_only,0xf7ca7384cc6619866749955065f17bedd3ed80bc,1,1,1,False,False,arbitrum,0xf7ca7384cc6619866749955065f17bedd3ed80bc,ca2-40ca8a9aca77ecfbfe71
address_only,0xf887a2dac0dd432997c970bce597a94ead4a8c25,1,1,1,False,False,bsc,0xf887a2dac0dd432997c970bce597a94ead4a8c25,ca2-9ab8788d5d7ac2a3947b
address_only,0xfadda925e10d07430f5d7461689fd90d3d81bb48,1,1,1,False,False,bsc,0xfadda925e10d07430f5d7461689fd90d3d81bb48,ca2-4cd0e024b3073b041691
address_only,0xfd11aba71c06061f446ade4eec057179f19c23c4,1,1,1,False,False,ethereum,0xfd11aba71c06061f446ade4eec057179f19c23c4,ca2-af464f834697310f7d30
address_only,0xfd80a436da2f4f4c42a5dbfa397064cfeb7d9508,1,1,1,False,False,bsc,0xfd80a436da2f4f4c42a5dbfa397064cfeb7d9508,ca2-170efb900eb90211eaa2
address_only,0xfe380fe1db07e531e3519b9ae3ea9f7888ce20c6,1,1,1,False,False,ethereum,0xfe380fe1db07e531e3519b9ae3ea9f7888ce20c6,ca2-c76c240f897354a45770
address_only,0xfeafe253802b77456b4627f8c2306a9cebb5d681,1,1,1,False,False,bsc,0xfeafe253802b77456b4627f8c2306a9cebb5d681,ca2-cfb8cf251b553eed2196
address_only,0xffadb0bba4379dfabfb20ca6823f6ec439429ec2,1,1,1,False,False,ethereum,0xffadb0bba4379dfabfb20ca6823f6ec439429ec2,ca2-608fc098c08911f51783
runtime_bytecode,0217a39c992d136f6d58e09103c7e55f41a492eef5e159e951995b61b0391b18,1,1,1,False,False,bsc,0xa608985f5b40cdf6862bec775207f84280a91e3a,ca2-b76182b1e2e51faa9428
runtime_bytecode,02dcd29deec2da369b0c5d9aeb7614cf40877998f2e301957ef5ad44856f3315,1,1,1,False,False,bsc,0x495670e5a43ce393597952b2fe944036e6785baf,ca2-5015a9e901810cc6c613
runtime_bytecode,03754898d54ee67f368c0da6c18fe2f51c2903871d304b67b28d47b8d1966f02,1,1,1,False,False,ethereum,0x2321537fd8ef4644bacdceec54e5f35bf44311fa,ca2-702749959585da21f48a
runtime_bytecode,0569c93b32aa21fdabf394fa7038c10c4f7dcf7453c294f76451659a3fb063be,1,1,1,False,False,bsc,0x3da0f00d5c4e544924bc7282e18497c4a4c92046,ca2-c6f760eb216df807a29b
runtime_bytecode,057ca3940f51f250f566bd82af2af62d432890a1c88314f753a51ba28493895a,1,1,1,False,False,ethereum,0xc0a6b8c534fad86df8fa1abb17084a70f86eddc1,ca2-54094307591338d2b28a
runtime_bytecode,05fcf60d534f53f5ea761d96f9582865849b4fd4e566d5247445acfb35d270ab,1,1,1,False,False,bsc,0x5abde8b434133c98c36f4b21476791d95d888bf5,ca2-10135a96af2e104eb4a4
runtime_bytecode,0606a606ed29359647756278c723e4b40310f099df1840df72d53601f5415560,1,1,1,False,False,bsc,0xedecfa18cae067b2489a2287784a543069f950f4,ca2-ffeb7afe408bddf67264
runtime_bytecode,06d5cf78b1e3b078b79c6c30d314b8518864107e4b5d369f643e094c1632faec,1,1,1,False,False,bsc,0x80df77b2ae5828ff499a735ee823d6cd7cf95f5a,ca2-42413804b9b826875275
runtime_bytecode,06dc8a8a3157c2e7d1fdc4b31f86508c73b1f599bd1794d4613171fcb3a7d9e1,1,1,1,False,False,ethereum,0x9f54e8eaa9658316bb8006e03fff1cb191aafbe6,ca2-0d308a16f604ed495788
runtime_bytecode,07f29aabd3c3474268167e88545513a6807ae1a6902fc7831a1ea11a03eec0ca,1,1,1,False,False,bsc,0xa5f3728767f834c591ee99c8c5854b752f39c385,ca2-2fce7b426138574319d9
runtime_bytecode,080f525e171fb2366b673bce714ca5f5f527b238ef34441b8778c56d8e5e543d,1,1,1,False,False,ethereum,0x55f93985431fc9304077687a35a1ba103dc1e081,ca2-c15651f1b54afa97c39e
runtime_bytecode,08a4b86089ceeea854c1c8b84e6449b92c9a103ce53973cf807861397fc3a40b,1,1,1,False,False,base,0x26fe408bbd7a490feb056da8e2d1e007938e5685,ca2-e726d15fcadb675a6a84
runtime_bytecode,09d49a364126c27b55dc59e7cb360a2b58673b899011176fa1f98860dc2bab5f,1,1,1,False,False,bsc,0xd4524be41cd452576ab9ff7b68a0b89af8498a91,ca2-6829820c6abb9fe3a566
runtime_bytecode,0a30e122f5bd87fde562b6779f0cbcf48e3ec36b08ffa9e587017f0bae4917e3,1,1,1,False,False,bsc,0xc54aaecf5fa1b6c007d019a9d14dfb4a77cc3039,ca2-fa0880968324b82371e6
runtime_bytecode,0a948e6804bf4b2f930ee929925ab56084446f0f2f726914ef8c0d35747f3ebb,1,1,1,False,False,ethereum,0x75b7db3e11138134fe4744553b5e5e3d6546d289,ca2-6f776e614c2662f41a7a
runtime_bytecode,0b661c8c64fdea513f499bd0d5c57ac8e2d28888811baffc650b5ee87ed95684,1,1,1,False,False,bsc,0xb47955b5b7eaf49c815ebc389850eb576c460092,ca2-7e2e4e06ad319c9c87c0
runtime_bytecode,0b720c16eddc5cc697f8f0dd60a7d17c94b99038208a65604c9ddc3e8db818fe,1,1,1,False,False,ethereum,0x46f54d434063e5f1a2b2cc6d9aaa657b1b9ff82c,ca2-e24739584c716694ba60
runtime_bytecode,0d1fa05052df2624d197f1890b8c90390cf59888524dffafe004c9dd61aa6f0c,1,1,1,False,False,bsc,0xc6548caf18e20f88cc437a52b6d388b0d54d830d,ca2-83e922a7f39b2bc4b4b1
runtime_bytecode,0ee03d1342eceb7d280794e8bd249776b144e76f54560bed824a1b36c629abfd,1,1,1,False,False,bsc,0x1f8336aef584795e282fece8de356babd7734c59,ca2-6330139e9160d6464fd9
runtime_bytecode,0f482d2f2c81e14df51f59be2509da35af2555ce1d29bd444513b7d107f66ad9,1,1,1,False,False,ethereum,0xf0b7de03134857391d8d43ed48e20edf21461097,ca2-c9c1817a98610ef26f01
runtime_bytecode,0f9f030d777ae090e952084f7108478752518309bdac64beb6c627579f3dcfc1,1,1,1,False,False,bsc,0x2287c04a15bb11ad1358ba5702c1c95e2d13a5e0,ca2-ee23a7f09f8e25f5c7d9
runtime_bytecode,0ffe2fe5b70a2c68a8dfd22d9bbb327fee1fc1b864a28fcaa10fac9484f83b79,1,1,1,False,False,bsc,0x6844ef18012a383c14e9a76a93602616ee9d6132,ca2-c5f49d371d24304e62b2
runtime_bytecode,104bf4100a23c7b25859cf0b95bf62409947a1a2abc326bc1e121ef95b337c39,1,1,1,False,False,ethereum,0x5f360c6b7b25dfbfa4f10039ea0f7ecfb9b02e60,ca2-0bd28c93ecf3fec1d833
runtime_bytecode,105735d780f0c6f3c885604b216f5d378de8b67d4317264ab3d3abbf7e905232,1,1,1,False,False,bsc,0x518281f34dbf5b76e6cdd3908a6972e8ec49e345,ca2-0062515827b6285930f2
runtime_bytecode,116045d4eda7fc3d5855bc8f01f0307a72ed13f3f96237311790039c9f385663,1,1,1,False,False,bsc,0x04df78093e2b66a0387f8c052c8d344d84ca49af,ca2-0fd406d4a5d581dc9171
runtime_bytecode,1177b5393d38fac1ec0ff9db20449e05cce85bc95f79703703f5c46b93284c2a,1,1,1,False,False,bsc,0x42e2773508e2ae8ff9434bea599812e28449e2cd,ca2-b917178685db1ed39d90
runtime_bytecode,11bffa47afca05700f39ddc464e2ae69a8ca54ea7a7c83247658741ba4a2392f,1,1,1,False,False,ethereum,0x5d94309e5a0090b165fa4181519701637b6daeba,ca2-cf529333b32b69e4842e
runtime_bytecode,1207c35f578d02383601bf2ce1af6386abfd8d3f9835b35435566dc3b1d73f6a,1,1,1,False,False,ethereum,0x04c80bb477890f3021f03b068238836ee20aa0b8,ca2-4f5a0a76d69326e4c2cd
runtime_bytecode,125bac9bc7f8e724556e2ef4de9dd2f887d080bbd7dee685acf3fba7bddbb6fa,1,1,1,False,False,bsc,0xdf4895cd8247284ae3a7b3e28cf6c03113fada5f,ca2-3503e03a9a7fd4a87fe3
runtime_bytecode,1322f8bfdefc5ae2654923837b3d0ecf7ba91e11ebf176ecbd6fb5314a6e321b,1,1,1,False,False,ethereum,0xde62e1b0edaa55aac5ffbe21984d321706418024,ca2-12f0d5e40474ef0de502
runtime_bytecode,13412b6de1999ca45cfeaf6245688a5b5a91ebc76ce4f639043ff791d222b175,1,1,1,False,False,ethereum,0x047d41f2544b7f63a8e991af2068a363d210d6da,ca2-297229c8f057f9088676
runtime_bytecode,139c49d67ebc79432c1c3251109d1bd5a118106989285c8cde904bb41cddd050,1,1,1,False,False,bsc,0xb2b1dc3204ee8899d6575f419e72b53e370f6b20,ca2-d21da7d9fce0924660dc
runtime_bytecode,1460f7db07b95ad6d1d796266defc4f0735564976e5a17b17f42cac646e6fe57,1,1,1,False,False,bsc,0x32b166e082993af6598a89397e82e123ca44e74e,ca2-024816e85dcbd941c181
runtime_bytecode,14a95907f37c07e57ba8f8c8571bbff37871d02d9d0c16ae24cc54fcbfb634c1,1,1,1,False,False,ethereum,0x2db6c82ce72c8d7d770ba1b5f5ed0b6e075066d6,ca2-8c56561fae063cde5971
runtime_bytecode,14dc8a45de50c0f923ee17bcb89f6bbbfd61b00894046d75947e8d545ceaf824,1,1,1,False,False,bsc,0xb6fa6f1dcd686f4a573fd243a6fabb4ba36ba98c,ca2-7d57548f67767829ee9a
runtime_bytecode,15137e613a3376918b780373a74f516b28081467faa30ed3a542cb771a6dac8d,1,1,1,False,False,ethereum,0x9210f1204b5a24742eba12f710636d76240df3d0,ca2-3049d2889726467cfdcb
runtime_bytecode,16625f7f8be8a6255c1fdd3e6221b08afdb7521aff58d8d1ef2fd73dac1b25e5,1,1,1,False,False,ethereum,0x800cfd4a2ba8ce93ea2cc814fce26c3635169017,ca2-8f2514150efc980c9183
runtime_bytecode,1670b197bd5f26b29208661a7272d4f2be078a65c50070dee6eca433f70dcb02,1,1,1,False,False,bsc,0x6fb2020c236bbd5a7ddeb07e14c9298642253333,ca2-441ed1a86d9edadc1707
runtime_bytecode,167d02d1ab26468572a4f933917b7e96b1a8e68ae3783d49a2f86622c6844794,1,1,1,False,False,bsc,0x1bf7fe7568211ecff68b6bc7ccad31ecd8fe8092,ca2-42dc2e766a267767f0d8
runtime_bytecode,1699b775db16a20374ddde2b22d2a9ffbc7d4551739402f4c69a9b5f45522f3b,2,1,2,False,True,ethereum,0x7f3fe9d492a9a60aebb06d82cba23c6f32cad10b|0xb983e01458529665007ff7e0cddecdb74b967eb6,ca2-22e8cd13c63b74bc9bbc|ca2-9f2e70a7938c45f70a82
runtime_bytecode,16c9876738cdd037924a9e0a5678f176b70e1519eeec70bb87eddd64c26246eb,1,1,1,False,False,bsc,0x93b621a9f8f1821a6a693a29672ca3d6612a2a7e,ca2-5d15ea73c6fd71a4407d
runtime_bytecode,1760a36e2fbb03a8339c53220d5e3c76339bab975cdb37e8ea3402feececc85e,1,1,1,False,False,ethereum,0x531110418d8591c92e9cbbfc722db8ffb604fafd,ca2-4de34020e1fa2eaee68a
runtime_bytecode,17871e765877f4c4913eb244f684b3f5fdb948eff9ef5567c5b95d27539c33c0,1,1,1,False,False,bsc,0x2496b87189d5ae18d4d83b8a7039b0c8a07d98d4,ca2-421dd5bf165b069c74f3
runtime_bytecode,17d87fcdf44cc134fdd795362d20b2aa2617a19b9f44d731c881dac063e12c38,1,1,1,False,False,bsc,0xb38c2d2d6a168d41aa8eb4cead47e01badbdcf57,ca2-a17aa054e6a4e68a65d6
runtime_bytecode,185a971440e33f9b8701ea5b0b0d2e3893e4c7d1e1087767c8eed3e46e8b4dfb,1,1,1,False,False,ethereum,0xf2919d1d80aff2940274014bef534f7791906ff2,ca2-3d7964746397bc97e185
runtime_bytecode,18722efac98299bf32bba550c799631868217b4da37c8332ff29cb13ceaa3b5e,1,1,1,False,False,bsc,0x061944c0f3c2d7dabafb50813efb05c4e0c952e1,ca2-382283494db3462edcb4
runtime_bytecode,18808e7e12c9fbc460bbd2d0098955b0a78629568f355c18c16e9f175c14fbcb,1,1,1,False,False,bsc,0xd990094a611c3de34664dd3664ebf979a1230fc1,ca2-0bc1321f2d440dbae4b1
runtime_bytecode,189ef81e2735b3d9a520bcfbb4a0e16c577c90c43b8157ddf9199029ba56260c,1,1,1,False,False,bsc,0xf075c5c7ba59208c0b9c41afccd1f60da9ec9c37,ca2-7887a4e3ed471d877a90
runtime_bytecode,1904055fa1b6982a26fbef7f020c988f788e84e3e61bbe75439b0f3d8b85b37a,1,1,1,False,False,ethereum,0x237d59bf98ec4f4f013bc35d66f22d2bc9504b3f,ca2-38de662649bc5f386b3b
runtime_bytecode,196a9ecaa1c8e92cda47eb765a909ca72912accf0ebd6b5cb13bb40dc9a89f6f,1,1,1,False,False,bsc,0xf573748637e0576387289f1914627d716927f90f,ca2-53f0c0893c96da4fd077
runtime_bytecode,1ac0118aa7fc87f42c75124204a5262ed0133322e501c00d972c513dd617d71a,1,1,1,False,False,bsc,0x000004a70f92f1b22de1201af76c48365d5d0000,ca2-68bcc7d0d70c9f4db91a
runtime_bytecode,1b9a8373e8b5bd0653fb47bed3d76adf1000b6822bf1b61258fe4de43d1802ff,1,1,1,False,False,ethereum,0xacd43e627e64355f1861cec6d3a6688b31a6f952,ca2-b6eef501c6bfb6ae40e1
runtime_bytecode,1bd2b551e9d5f023c7d4d476d0e4d4b13a5f824c4ccf72b90389c08fed737a3d,1,1,1,False,False,ethereum,0x00000000000a47b1298f18cf67de547bbe0d723f,ca2-8bd96b9bd5ce07a9bc18
runtime_bytecode,1ee03c25853d4323e0b0f28cfb399e3dddbfacf9fbafa554408f4c9c51bcef02,1,1,1,False,False,bsc,0x179aad597399b9ae078acfe2b746c09117799ca0,ca2-3ef6014a26a0b205a68e
runtime_bytecode,1f05e0b1c7ffe4594b88860aeaf1d668ff98c6a81722ddaf49d92ee05e9ebd80,1,1,1,False,False,ethereum,0x6847259b2b3a4c17e7c43c54409810af48ba5210,ca2-3843aa138b13af762925
runtime_bytecode,1f157208639a5a4b3e66d5d9023db3e2a44c305c59831221b21bee3dafab82ea,1,1,1,False,False,ethereum,0xe0b94a7bb45dd905c79bb1992c9879f40f1caed5,ca2-2d1d603841d5194ab452
runtime_bytecode,209f278eac1a001ec432614dab5f77113816ed7e927cf460c9628ebe16b5f912,1,1,1,False,False,ethereum,0x8ebd6c7d2b79ca4dc5fbdec239a8bb0f214212b8,ca2-0214cb74200856148943
runtime_bytecode,20d48adc8d6992cd94ec63fccb4bcfaa2f9fb523c274597562527d6c5786ba06,1,1,1,False,False,ethereum,0xdbb20a979a92cccce15229e41c9b082d5b5d7e31,ca2-8af0ea955100349da941
runtime_bytecode,214bf12fbd0ed9f62a170d6044a993a7298bca53678f082192c292592abdfc82,1,1,1,False,False,ethereum,0x9c87a5726e98f2f404cdd8ac8968e9b2c80c0967,ca2-da248926cc32b52fc5ad
runtime_bytecode,21a0a4fd5f3047014045ebf185b00bc2be78bccaaf66d408c07ced9f7ff86f08,1,1,1,False,False,bsc,0x664201579057f50d23820d20558f4b61bd80bdda,ca2-fe0426b19503c34e1f18
runtime_bytecode,21f150d433310481e6ea79505b4598f7398c78c414936ebb7e82c5e39b386743,1,1,1,False,False,bsc,0xa2b8a15a07385ea933088c6bcbb38b84c1051a58,ca2-99439e8d086734a4e7a2
runtime_bytecode,21fca3690f9f9439fde9e464f79a6cc193a00d2fe08b3a11582154e39b3324e8,1,1,1,False,False,bsc,0xfd80a436da2f4f4c42a5dbfa397064cfeb7d9508,ca2-170efb900eb90211eaa2
runtime_bytecode,220f6fd798db5e31c57f316da99e2869535d110d7ebd5f6d70ecf1a5da54a973,1,1,1,False,False,bsc,0xf887a2dac0dd432997c970bce597a94ead4a8c25,ca2-9ab8788d5d7ac2a3947b
runtime_bytecode,22c30d7cae61542df0b024b4253d1bcb2f75854e4c04ee585787e166443bf396,2,1,1,False,False,bsc,0x4726010da871f4b57b5031e3ea48bde961f122aa,ca2-61379f018c08925d7ecc|ca2-87e3cee3e857278adb8f
runtime_bytecode,2359c039add398d5f89f1108b8e5c6cc1a94fc45052b8fd951259a16546eec64,1,1,1,False,False,bsc,0xb8dc09eec82cab2e86c7edc8dd5882dd92d22411,ca2-23403cb09827b5b8f43e
runtime_bytecode,2367ac04d65c53fedb6fa629e8137def3e00c481518012f23a6c1efdaa74f3fc,1,1,1,False,False,bsc,0xa7b5eabc3ee82c585f5f4ccc26b81c3bd62ff3a9,ca2-d5206e281e59cc007b02
runtime_bytecode,24833fd70fcc55e8d940cb175163bfe4e4b04d11b103b15af802d99c28d362a9,1,1,1,False,False,ethereum,0x6883fe4d2ee50941b80b41b8f7f9bf2561d844cc,ca2-c8dbe37642fb49490307
runtime_bytecode,24b1defb8024477e224c34abd41bd8d628158aeacf12b155b30536715e00c27b,1,1,1,False,False,ethereum,0x824dcd7b044d60df2e89b1bb888e66d8bcf41491,ca2-c9253cf4e2d235460157
runtime_bytecode,26f6d1a5d81294572cfcda93f80151e3270b2d87ec711a59aaf88e5d8181c365,1,1,1,False,False,ethereum,0x79a7d3559d73ea032120a69e59223d4375deb595,ca2-ca903ea09549202fecb9
runtime_bytecode,2756d7c52baee85cacb504f6ee1df7aad6809ac8d94a4a111d76991f90d36d6e,1,1,1,False,False,bsc,0xca11bde05977b3631167028862be2a173976ca11,ca2-3b5e98c9b74a83f683a0
runtime_bytecode,28e30bfac4a0dca96d447966ade9c0fb260f9ab568fb97961101514d526ca11d,1,1,1,False,False,bsc,0xc342774492b54ce5f8ac662113ed702fc1b34972,ca2-8ad0e7849cd27bf47eab
runtime_bytecode,2a041e3acd0818c9c75b1d5114c8bdec11cf4bc1e87d8a13f3e5018a6df00da4,1,1,1,False,False,ethereum,0x4e34dd25dbd367b1bf82e1b5527dbbe799fad0d0,ca2-f2fdba3be5c566aed586
runtime_bytecode,2ab8741009e36fd80c6fe44789170b5632e1b7a3a5977bed49d9f352b41cf9ca,1,1,1,False,False,ethereum,0x4306b12f8e824ce1fa9604bbd88f2ad4f0fe3c54,ca2-28984dadb4e195ff0adc
runtime_bytecode,2ad800233ad15684c39f64824824cb7174f1c7d24b83cb49349798cd09691c20,1,1,1,False,False,bsc,0x1f7cf218b46e613d1ba54cac11dc1b5368d94fb7,ca2-f7368dc0ef887de15bf4
runtime_bytecode,2b833edc691c3e7f5cef843b3cbd29ea91d2f2849464adbc072ad74eeba9559b,1,1,1,False,False,ethereum,0x69422c7f237d70fcd55c218568a67d00dc4ea068,ca2-d22c4160c4fed52695d2
runtime_bytecode,2ced646a63a36f75cf95732513e6b98970ecda9a6f62cfbaa39eeb7f50c41233,1,1,1,False,False,bsc,0x6666625ab26131b490e7015333f97306f05bf816,ca2-8b0370be76c7c7e05d59
runtime_bytecode,2dc9a7d2b5d63f7c932f9771f805770a182fc9a03ce095651e7f6045da439c8e,1,1,1,False,False,ethereum,0xd1a1c248b253f1fc60eacd90777b9a63f8c8c1bc,ca2-f39ef961ac91c6d34016
runtime_bytecode,2e3ec1bd7d6e2e7d3af426153bfcd159cb0df319200c61e0f5e4aef4e818e8d0,1,1,1,False,False,bsc,0xc321ac21a07b3d593b269acdace69c3762ca2dd0,ca2-b89108fafba359a9828c
runtime_bytecode,2f93014eac9aa12e70b18b8a7b223cf2c52173d63f2c0dac111550692283947d,1,1,1,False,False,bsc,0x70873211cb64c1d4ec027ea63a399a7d07c4085b,ca2-549aa2c44edd65acedb7
runtime_bytecode,2fb372991b01472c9f0b0ed5f04e99b3c380b91f5f1880ca2869ff387908dbab,1,1,1,False,False,ethereum,0x418c24191ae947a78c99fdc0e45a1f96afb254be,ca2-5d74bde6e71788f42085
runtime_bytecode,303db6af5fe31293a5c69f7588903b5638ca6cffedf676a141fe83f6149446c6,1,1,1,False,False,ethereum,0x7fcb7dac61ee35b3d4a51117a7c58d53f0a8a670,ca2-de6d0211681a69ea1f52
runtime_bytecode,31321a1292c322cc8b05680e4a5419712182f28fa85fb4c6db9e84b40f721e79,1,1,1,False,False,ethereum,0x5d16b8ba2a9a4eca6126635a6ffbf05b52727d50,ca2-fdd7dce161154c375fb2
runtime_bytecode,32b53e73899ac8d9043e9e2f750e5e9a051dcdf7b4150e7ff646246255068349,1,1,1,False,False,bsc,0x33adbf5f1ec364a4ea3a5ca8f310b597b8afdee3,ca2-7cd2beaa007600ae46b4
runtime_bytecode,32d461178c7b43e72e5f3ca05b100dfa94c2a226d9930414235916846548426c,1,1,1,False,False,bsc,0x489afbaed0ea796712c9a6d366c16ca3876d8184,ca2-8eea98fa7851e4eaf7d3
runtime_bytecode,3383b988bd5c19c710a23c5440ff549282e1ac20d7758fcc7f3fc457a3f24361,1,1,1,False,False,bsc,0x977087422c008233615b572fbc3f209ed300063a,ca2-001b14467ef9b84b416a
runtime_bytecode,33ce02d66cc1cee30fbdc20c474d78bf1e50bc92cf539ef828e2568e4387bb48,1,1,1,False,False,ethereum,0xf00a38376c8668fc1f3cd3daeef42e0e44a7fcdb,ca2-9f5117e07b7b2d16ed22
runtime_bytecode,33da08bfdeca45f61b5a3f0a9265a761a1cbb2abfa702b29247ca8aec1cb9063,1,1,1,False,False,bsc,0xbf5baea5113e9eb7009a6680747f2c7569dfc2d6,ca2-33375f53486ac02fc6d2
runtime_bytecode,344672492bd517bed0eebda19504ac62ed284de44ebb4a449fd8e18348921a69,1,1,1,False,False,base,0xc859ac8429fb4a5e24f24a7bed3fe3a8db4fb371,ca2-f459648a3f9405d0f148
runtime_bytecode,35908787a2c454d9ce05ebb417a65da6a87f950dfb7aca94d7c440a169eeffaa,1,1,1,False,False,ethereum,0x4c4564a1fe775d97297f9e3dc2e762e0ed5dda0e,ca2-cc76e9ac975f3c46bb14
runtime_bytecode,3618f43595e9b8725af333c24d08d524663d4d6e0844e807ac67ef9b92821b72,1,1,1,False,False,bsc,0x02d841b976298dcd37ed6cc59f75d9dd39a3690c,ca2-cd8110008dfe201e0222
runtime_bytecode,36bd0250719d6f156a1b4f66845f3e091327bc4593670129e37d8377361d0249,1,1,1,False,False,ethereum,0xf5140fc35c6f94d02d7466f793feb0216082d7e5,ca2-5c6b3bca3311000683b6
runtime_bytecode,3706d2585d12d9ba3815a7e9cd5c28d954c9e3fa1b7c1b0cd2846d65fd3b5f2c,1,1,1,False,False,ethereum,0x12392f67bdf24fae0af363c24ac620a2f67dad86,ca2-5b4e3baaff7190f2f54d
runtime_bytecode,389951f4cbde2312a9348e9b8a8224ab29c9a4c9312f665b5e212c8f5b2b35c8,1,1,1,False,False,bsc,0x72c114a1a4abc65be2be3e356eede296dbb8ba4c,ca2-a2f6f3e29675d1bc32f6
runtime_bytecode,38abeffcc0f6a076c3a8f2e59ced995b993554c8dab29507dffdb04ad9a475cd,1,1,1,False,False,arbitrum,0xf7ca7384cc6619866749955065f17bedd3ed80bc,ca2-40ca8a9aca77ecfbfe71
runtime_bytecode,39132fd290b014319189fbf48bc5a2bbce70ada46b6db845c0bd54a214eff2b8,1,1,1,False,False,base,0xcfe0de4a50c80b434092f87e106dfa40b71a5563,ca2-73f336f589a36742aed4
runtime_bytecode,395424f2343fcc9728a2e78e9755c864a5ec29f69831d3bcc1980bbd7c8d5378,1,1,1,False,False,bsc,0x566777ed780dbbe17c130ae97b9fbc0a3ab829df,ca2-94a8114b86699da44092
runtime_bytecode,397e07dcb54eeb573b0789f9b92125bf7edeace6db49f566468f7d76418fdff3,1,1,1,False,False,bsc,0xcc61cc9f2632314c9d452aca79104ddf680952b5,ca2-8827a43c9b16b94734ae
runtime_bytecode,3aad9cd44895a5a71aa52fe552263f0601330688eb4c72043f3f7ff16e43b8c3,1,1,1,False,False,ethereum,0x6e799758cee75dae3d84e09d40dc416ecf713652,ca2-8b19d47d1a3d23da742b
runtime_bytecode,3b79ab9ed3dd92f666f4c2878f672d0a10bc820c4a7035a3d387e2f3d1d96cbd,1,1,1,False,False,bsc,0x109ea28dbdea5e6ec126fbc8c33845dfe812a300,ca2-275669506c0506e44e0f
runtime_bytecode,3bec1a7b2e3fe091bb10b9ed250c9788767a8f6f2f368b95161de4d7d17a0af1,1,1,1,False,False,bsc,0x9cb928bf50ed220ac8f703bce35be5ce7f56c99c,ca2-8f02fa85c8202388bdf3
runtime_bytecode,3cc5e539eb61133fec38655ae3f55d8e1f944fce2cbc02e151972cf9c9880545,1,1,1,False,False,bsc,0xe445654f3797c5ee36406dbe88fbaa0dfbddb2bb,ca2-d0b1ccc1d33cfcce8cbb
runtime_bytecode,3ce98d2ad69c88f70f5c8197f4c51d6332a28a5a26d7efe098d02388a4bcb8c8,1,1,1,False,False,bsc,0xd0fbf0a224563d5ffc8a57e4fda6ae080ebcf3d3,ca2-4146cf0ae387533d1340
runtime_bytecode,3cec846b68239958db567c515d08c6b451c9317d08c074c0ba15557d4997067a,1,1,1,False,False,ethereum,0x0e511aa1a137aad267dfe3a6bfca0b856c1a3682,ca2-f056a955a865b551a342
runtime_bytecode,3ddd4c517e085ebf7d53d3c67fc6a01d6256553792e0e9b258bfd0d5f88e405e,1,1,1,False,False,bsc,0x7057f3b0f4d0649b428f0d8378a8a0e7d21d36a7,ca2-9aabe02b00ee6b15427c
runtime_bytecode,400e350bc1ba788f8317e5051345382c2aeaaf256c79def45604612ed5ecff35,1,1,1,False,False,bsc,0xd55f01b4b51b7f48912cd8ca3cdd8070a1a9dba5,ca2-cc09312220e115bde016
runtime_bytecode,41555caa4c43b0b019374727cedf5d11b787a59738731a9f02e5b7b515ca43e3,1,1,1,False,False,ethereum,0x1880d832aa283d05b8eab68877717e25fbd550bb,ca2-2dee2c2a8e814aa3fa88
runtime_bytecode,41e79fb5df22eb58bd8fceb7ce470ada2223f7b51c69c858d25bc73041e47929,1,1,1,False,False,base,0x7f12d13b34f5f4f0a9449c16bcd42f0da47af200,ca2-470ed35ca97a31cab7dd
runtime_bytecode,420d3cc783af01ce3b7e5ef6e4994d1839887a0e622f64007f18afe54afd0ba0,1,1,1,False,False,bsc,0x595eac4a0ce9b7175a99094680fbe55a774b5464,ca2-5aa3d29494fdde461d33
runtime_bytecode,42c3a73d44ee3ed82f11808705057b5e1fb6193c179cefcb8796c89f47ef2aec,1,1,1,False,False,bsc,0x80a0d7a6fd2a22982ce282933b384568e5c852bf,ca2-c5a01f6581922c612fa6
runtime_bytecode,42cca915e35b784a7cdd22f6df9cb714c4a89839c9fe62881db90af19875551e,1,1,1,False,False,ethereum,0x4ae2cd1f5b8806a973953b76f9ce6d5fab9cdcfd,ca2-82c63f4f3f31559be9a8
runtime_bytecode,4337c803abf7cd4596c41b0aa56e041a05923bde3f86acfc28ca4ec8ca321009,1,1,1,False,False,ethereum,0x4d4d05e1205e3a412ae1469c99e0d954113aa76f,ca2-8521e5ce73f00a1df2b0
runtime_bytecode,4455bb3e40fc98e4d0d8423887bee7407ee45bf6b1ef7b41322b3f4e799414fc,1,1,1,False,False,ethereum,0xb3fb1d01b07a706736ca175f827e4f56021b85de,ca2-e6ddbcb4d936397b6ffe
runtime_bytecode,448bb49a1471c56f9c9d0a157a59fe0bd8f10ba86a2f08e900f25a5f4b971ad8,1,1,1,False,False,bsc,0xf2ca2a3572b26ae7c479dc7ae36d922113b1bdf2,ca2-9d76878011d42a78b09a
runtime_bytecode,44f3899a6d05e558c2d193a95640cfdfd0e57895db99ec6fc416d12e2c256d55,1,1,1,False,False,bsc,0xd4bbf439d3eab5155ca7c0537e583088fb4cfce8,ca2-293982257dd654edb222
runtime_bytecode,45f26ecedd8159c168d3a10799e0286d81b65267d481c6be25b490e33b2b0b75,1,1,1,False,False,bsc,0x29ee4526e3a4078ce37762dc864424a089ebba11,ca2-fdb8417e3a94f2d5fc68
runtime_bytecode,461e7775790f3b5f9307d54bd93044bbed82fde400f8de26ebb5f2e3c155ebb2,1,1,1,False,False,ethereum,0x863e572b215fd67c855d973f870266cf827aea5e,ca2-a21e3c90faf447e22997
runtime_bytecode,47079181df3c7716ffc94a29df31020bf9be2ed5d81602c009a89eec032bfe4c,1,1,1,False,False,ethereum,0x7259e152103756e1616a77ae982353c3751a6a90,ca2-be2ba09219e40ecb6cb2
runtime_bytecode,4712a836767701dfe76e6e82dd18174cc45f5533baba2d7334eae7c70c368871,1,1,1,False,False,ethereum,0x051ebd717311350f1684f89335bed4abd083a2b6,ca2-61c7c0bc0fd854fd8541
runtime_bytecode,48854c96e6f49ebf54f401ae9b884bc0bd8b3d41af2c302364f21bcedb7771e2,1,1,1,False,False,bsc,0xb390b07fcf76678089cb12d8e615d5fe494b01fb,ca2-3d8e91015c9360a5a76f
runtime_bytecode,48a3ac6a3c6a51d671d22068ff0a8bc95b3ff4973e7a4d06300b5c54a4fe98ae,1,1,1,False,False,ethereum,0x3d20601ac0ba9cae4564ddf7870825c505b69f1a,ca2-6996a5993263d8986598
runtime_bytecode,4e4cb6beece080e6998f710f783aaf13c3cf441766658f5a326aa7449791bb60,1,1,1,False,False,bsc,0x633fa755a83b015cccdc451f82c57ea0bd32b4b4,ca2-ac986ab36ff83135b05f
runtime_bytecode,4e72287aa7d3ff84d1138486c5a60222c3195602081cd1f2aef9383ed18f6a11,1,1,1,False,False,ethereum,0x2320a28f52334d62622cc2eafa15de55f9987ed9,ca2-e75c05f94545176def00
runtime_bytecode,4f54034ec32b510e8777e7c7a4ccacd6001ec292a8062fc44e7be1ab8b9e8713,1,1,1,False,False,bsc,0x7db3cbaf736c049933a3af28dbed4a4442aa89d0,ca2-b801a4d001ea7844b2c0
runtime_bytecode,4ff062d750d601327425e02b548308f031feaf5640d524006ac5dab88e8e1122,1,1,1,False,False,ethereum,0xe38b72d6595fd3885d1d2f770aa23e94757f91a1,ca2-a675d1938359eba4234f
runtime_bytecode,501a8c0591bbe1d244711e85145406767347d0825c48a8db8193657acd8f8ab4,1,1,1,False,False,bsc,0x9823e10a0bf6f64f59964be1a7f83090bf5728ab,ca2-c066d2de3bfd20c10ce0
runtime_bytecode,50a9e3ddae3d125128c8689a9c8811c2722d846c1412c627f7d07b08c10ead72,1,1,1,False,False,ethereum,0xa3d0e72c8a2fe9127a77412bf34bee5e4945bd49,ca2-ba570d8f796dcaeae5f2
runtime_bytecode,51ad2111f80cf9a4ac1c3e6bdbe302774d3ddce95035e675ad6cc1a3c2c88083,1,1,1,False,False,ethereum,0x84524baa1951247b3a2617a843e6ece915bb9674,ca2-789b9d7c348037be1840
runtime_bytecode,51c2d99c45acf3049429ed5847d73aeb155b088c8f13eea92b0fcf71f2c193db,1,1,1,False,False,bsc,0xf6876f6ab2637774804b85aecc17b434a2b57168,ca2-b9bec467ee94f3fb52c2
runtime_bytecode,51c9acf563fac480fd3ab5110605f311133c6d7f68ef161e03f986cfdaf57d5c,1,1,1,False,False,ethereum,0x9ab6b21cdf116f611110b048987e58894786c244,ca2-c7586710b826b2f08a35
runtime_bytecode,521978a89950e48043a9a34216ddc32603eda4bc8b0a4d202bdc9629ad539c9b,1,1,1,False,False,ethereum,0x3d5bc3c8d13dcb8bf317092d84783c2697ae9258,ca2-2f808fc768214bcb9f7d
runtime_bytecode,5300e689362f834700cd7223108a096abf37a906be93208a7019c97678543ae2,1,1,1,False,False,bsc,0x6ce69d7146dbaae18c11c36d8d94428623b29d5a,ca2-b54a80c704cbcc128875
runtime_bytecode,530d47788ec2ac1907763cf46c3e7ec149ed274b31f0b3af3e27ab7ab3b3398b,1,1,1,False,False,ethereum,0xd248b30a3207a766d318c7a87f5cf334a439446d,ca2-a25eb49dc8b847fae718
runtime_bytecode,53a12ca3f3c70b5c8a843fb3cf44cac50223b4465baf5a8bf2ead88616baaf96,1,1,1,False,False,bsc,0xd309f0fd5c3b90ecfb7024ede7d329d9582492c5,ca2-b7fe5ed86edfbd9edb3a
runtime_bytecode,53bc264ae874fe3fb1f9cc53ac550d68ff9c2e978d021f13fa3c1d1573479e39,1,1,1,False,False,ethereum,0x3f2d1bc6d02522dbcdb216b2e75edddafe04b16f,ca2-332ccdc5e82202082265
runtime_bytecode,54927a4f782e56346680b5f58eff47877c84d37b6ff0629d325d0534d0af4880,1,1,1,False,False,bsc,0xd3d4b46db01c006fb165879f343fc13174a1ceeb,ca2-d78f4dfccb15753abb19
runtime_bytecode,549dbdc92469ca0e0409faf73a7848536b833a5e37ab06f5c804783c8f25f569,1,1,1,False,False,bsc,0xe968d2e4adc89609773571301abec3399d163c3b,ca2-a5e7a267cfa0aa860481
runtime_bytecode,5571a13342054e66598abcf9f7ba08cb8bb280f838230b9c79b339ea02766d89,1,1,1,False,False,bsc,0xb4e47c13db187d54839cd1e08422af57e5348fc1,ca2-0fab25d3b5b764c482c5
runtime_bytecode,56a72d1b64d9a51a3b10177b4eb72f97b34a6e7838ec85a5a1c7153126239ec9,1,1,1,False,False,bsc,0x5dfc7f3ebbb9cbfe89bc3fb70f750ee229a59f8c,ca2-7063be755a02e6e0df10
runtime_bytecode,57a2649086c4d63f886953ff185da7a25499f0872bf98d121179c6e9e562c3e0,1,1,1,False,False,bsc,0x2c25aee99ed08a61e7407a5674bc2d1a72b5d8e3,ca2-31fe70569e5c85e1450b
runtime_bytecode,58689a10c1993bfb3013bde46c9657c8b2e6fa6b61a2a0911953d40bb4276987,1,1,1,False,False,ethereum,0x40c31236b228935b0329eff066b1ad96e319595e,ca2-f52d9b4393b86654cabd
runtime_bytecode,588501aed61d09b9591e0839d26f45fc7532d5c6399205eae97b3b8454fe8622,1,1,1,False,False,bsc,0x6f3390c6c200e9be81b32110ce191a293dc0eaba,ca2-d6090a50e7b7e86d2afd
runtime_bytecode,5a0220cb5b3f8029c61543962ec6a92bd5d0e712cec83c1292d552bdd4b86eb0,1,1,1,False,False,bsc,0x9ca66a67dc3d77beb59dc11caf96677843797c08,ca2-30b42ce7f2f4b08cf742
runtime_bytecode,5bf9d868fb3a0ebcf73171cd3b989a7df0f8cc9d775e9e495e7ccbf07f7ee82d,1,1,1,False,False,bsc,0x6bbef6df8db12667ae88519090984e4f871e5feb,ca2-969e97a830e1fdab4f58
runtime_bytecode,5c00d0c039e63b07c75453f4bfe4acfb08878a47bed3d8d5d91424b06bfe9891,1,1,1,False,False,bsc,0x335ddce3f07b0bdafc03f56c1b30d3b269366666,ca2-604ce8fc1c483067805c
runtime_bytecode,5c37ce78af82ed173f11ef9a4ee139849daaa57e900eb93f6a0d338c1cd7d900,1,1,1,False,False,bsc,0xa3f5ea945c4970f48e322f1e70f4cc08e70039ee,ca2-f3e658093e457630a524
runtime_bytecode,5c46c2a5df9700cbb8725dba83b81390e192ad89192e702ac4b3554c52e9305a,1,1,1,False,False,bsc,0xabc79b7c5a0f1fe0ac55fcb7e659d5817e530123,ca2-c362836e579418bb08b8
runtime_bytecode,5cbd38ce07671d84bf12aff55e09c25da5530ba5b8af424a744f4f09579c2385,1,1,1,False,False,bsc,0xed56784bc8f2c036f6b0d8e04cb83c253e4a6a94,ca2-3ea99bf48860cd3d90e9
runtime_bytecode,5e0d9f714fae37f165a7b20eac322110648a4afd0b6d4a0c9ec79550c273b94f,1,1,1,False,False,ethereum,0x0d0e364aa7852291883c162b22d6d81f6355428f,ca2-5033d73f3cec5063c5f5
runtime_bytecode,60550fc7efd8cf546b79f788e8b31c04c2fc6cac3295cf0a5b4d774ba45d9408,1,1,1,False,False,bsc,0x27dd6e51bf715cfc0e2fe96af26fc9ded89e4be8,ca2-411b50fea47298d98579
runtime_bytecode,618bd9baaa46f79630efec70bed70e259341a4a319ffdede26c8c13914710a62,1,1,1,False,False,ethereum,0xe7597f774fd0a15a617894dc39d45a28b97afa4f,ca2-a6061f6cad3a5884d6d4
runtime_bytecode,61921ba9de7cd248e43b47b28f847fa088d473affc1f08c5c588aea5609c3f7e,1,1,1,False,False,bsc,0x7e6c2522fee4e74a0182b9c6159048361bc3260a,ca2-c3da8c67aae06b7ecce1
runtime_bytecode,61fa5a2156db454d23aa2af9b6cc702d6058edad760332ef821c7894ed3b732a,1,1,1,False,False,ethereum,0xc310e760778ecbca4c65b6c559874757a4c4ece0,ca2-a9052dd43a76ce42a994
runtime_bytecode,626f43b29a1ac93b7edc9d8d0b1b1e436451dc036283dc7e99252dadc5ead7bc,2,1,1,False,False,ethereum,0x37e49bf3749513a02fa535f0cbc383796e8107e4,ca2-a8ad072cb3fd37a5cfca|ca2-fb44a0ed0d7b6f375c60
runtime_bytecode,6363f11982186f002752d67976cc2e2307a802cdaa09d6946cdda8106c774941,1,1,1,False,False,ethereum,0xfd11aba71c06061f446ade4eec057179f19c23c4,ca2-af464f834697310f7d30
runtime_bytecode,63894e27cafbf39947a392154fbdf3e5b95486967ec1d51042c08cf9b2db602d,1,1,1,False,False,ethereum,0xe77ec1bf3a5c95bfe3be7bdbacfe3ac1c7e454cd,ca2-122f147da75159901ea0
runtime_bytecode,6390273e362e98328b9c6972bf9f08c34c1d1526dcfb225614ad04cf52f3ed37,1,1,1,False,False,ethereum,0x044b75f554b886a065b9567891e45c79542d7357,ca2-59fefab120e73557ebbd
runtime_bytecode,65a2533db4390b56f0a55daed68df77275a4a003ca284c1d7686ce404414da90,1,1,1,False,False,bsc,0x70678291bddfd95498d1214be368e19e882f7614,ca2-b141324cdd440e7feb3e
runtime_bytecode,65f9db61df14109ff165eb5b6ba869b3cd2194b5d536bfed7ca77524e8aefe59,2,1,2,False,True,bsc,0x8087720eeea59f9f04787065447d52150c09643e|0xd188492217f09d18f2b0ece3f8948015981e961a,ca2-15ae4c22b54f390dc4fe|ca2-b5a8e682aba465a7a0f6
runtime_bytecode,6617ba7eb39cb5083008ab9f681f99ba96da18306930ee96fdcda867779306c8,1,1,1,False,False,bsc,0xe65e970f065643ba80e5822edff483a1d75263e3,ca2-a13694fcc2f9f05dda72
runtime_bytecode,6645b331f57d2c5485d9aeb63b799b62cf87a523d1dd8e90d4added19738b9f4,1,1,1,False,False,bsc,0x7ac55ac530f2c29659573bde0700c6758d69e677,ca2-28489e4d5123e702b7a8
runtime_bytecode,66ddbbef830cb8adc3926459e2317bcbb2b5fe39bafd7e930f1224e6dd99bae6,1,1,1,False,False,bsc,0x7bacb1c805cbbf7c4f74556a4b34fde7793d0887,ca2-ca180b9c5c90165fb523
runtime_bytecode,670c7f5fd0839e40396f47e3166c609c234a758d9f2429aa914cf83274f812c9,1,1,1,False,False,bsc,0xd672b766d66662f5c6fd798a999e1193a7945451,ca2-c8f07b57035de6f92dd6
runtime_bytecode,690d8ddf94b04dec19d5738fe05290cd39e614722823195bd0cde19022ea2e3f,1,1,1,False,False,ethereum,0x759c6de5bca9ade8a1a2719a31553c4b7de02539,ca2-81ae1f51e833bf23db49
runtime_bytecode,699b20c9b03269b66d70b4ddc25d24cd0a23730e0f7c3c7010d295c6d9667b46,1,1,1,False,False,ethereum,0x29003dd6b9970ad658314fffb61e42f352c41630,ca2-1bee07e4cd2ee7c6892c
runtime_bytecode,6a05d316ce0f3054069fac57d6c3625216cf8075f4346dc7f1f7f6b5c395d5c8,1,1,1,False,False,ethereum,0x5f58058c0ec971492166763c8c22632b583f667f,ca2-0e06e67c5c9253228751
runtime_bytecode,6af01f86134b567241e4ac387a3a48f2888f3eaffdda360afd63f9fe8c83decb,1,1,1,False,False,bsc,0x5c9f1a9ced41ccc5dcecda5afc317b72f1e49636,ca2-e5a8dccafb3c4f63fdb2
runtime_bytecode,6ba44587d17661192a6a7f618e485bef9d461329b40167fd327fbdf5338bb8ef,1,1,1,False,False,ethereum,0x46161158b1947d9149e066d6d31af1283b2d377c,ca2-7ab9ecf055348c803def
runtime_bytecode,6c1bd94a5dd8c4ff9d9db44935036edf3bcc4133818594209d8a2fa8a701f455,1,1,1,False,False,bsc,0x810f4c6ae97bcc66da5ae6383cc31bd3670f6d13,ca2-351de4f0c9d0919d5212
runtime_bytecode,6c770dcc8b1e0033d6ae749104194316384eb984c6f7eabb4bd3a3671fc61ccf,1,1,1,False,False,bsc,0xb1da08c472567eb0ec19639b1822f578d39f3333,ca2-59c27a09402366528ab6
runtime_bytecode,6f10e4095dd71ca9badd74aee5c0d54fb50c5eb46c5b5e4c59371996d3b49e1e,1,1,1,False,False,ethereum,0x50f5474724e0ee42d9a4e711ccfb275809fd6d4a,ca2-48d4577fa72f25875ad3
runtime_bytecode,6fcbe85e32539ff7053a80d4564675a38608cec722408e0930c3d5c7b0360f16,1,1,1,False,False,ethereum,0x0eee3e3828a45f7601d5f54bf49bb01d1a9df5ea,ca2-57582b3e77f95ed74d3f
runtime_bytecode,7075b1d9a6e82589d2ff7421d4cbce6a326a4e28230c42167adfead7e3cfa8fb,1,1,1,False,False,ethereum,0x65c210c59b43eb68112b7a4f75c8393c36491f06,ca2-e7cd16bb64166a6efe64
runtime_bytecode,70f80666f4387b42c9accad742a0b7a91c2fd8bc88dafc42d8b5d46818cf3a82,1,1,1,False,False,ethereum,0xcd6ca2f0d0c182c5049d9a1f65cde51a706ae142,ca2-3f7bb52435313429cfa7
runtime_bytecode,71d80017df7dc069e24c4fa0ce4791a0d6b64940d39ccba0c8191874fb89c10c,1,1,1,False,False,bsc,0x46ba8a59f4863bd20a066fd985b163235425b5f9,ca2-76e88e5b8b6fbabe3012
runtime_bytecode,72211202d3d54f9e8b4590855d8f8390f1fad2d55c2472a3e488b58ccb61c2e9,1,1,1,False,False,ethereum,0x1231deb6f5749ef6ce6943a275a1d3e7486f4eae,ca2-deb8f1653a1510fb4c48
runtime_bytecode,745d4231f64018c5f55a0037676988e95366ba4601a5b54a9797bafce7543876,1,1,1,False,False,bsc,0x4e87880a72f6896e7e0a635a5838ffc89b13bd17,ca2-5c60ed4125f7ab7d31ea
runtime_bytecode,74e805b094b38ea645041e8a4020acef3f00a28c5dd714ca605ec912bbf06d4b,1,1,1,False,False,ethereum,0xf3f84ce038442ae4c4dcb6a8ca8bacd7f28c9bde,ca2-feebcd26919bea5b0014
runtime_bytecode,74f90ef68c79a40628e972d8515e84ad0afb72574e1eee8cf8e6bd5375d5690e,2,1,1,False,False,bsc,0xeccd8b08ac3b587b7175d40fb9c60a20990f8d21,ca2-301863287cb1e49bdbb5|ca2-758d99036031cc6eb400
runtime_bytecode,75624fb7b9f7c7cb756cc403a50c8508dd5c04bac298a26e47eab6a79d5d2ab3,1,1,1,False,False,ethereum,0xa1ce40702e15d0417a6c74d0bab96772f36f4e99,ca2-616b55afdd61c6ca8b12
runtime_bytecode,758e459ee0550f527c2a8347d8c51850f15462116b6f2ee151d88a86d37cbe78,1,1,1,False,False,bsc,0xee6de822159765daf0fd72d71529d7ab026ec2f2,ca2-9a214e9ce45a57c562e3
runtime_bytecode,7770f643cb3b7f1c4ee24468babc07ad825d39924c0668ce78ebedc8a8b5e000,1,1,1,False,False,ethereum,0xfe380fe1db07e531e3519b9ae3ea9f7888ce20c6,ca2-c76c240f897354a45770
runtime_bytecode,777dbf5b59f0aa9b9f2d79819464a54e5e46477bff9d03c8b21b9bc7a5d756d4,1,1,1,False,False,bsc,0xdb103fd28ca4b18115f5ce908baaeed7e0f1f101,ca2-522ebe1e13a3ab2c2fe8
runtime_bytecode,783a467272e2b5db1edcace35fc308f728750c3d88f409e6d007cd24404e59f7,1,1,1,False,False,ethereum,0x7094e706e75e13d1e0ea237f71a7c4511e9d270b,ca2-4d6568a7691d786971d0
runtime_bytecode,785e5916c7dcc24ba2e53a495f24380a44c8088a73707fec1a19a29880448f68,1,1,1,False,False,ethereum,0xa6447f6156effd23ec3b57d5edd978349e4e192d,ca2-eaf1e84be2ca5fa8830a
runtime_bytecode,7880887bc1bef905da0d5f4c5c744b4215a7b0d5e04892a70831d5395600c8da,2,1,1,False,False,ethereum,0x2409af0251dcb89ee3dee572629291f9b087c668,ca2-0687f6e05dc58457935a|ca2-93739b94fa0816bd6234
runtime_bytecode,78e81553e885f6dc44fd303a21aa11bdcfde39566fec9d16727d70fa024ddf08,1,1,1,False,False,ethereum,0x0ad8229d4bc84135786ae752b9a9d53392a8afd4,ca2-93a5245378ac7422b320
runtime_bytecode,79a66d14798b955997ba6514c467a68863a1847c3bb31767ab6f4ee350ddd21a,1,1,1,False,False,bsc,0xcff086ead392ccb39c49ecda8c974ad5238452ac,ca2-f6ff26fef2c7c8239a54
runtime_bytecode,7b424f7928b6a4f38f2648100878bbe8be83f0afd727a84e165fdfb3b48846fa,1,1,1,False,False,base,0xb6333e994fd02a9255e794c177efbdeb1fe779c7,ca2-b40a4160faf772fbf6c8
runtime_bytecode,7b43e59b13414e00893eb87a4c01b9c5e92daf0b5304484763a65fa2cb514fa9,1,1,1,False,False,bsc,0xfeafe253802b77456b4627f8c2306a9cebb5d681,ca2-cfb8cf251b553eed2196
runtime_bytecode,7b4c0c486a484616f6dfbaa0e5132eb0be6657d9fa89fb0ab57528f5ddc9f68e,1,1,1,False,False,bsc,0xe48b75dc1b131fd3a8364b0580f76efd04cf6e9c,ca2-3b0aac1754ae5d74f870
runtime_bytecode,7ca51b1b5a3da93ee30351f546ad77ac900433c873e8ea9b792387289e4c03d7,1,1,1,False,False,ethereum,0x364f17a23ae4350319b7491224d10df5796190bc,ca2-dcbeec1a974442a079de
runtime_bytecode,7cc67d0cc21daa07c63bd8cc80594122d7adb50ecc62c5a3783d0a1b8c5c2081,1,1,1,False,False,bsc,0x13b1f2e227ca6f8e08ac80368fd637f5084f10a5,ca2-db4133161e8ad967d9de
runtime_bytecode,7d9119df2122507d748cb251f1367491f6e50bd5f5c22d4dc6a420cb61803ed2,1,1,1,False,False,bsc,0x8bfaa473a899439d8e07bf86a8c6ce5de42fe54b,ca2-ffbe4d4d4db010d46d01
runtime_bytecode,7eb75f6935513253cd2a9ef48f9f40e962e7fb14ecb7af02903a47b92ced1b9e,1,1,1,False,False,bsc,0x3aa2b9de4ce397d93e11699c3f07b769b210bbd5,ca2-3a72b153af20c2c77bb7
runtime_bytecode,80e0f0884eca8d1a53576cc65cd6d2c20cfeddf80a99ebdfe38002af99efebfe,1,1,1,False,False,ethereum,0xae60ac8e69414c2dc362d0e6a03af643d1d85b92,ca2-4c0faea601ab4a95ced8
runtime_bytecode,80e9b1a3ca503711405e397a325c3c18cc3d653c33163e25b8da2dd33b0107c8,1,1,1,False,False,bsc,0x8bc6ce23e5e2c4f0a96429e3c9d482d74171215e,ca2-22ca428502dddf9f2871
runtime_bytecode,81a406206a5b0e21a1ff0613ee8398579160c550e99bad89c56ed0b0e12a7f84,1,1,1,False,False,bsc,0x449fea37d339a11efe1b181e5d5462464bba3752,ca2-71d01a519d5b777ca8d5
runtime_bytecode,8483a3998f4c6cab2dbd4d53ca2b09253057ee3c29cf078b5551273d011d22f6,1,1,1,False,False,bsc,0x88886f0fd371dff856291badced45922bc888888,ca2-698cd40308a0d9b400f7
runtime_bytecode,8491681974fda627062b1c4959bdddbe5c24b665d3f44ea0c9f43d20a1e370dc,1,1,1,False,False,bsc,0xea51801b8f5b88543ddad3d1727400c15b209d8f,ca2-7741e8a9a71601f098a4
runtime_bytecode,84e435d7bc7b05bfbe6c4438e470b5694da7d39625a71d7313c92fc136a46590,1,1,1,False,False,ethereum,0x0c6c80d2061afa35e160f3799411d83bdeea0a5a,ca2-77cd38b96a68c54afe71
runtime_bytecode,8858f410bd94d73888a7ab042c29633e4363ce861cf65fda7e8a6a867047b553,1,1,1,False,False,ethereum,0xa5564a2d1190a141cac438c9fde686ac48a18a79,ca2-21ac1c8056ff7df162a8
runtime_bytecode,89bbedfb16ec9c52493e71c3e85d4da1bc8c02a849b1e6057e7f0f6b95deda48,1,1,1,False,False,ethereum,0x9f72dc67cec672bb99e3d02cbea0a21536a2b657,ca2-7f64659ac37a0996268b
runtime_bytecode,89cdd66e230009bc65c40b4b4b5bbfe5cbf051d1040247a0bec9d8ba5b2a6ed0,1,1,1,False,False,bsc,0xf436f8fe7b26d87eb74e5446acec2e8ad4075e47,ca2-35c4477f5ae385f13b96
runtime_bytecode,8b5db55fa9ab3b9527508d4abe0b39eb588bf310270c8e04b3f38214e8ba63b4,1,1,1,False,False,ethereum,0x2033b54b6789a963a02bfcbd40a46816770f1161,ca2-6f8a2ab5c968b3eaaf69
runtime_bytecode,8c0ad72e01ddcd0d48e6bb9d064fbdbea8669a811f2c11b5c432fb1c8f5dc0b6,1,1,1,False,False,bsc,0x21125d94cfe886e7179c8d2fe8c1ea8d57c73e0e,ca2-56bcc5cdf2d34dd9c4fb
runtime_bytecode,8e0bde4591d63bb5e2e698be18f9da63cd81d33df16502f821a4bac45b87dceb,1,1,1,False,False,bsc,0x94e06c77b02ade8341489ab9a23451f68c13ec1c,ca2-36def0144d519bbc5d86
runtime_bytecode,90c77d30b6667f7a2a97d1ae414aeabe31955508e026d70af9e0b0d24ec092b1,1,1,1,False,False,bsc,0x62951cad7659393bf07fbe790cf898a3b6d317cb,ca2-f4a91ff1efea083dedab
runtime_bytecode,9147b2416121a147eff51edf775bd5b0d69b783034a0108132f3ec8aab3d28e7,1,1,1,False,False,ethereum,0xcb3b879ab11f825885d5add8bf3672596d35197c,ca2-0f2e70bb64b6ee9426eb
runtime_bytecode,939622973602a0f05a00f15ba4ff5e9c81a08531a8bfc006e586c4b939915abc,1,1,1,False,False,ethereum,0xb276647e70cb3b81a1ca302cf8de280ff0ce5799,ca2-3ce3786a7c84825faed0
runtime_bytecode,94a196a341b14f1fadc17c43663a6e78aac7cd3f303e4fa4088a31fb20d22aa9,1,1,1,False,False,ethereum,0xe4764f9cd8ecc9659d3abf35259638b20ac536e4,ca2-aa99cf4dbaf4c7bb8459
runtime_bytecode,95923461ae0d5b7cf39b19bebb57e3ce563649e60cd030c0acf0e3b86d93a8d9,1,1,1,False,False,ethereum,0xe11fc0b43ab98eb91e9836129d1ee7c3bc95df50,ca2-b68f8de37da66632724d
runtime_bytecode,95f7606033988f5474bf43c2e70c22b7f2ca5337af2a1c37afcb36bc42118331,1,1,1,False,False,bsc,0xe1e1aa58983f6b8ee8e4ecd206cea6578f036c21,ca2-f4c153bbeb9c3fff7e54
runtime_bytecode,96b3d962ae718003414366e078d0605755f18b360ec3ae403fd603222e1d5a7e,1,1,1,False,False,ethereum,0xeda47e13fd1192e32226753dc2261c4a14908fb7,ca2-347a5ac7c8586f3866c1
runtime_bytecode,96c81d779c262faca9ec9962ba541abc2b8a0932db9cfc1b974393c8b17a32d0,1,1,1,False,False,bsc,0x1954b6bd198c29c3ecf2d6f6bc70a4d41ea1cc07,ca2-6d220be49d90b51ca6fd
runtime_bytecode,98b4fdf1dce6e49a7e53d8ac3d872fd315640bbdf38465b0aff8ae4640f1f4f9,1,1,1,False,False,bsc,0x1292267f726e6f313972ec4e14578735473e1649,ca2-2d415ee24d090e5e26dc
runtime_bytecode,992159ec60bbaacd797ed967cf19947c190d56b8214134d6d3fc3da66785ba97,1,1,1,False,False,bsc,0x8785bb8deae13783b24d7afe250d42ea7d7e9d72,ca2-4565d5902877fc12ffa7
runtime_bytecode,992901d5b91cec0b16bee73598bf421e3993b6c1c5586ed4cd035da587b7a72b,2,1,2,False,True,bsc,0x633e538ecf0bee1a18c2edfe10c4da0d6e71e77b|0xe9d1d2a27458378dd6c6f0b2c390807aed2217ca,ca2-7c6082cada48d720f171|ca2-7d8bff5c879f84e09ee4
runtime_bytecode,996f06001679dd402201b04ea17819a73887c961689c72039c5b1b5318dc7735,1,1,1,False,False,ethereum,0x3335a88bb18fd3b6824b59af62b50ce494143333,ca2-4ab53dc147bf1894e356
runtime_bytecode,99cf54a4d9010a27fc5dd6e9db95118d0e1858d43b1d3db0e86192b6ea221336,1,1,1,False,False,ethereum,0x439cac149b935ae1d726569800972e1669d17094,ca2-5675dfa92c14429a4b9f
runtime_bytecode,9bf80951e77d4b529c684897f2fd9f50d085e5f3d9201b8cd4032be50d01cb02,1,1,1,False,False,bsc,0x10bc28d2810dd462e16facff18f78783e859351b,ca2-742774bf4edd46ad6f87
runtime_bytecode,9e25a46081b421256f1c44cefea6e261f6c41d0b3324ec3ddabe1fddf44c8689,1,1,1,False,False,ethereum,0x317aa10528ff675ef4c358ea6a5b7b5494325733,ca2-637d0856b7b1d9ca4dbd
runtime_bytecode,9ed16407ce57e911ce81af0a76b8d29a64660f98b272be4e91f4fd17c5dd27de,1,1,1,False,False,bsc,0xc0afd0e40bb3dcaebd9451aa5c319b745bf792b4,ca2-72ea322ccc16e3e5cbe0
runtime_bytecode,9f17184f59dcafba3ed2dbaeadf00eb54ddce3bc9fd391543901471783633255,1,1,1,False,False,bsc,0x80121da952a74c06adc1d7f85a237089b57af347,ca2-5d29f9c5eb314dcba612
runtime_bytecode,9f58cef16ca1b548dbbe32b1311fa77a7181747df0df96f4bf78b988e4dce62c,1,1,1,False,False,bsc,0x9d6d817ea5d4a69ff4c4509bea8f9b2534cec108,ca2-59a1cba91e5790395c7b
runtime_bytecode,9fe83e0e386da66155c2569a32ce034124df03799ce291a02ccd93867ec90f52,1,1,1,False,False,bsc,0xc1bb12560468fb255a8e8431bdf883cc4cb3d278,ca2-21e1af0751214952c72b
runtime_bytecode,a178b12c486692e2ca5f861f748f6aa8fff63935b3467ea5911d8b8eb3f2a584,1,1,1,False,False,bsc,0x760c2aaa22220f24b9343b2a91a62dd664953853,ca2-324926ca92042b3a084e
runtime_bytecode,a23d39df9960248db86dbe29a232764e36185f994a70555c00ff45b3bedd717c,1,1,1,False,False,bsc,0x99855380e5f48db0a6babeae312b80885a816dce,ca2-ca16a95de7b24c723e35
runtime_bytecode,a2c7be5685f8de086905746b76692601d8590d6b88afa8e2c402e07a3fceb8a2,1,1,1,False,False,base,0xbeb0b0623f66be8ce162ebdfa2ec543a522f4ea6,ca2-5e2c8b988ed2dd09b840
runtime_bytecode,a3b812d889f2535892c5d4faa2c50b94086b5f76f59f612b1cc9b74e9804cc2b,1,1,1,False,False,ethereum,0x50ce56a3239671ab62f185704caedf626352741e,ca2-14b9ffae56e7c9bfb04e
runtime_bytecode,a3cd8029250ba6a54f453ec7f0104f274294ffc9b1bb1a8e62b409990643d569,1,1,1,False,False,ethereum,0x09a80172ed7335660327cd664876b5df6fe06108,ca2-1fe777829f28c3e02e1c
runtime_bytecode,a41c0bbf3f3f3a3c034b952a239def43b155f3df79d3fa4d29189e1f793740c7,1,1,1,False,False,bsc,0x7dda132dd57b773a94e27c5caa97834a73510429,ca2-1769b603523b156d5e27
runtime_bytecode,a5f1254d10d3b7ac7e088a7fd354d975bb2c414c3e51750abaf7db4f318d4f10,1,1,1,False,False,ethereum,0x39360ac1239a0b98cb8076d4135d0f72b7fd9909,ca2-bf6bdd3510f2428b0575
runtime_bytecode,a648e0a2c951675aa934fe7b1c7f6d79e16d260091689a8fbb3cd686c0e3fb9f,1,1,1,False,False,ethereum,0xb91ae2c8365fd45030aba84a4666c4db074e53e7,ca2-c18bc2a1d0fa9e55db58
runtime_bytecode,a7200a061091c46ad8738ceb881362aca910ec9182a4f779e4e296d51302b108,1,1,1,False,False,bsc,0xb192d4a737430aa61cea4ce9bfb6432f7d42592f,ca2-8a1aed9c839187cc890c
runtime_bytecode,a74365296f496420eef92c1a356feec18dfa1cebe5b4437c57f1d6c07f631755,1,1,1,False,False,ethereum,0x1a7981d87e3b6a95c1516eb820e223fe979896b3,ca2-11635f2908fcc175e7c9
runtime_bytecode,a7be0e21c12ef86529be8e6fb648741138e72fb453511a7c5f7639dd454920ff,1,1,1,False,False,bsc,0xdec12a1dcbc1f741ccd02dfd862ab226f6383003,ca2-eafba3ad227d4a51d107
runtime_bytecode,a8196645ba15f46fd88b97db29fd40f5ac411b58a3b7ddef6cc0e3ded70f41e7,1,1,1,False,False,bsc,0x1f415255f7e2a8546559a553e962de7bc60d7942,ca2-3ceb352e665fb61f7402
runtime_bytecode,a83546ff561b0bef2db7a2c6e81e7233e603a80b41c8ee2a7778b32f019fab72,1,1,1,False,False,bsc,0x05c2dd9cf547c6cccf91245346e6e1bc9926cae7,ca2-64ef33688d6e79b3439e
runtime_bytecode,a8363ce49a59e4c960e872415a5491a2b770b2283271ba90e957266726a907d6,1,1,1,False,False,bsc,0x700ee24c350739e323dcf6a50ae3e7a3329c86ae,ca2-0119280f82385cf56670
runtime_bytecode,a870ed22a071b345ae14f625a1d0128049981321ed82a17f21b9ee69b59a6daa,1,1,1,False,False,ethereum,0x35a254223960c18b69c0526c46b013d022e93902,ca2-2f2a6d7666820b172f1a
runtime_bytecode,a98942a59ad55662b0e53997e985d47d5e72498bb4cc532930d32a87e8bddc34,1,1,1,False,False,ethereum,0x8390a1da07e376ef7add4be859ba74fb83aa02d5,ca2-e095e5dbb9687595e5ee
runtime_bytecode,a9a9d69bcbb5ec59f688f943b09d01a50ef9a0a264bedd883b0e382386b385b8,1,1,1,False,False,ethereum,0xde46fcf6ab7559e4355b8ee3d7fba0f2730cddd8,ca2-bd6decf7c8f8dfbaca40
runtime_bytecode,aad4075e1cf26edab4ac021a93d99f56ed76522360d9837736c59f6ec27310e4,1,1,1,False,False,bsc,0x5e5e28029ef37fc97ffb763c4ac1f532bbd4c7a2,ca2-9b3232b290b3e5a209ad
runtime_bytecode,aafa754429953d07f1b1d67a404d6425bfb463a0a41fe029ae817b3859c51c15,1,1,1,False,False,bsc,0xdd9b223aec6ea56567a62f21ff89585ff125632c,ca2-d08064284319f9724001
runtime_bytecode,ab6bfbf893cb03b43e9ff992bbab71d229d1f1122c6355767b5af8fb1da6616a,1,1,1,False,False,bsc,0x274b3e185c9c8f4ddef79cb9a8dc0d94f73a7675,ca2-f18eddf4c9f68d58e510
runtime_bytecode,ab89a0244c7e5a86aa8e1673b4c5b825db93bc406c7934e923ebb0a7c4548ac7,4,1,4,False,True,bsc,0x2607118d363789f841d952f02e359bfa483955f9|0x2ba9d4a8c41c60b71ff7df2c3f54b008644b954e|0x5813d7818c9d8f29a9a96b00031ef576e892def4|0x88b3eb62e363d9f153beab49c5c2ef2e785a375a,ca2-00003c2c7afe8e9ef32d|ca2-6673e21002a8af6f4d12|ca2-6bc7737cc67404ed8f62|ca2-98f2e78eb7b0c6b2a380
runtime_bytecode,abb7380fca8b61ee99988b6e71315e59431756f107de92832e59e2f797a566bb,1,1,1,False,False,bsc,0xdca503449899d5649d32175a255a8835a03e4006,ca2-5011063427fa6a95c108
runtime_bytecode,aca515ecefa42e7dd1cbc86837bd933ec616d2a5e2f2e29572f588b3e2445f77,1,1,1,False,False,bsc,0xe732a7bd6706cbd6834b300d7c56a8d2096723a7,ca2-59b9ab9a48493aa5ebce
runtime_bytecode,ad2a3ac4e7e4fe0f13f82634bfecbeec920021cc605e6f2cb3dbc209afe3105a,1,1,1,False,False,bsc,0xbe779d420b7d573c08eee226b9958737b6218888,ca2-9ccf44443a293b02fdd3
runtime_bytecode,ad78c06faf9c23e409187497d397a075073982ee0e2a23010f8804c33b988e59,1,1,1,False,False,ethereum,0xde59b88abefa5e6c8aa6d742eee0f887dab136ac,ca2-7a01249aabcf9ab600cc
runtime_bytecode,ae49e48839486510d3cd246dfea598184cb2fa86bc0ef76c63cf8667e251f387,1,1,1,False,False,bsc,0xb3a636ac4c271e6cd962cad98eae9cf71f5a49c8,ca2-0d94b0dee68d0b41352e
runtime_bytecode,ae6f779e2087cea71db4a810577685507603b3126d1fbe2da85bfa1f28548960,1,1,1,False,False,ethereum,0xa88800cd213da5ae406ce248380802bd53b47647,ca2-8e3ab047548dade505e8
runtime_bytecode,aef86f9f8fb52ab018e6a30a967dc8821079bf007f062f3c17bf04fbf3adbd66,1,1,1,False,False,bsc,0x0fdfcfc398ccc90124a0a41d920d6e2d0bd8ccf5,ca2-573d346bb7ac970e759a
runtime_bytecode,af31f38d3325a841fd4633f704966ce9fa1a0cfe01b25ee9da43bd1cb744b92c,1,1,1,False,False,bsc,0x028c911c10c9e346158206991e02d09bd0a8a35b,ca2-33876c68131f30cf0f4a
runtime_bytecode,b0ea5e4a5391ba147e37deff73fe8d3df92a68d80688931fbacbda1920023928,1,1,1,False,False,bsc,0x86e06eafa6a1ea631eab51de500e3d474933739f,ca2-b742b64a4c493234640e
runtime_bytecode,b29f3fb7eefa0fbdc93c0f0d5c36c6e2aa5b488b6e31abcab76d3e648456f204,1,1,1,False,False,ethereum,0x4deca517d6817b6510798b7328f2314d3003abac,ca2-96f82ac8ed9b6f3e4f14
runtime_bytecode,b32d35b67b9a3ff856a8590f75cc9d6a4938e386a441cbbe3b6051700caeefb4,1,1,1,False,False,bsc,0x1962b3356122d6a56f978e112d14f5e23a25037d,ca2-786342530794b2d0e951
runtime_bytecode,b59409cc4f9df325e58e7dbb0bc7e99da6c702c8f336065d1c9dbc66f3a0c161,1,1,1,False,False,ethereum,0xcc5fda5e3ca925bd0bb428c8b2669496ee43067e,ca2-220124d062a8c71c63c5
runtime_bytecode,b598e00dff7c1d1e17b4f1543d3af5b766320307fbbbb9607b6b61e0db77e85d,1,1,1,False,False,bsc,0x64f291de10ecd36d5f7b64aaebc70943cface28e,ca2-e017525389c5fba3ce28
runtime_bytecode,b5fa17d256c693e8c6e7402853192fc291835cb40f5653a98f73d0287862ee7d,2,1,2,False,True,ethereum,0x91383a15c391c142b80045d8b4730c1c37ac0378|0xb5599f568d3f3e6113b286d010d2bca40a7745aa,ca2-aa992d5980e00838b209|ca2-ee795333beb4dcb94cce
runtime_bytecode,b61b07697eef4b80c330148b6e323ccca221d499078951046a52a6275c4dddb1,1,1,1,False,False,ethereum,0x47ddb6a433b76117a98fbeab5320d8b67d468e31,ca2-ed09542f8921c91cd3ec
runtime_bytecode,b63d6428739c4df7fe510efa5019074d638795e8848a50d75ca463055840ab9e,1,1,1,False,False,ethereum,0x245a551ee0f55005e510b239c917fa34b41b3461,ca2-01398b37f50bcbb8adc6
runtime_bytecode,b6825a3b89104dfb9741f1e7d86dec22db56447dbf6a536ded056cdffcd71a0d,1,1,1,False,False,ethereum,0x31a4f372aa891b46ba44dc64be1d8947c889e9c6,ca2-0973b5638247f1875b62
runtime_bytecode,b6a140e933fdb70fca54defcd7a2e94bbe8014f373e0e99948f471fac07b7977,2,1,1,False,False,bsc,0xae975a25646e6eb859615d0a147b909c13d31fed,ca2-96f365accfda88170b34|ca2-aa385c0e97d08a3f6364
runtime_bytecode,b7123333e1d32bb90da6b388d018c72c8197a4edf68152fde27d8494839d994f,1,1,1,False,False,ethereum,0xc9f27a50f82571c1c8423a42970613b8dbda14ef,ca2-c5ce6bf171451010d578
runtime_bytecode,b8697de3d5fde7c207e34833e6e1cf567e7c032ce09ecbd37bcfa6565a44e2ce,1,1,1,False,False,ethereum,0xad444663c6c92b497225c6ce65fee2e7f78bfb86,ca2-aa939f9f7f959ce19c8f
runtime_bytecode,b8ed09e4ac06f0093c90f3ad8d0a0dfeec174740b79424ac61c217cd38c6f797,1,1,1,False,False,ethereum,0xffadb0bba4379dfabfb20ca6823f6ec439429ec2,ca2-608fc098c08911f51783
runtime_bytecode,b9da25e811e24ee97c742dbf5a4e3d5a59e4dccae678b57e00ff138a5ec11fe6,1,1,1,False,False,bsc,0xb75ca3c3e99747d0e2f6e75a9fbd17f5ac03cebe,ca2-0aa20008e0303e8a5201
runtime_bytecode,b9fbc6845602b7212282f097fb8318a5b8bab9458d7b4be739a920124827d4ba,1,1,1,False,False,ethereum,0x8f9036732b9aa9b82d8f35e54b71faeb2f573e2f,ca2-4c7dcc457e38b7cc78ee
runtime_bytecode,ba051733ab1c3a4efd2867aa97f7f48f9e2ce74c99ae5f469af3a8ff4dc1f19d,1,1,1,False,False,bsc,0x564d4126af2b195ffaa7fb470ed658b1d9d07a54,ca2-003bb3e01f9c7c13410b
runtime_bytecode,ba69717d550c92ab9e6017a58b493d255bdf2c0d7c43f54617daecbe0e94121d,1,1,1,False,False,ethereum,0x765277eebeca2e31912c9946eae1021199b39c61,ca2-759d84cb92c4b203c71e
runtime_bytecode,ba70d98f1581c6e7f7e1456aa017e671d1c41e83124f1c4a7118585c250ba090,1,1,1,False,False,ethereum,0xf2c8e860ca12cde3f3195423ecf54427a4f30916,ca2-a21d0869309e8d547595
runtime_bytecode,ba77bd45fc4e70a04b478d968e5b635e3f47f3c9f02b644650176a6a592a0a40,1,1,1,False,False,bsc,0xf55dff7898930a2d28cdbc39d615b1624ac86888,ca2-ce4de12cb6ec0aa01094
runtime_bytecode,ba931d07593fa4eadd32b846604977c90fca7a14bcd8b75a4a613da5a5ea453d,1,1,1,False,False,ethereum,0x3541499cda8ca51b24724bb8e7ce569727406e04,ca2-ba0418d74fad65f2483c
runtime_bytecode,bc13677c46f7fa6e3b31b9e1a815ff0a3a8e5a3a156bb5432da23c39538e38a3,1,1,1,False,False,ethereum,0xdee8a9ac2c2819fe6a3bae45a12bff70c604805a,ca2-ea9f778a9d9aef43fc02
runtime_bytecode,bc52c6f4100021326b5e3bdf0b1eb659595f7fc84d3240107611b1e48a409e90,1,1,1,False,False,ethereum,0xd2933c86216dc0c938ffafeca3c8a2d6e633e2ca,ca2-3c88785c0f3b4867d7f4
runtime_bytecode,bc80e5b765da1d0f2eeee1bfeef654d027fe7d7e62e04302c8c54649fc51ac41,1,1,1,False,False,ethereum,0x6b7a87899490ece95443e979ca9485cbe7e71522,ca2-a3eb07131d27e069a3d8
runtime_bytecode,bd2a860b95984cb0375f9a936bd34ffe0d87628f6a3ab32e5a4a98b5ad8be476,1,1,1,False,False,bsc,0x8a6f7834a9d60090668f5db33fec353a7fb4704b,ca2-11258a259a94c2ae2ec5
runtime_bytecode,bd87f756b65aaf42388ec2eb50e0167c11ae5c2e7c653d8e6d728cb1985933fb,1,1,1,False,False,ethereum,0x369cbc5c6f139b1132d3b91b87241b37fc5b971f,ca2-22667ec3b73bf4e3f29e
runtime_bytecode,bdb483d558280468d740587d29f54053e32a2c6a9f28e79822f7da0c4c000be4,1,1,1,False,False,bsc,0xd2f26200cd524db097cf4ab7cc2e5c38ab6ae5c9,ca2-b5392852b27dc3299291
runtime_bytecode,be0920ad2e183004297ed3206e6b8cea64aec5f83d7c4f8021befe179c439d90,1,1,1,False,False,ethereum,0x35d8949372d46b7a3d5a56006ae77b215fc69bc0,ca2-5168eea9714e081f78ad
runtime_bytecode,be2515cf36ae52487b9bf857b4585bba97f87dcc34b593b4e69c79f73c501901,2,1,1,False,False,ethereum,0xbb787d6243a8d450659e09ea6fd82f1c859691e9,ca2-4b9009f78d24b677e07e|ca2-ed5ea743787aecff1e56
runtime_bytecode,bedb220362436f8e868abda0c8874d5803dd8cbf84b45e9cbb29c9c4ab1355be,1,1,1,False,False,bsc,0x1ac5fac863c0a026e029b173f2ae4d33938ab473,ca2-5293bf48f2bcc29baaff
runtime_bytecode,bf212f2b664292edd3745d5284c2f56dddf85c882ac88dab6d7b160dca94fa9b,1,1,1,False,False,bsc,0x1befe6f3f0e8edd2d4d15cae97baee01e51ea4a4,ca2-2c7f349f1a1765272f4b
runtime_bytecode,bf407ff7978e2f98ebdcf2b57e9be543d436fa047a29ef2f8bc4a203cf49e82d,1,1,1,False,False,ethereum,0x49ad262c49c7aa708cc2df262ed53b64a17dd5ee,ca2-a03b0bc9fabb86e707cb
runtime_bytecode,bf9d2292c74433756bd238d54eb098b84bbd10f11fdad6849d8b6dc165564e94,1,1,1,False,False,bsc,0x21ab8943380b752306abf4d49c203b011a89266b,ca2-ce552f38ab8199ed551d
runtime_bytecode,c02e0d7ebf547cb79809c6a225c8a5ded6bc46115573dabe62bc2677b2b6fe05,1,1,1,False,False,bsc,0x2b45dd1d909c01aad96fa6b67108d691b432f351,ca2-92eeb1ebc356ab25288f
runtime_bytecode,c13da0a0fe7525a813dda91fd1e4cf28497e16e8d539fb91bf175da472f01787,1,1,1,False,False,ethereum,0xf4a21ac7e51d17a0e1c8b59f7a98bb7a97806f14,ca2-92a135a9bdbd676ee494
runtime_bytecode,c145a322853b8f40fb0f05c51628f8517e76c5839fdec4be583aaf4d7a63d725,2,1,1,False,False,bsc,0xc748673057861a797275cd8a068abb95a902e8de,ca2-1a73db8dcf62dc8e4419|ca2-26661d7a70b3c3c3ab9e
runtime_bytecode,c1e4121c32eeed1eeeacfcefd3149bfdc9b3580398e0cae43826e824b02b6c4f,1,1,1,False,False,bsc,0x26f1457f067bf26881f311833391b52ca871a4b5,ca2-cb9d62babfef067f9bc8
runtime_bytecode,c1f272e75c9a3f6dc264ca705c33d65208e4a71b8b192e8d4ab06ee3446a1701,1,1,1,False,False,ethereum,0x2d0e64b6bf13660a4c0de42a0b88144a7c10991f,ca2-acd1e6758fc18c6f0e76
runtime_bytecode,c62ee5073f7bfd833be4e850d6a285d282afc1801db1f50e737b4572cecbd5a1,1,1,1,False,False,bsc,0x0fc91b6fea2e7a827a8c99c91101ed36c638521b,ca2-c5014cea82de5130aa96
runtime_bytecode,c64fd5adbfac5cc404bb6751aa2643a92d4c902e6de5e4fa4af18e39feb3a510,1,1,1,False,False,bsc,0xde698b5bbb4a12ddf2261bbdf8e034af34399999,ca2-eaff56dcacef885f96a2
runtime_bytecode,c7b0ef819d947509061924144c9e53f04a79e20faaea1d590009b8fd28b38a3d,1,1,1,False,False,bsc,0x84be9475051a08ee5364fba44de7fe83a5ecc4f1,ca2-b15231d961b437b62264
runtime_bytecode,c7ffd2273d8ca57ca4d6ca7a56d73958fb4c56c478b8a3b38f3ad150e1f345dd,1,1,1,False,False,ethereum,0x4822d9172e5b76b9db37b75f5552f9988f98a888,ca2-ad9d57e62841ea9096b7
runtime_bytecode,c8415e42bbb7b1b57ddbb9bf2acfe2dd6805ee6a1f0ce0b1617c80c42545011c,1,1,1,False,False,bsc,0xb5a0ce3acd6ec557d39afdcbc93b07a1e1a9e3fa,ca2-444479add25939f22fc7
runtime_bytecode,c9954eea8e134dbd33572e4729e590878946a9471566a5fd3927e62e08928402,1,1,1,False,False,bsc,0xc10e0319337c7f83342424df72e73a70a29579b2,ca2-f869139a8dcac0542bd9
runtime_bytecode,c9d19614ab8d6efa9ec75b223769133dc9f202574ff7faeb6c4baac97ede70c1,1,1,1,False,False,bsc,0xb000f121a173d7dd638bb080fee669a2f3af9760,ca2-a5caf2554c14b71cf9ef
runtime_bytecode,c9dd792d44d69711a6969ab56a908503ffe1484f375f6d69d016d7ca2a4e8840,1,1,1,False,False,ethereum,0xd3c41c85be295607e8ea5c58487ec5894300ee67,ca2-1579de76f9bed10399a7
runtime_bytecode,ca0fec18837916e49cbcd622f6050be263be612c47ee07c6a3b5547f59ec776f,1,1,1,False,False,bsc,0x8b7218cf6ac641382d7c723de8aa173e98a80196,ca2-9975357170a08c396c9a
runtime_bytecode,ca44b19199db839e4178f609af5a53a278ceea70ba3a7551dc78ea37499735ab,1,1,1,False,False,ethereum,0x3d9819210a31b4961b30ef54be2aed79b9c9cd3b,ca2-40ac2c3e107d3d88709a
runtime_bytecode,cae2f91dba3bc4eec6adac2957eedfd813fb15406aa2a1bbb7b10a6739daa5f4,1,1,1,False,False,ethereum,0xb84cbaf116eb90fd445dd5aeadfab3e807d2cbac,ca2-1dbdc2611cd24dc765b2
runtime_bytecode,caf0475926248ff4f6d3edfe51c1832397c25c5be73be2db52d627d1c8bd43f2,1,1,1,False,False,ethereum,0x05641e33fd15baf819729df55500b07b82eb8e89,ca2-b47e7dc1b2b6c8992cce
runtime_bytecode,cb7f3ebd7f3dda78355b67242805276e6b3a5a02b26931ea42132c912cd797fb,1,1,1,False,False,ethereum,0x83f798e925bcd4017eb265844fddabb448f1707d,ca2-6b709bd598843f9b172a
runtime_bytecode,cbd134ac8d285892d5d33ec1bf94dcdf1102a990b1046d1594cb286e9239697b,5,2,5,True,True,bsc|ethereum,0x1f006f43f57c45ceb3659e543352b4fae4662df7|0x2b9bda587ee04fe51c5431709afbafb295f94bb4|0x7b190a928aa76eece5cb3e0f6b3bdb24fcdd9b4f|0xdbf1c56b2ad121fe705f9b68225378aa6784f3e5|0xef9a10d6abfd5d3aa345a008c0f9132ce4b23e70,ca2-02e1298629b75e4dec93|ca2-5e2d8f30a0d9b1dc548d|ca2-9035062d2e632d8ca752|ca2-9d4246988ce873fd7f25|ca2-c7f02a40db88500f3ae5
runtime_bytecode,cbee289ce56a0ae62f5a9b4b445ff411a3d58a2b5b9f421ddfa94f4dec37b190,1,1,1,False,False,ethereum,0xf3a3648bb1da9d3aea107da77e6f5ba9cf313127,ca2-efe411bc9d7f06b1ba73
runtime_bytecode,cd69f5570d35e71743441cef0aadf3ca0a7d98e3426cf5f3250d3c7daa31133b,1,1,1,False,False,base,0x7b5969bb51fa3b002579d7ee41a454ac691716dc,ca2-0583d91c7785bb31ad8f
runtime_bytecode,d1e6803739beed4b0ed54adf6241e8f70847a973e736b88fe9acffb9fbe64068,1,1,1,False,False,ethereum,0xb0f8fe96b4880adbdede0ddf446bd1e7ef122c4e,ca2-47d01daca3ef9c1ed2f1
runtime_bytecode,d2ff1c99523f3530d1d8f954ba7e74dec87ee43aaf0aa9bf389d43e104e3cbf0,1,1,1,False,False,bsc,0xe1747a23c44f445062078e3c528c9f4c28c50a51,ca2-14bd5d42e2f704e2cc65
runtime_bytecode,d305f03a0fcaf9a607019615210b6c7560a05ce798cf321d2f5add222592da37,1,1,1,False,False,bsc,0x4bbb53252b0cee84e6824e85989ea2eddeec25f1,ca2-a1560cfd50c54f038ab4
runtime_bytecode,d44e2865391f32c0342d0ac80b4d7b9764e52a8771b1dddc146a4980294545f4,1,1,1,False,False,ethereum,0x765b8d7cd8ff304f796f4b6fb1bcf78698333f6d,ca2-2f764ff5c7c146ad35b3
runtime_bytecode,d4cf8ae23d0aac6bf3163ddac21253ff9aea052387c6c768080b33384b8b4978,1,1,1,False,False,ethereum,0x204b937feaec333e9e6d72d35f1d131f187ecea1,ca2-ba88d4267adf9e3ccd48
runtime_bytecode,d5140762f1837c2ceef83b4b96497c9cec3e322e4db039462f5456c39757a3fd,1,1,1,False,False,bsc,0x35f5cef517317694df8c50c894080caa8c92af7d,ca2-17240c1cdca17b758810
runtime_bytecode,d5815495295f8d45ceb99ed1b100c9ee4443ea0172707ea225d5451b4178b3b7,1,1,1,False,False,bsc,0x5fbbb391d54f4fb1d1cf18310c93d400bc80042e,ca2-3626b19eb243950f0171
runtime_bytecode,d679babae234e2b99c15bec4bdf4d9762a108928438f734ab885f8493709cc22,1,1,1,False,False,bsc,0x12b3b6b1055b8ad1ae8f60a0b6c79a9825bcb4bc,ca2-2f4322a54fd6caa407fe
runtime_bytecode,d6e994b95de1b3f5a09d0fcccf307faf61e6f1eed05d54daf6cf67972b2a2693,1,1,1,False,False,ethereum,0xa0ff0e694275023f4986dc3ca12a6eb5d6056c62,ca2-bef4fd38f1af5d45d83a
runtime_bytecode,d74c2c23a9a5fa143a445a5fdf210530e2d06fd37570633ba19aeaf704e362a1,1,1,1,False,False,ethereum,0x2b083beaac310cc5e190b1d2507038ccb03e7606,ca2-5c90f11e08cf22426454
runtime_bytecode,d94cdfb6ef73277a394b22525e2e1366a1b04e4dfcc40be57b2fd69e4ed9d8fd,1,1,1,False,False,bsc,0x32dffc3fe8e3ef3571bf8a72c0d0015c5373f41d,ca2-a517ebcd851bcd0a26cd
runtime_bytecode,da9a62a2e444280f486053aa2308b79b72543cd5a3219219a340d0b0833a1b61,1,1,1,False,False,bsc,0x9ad90eeab3caff64a762cb40387ee1bb18bd31e3,ca2-ba9bcac83757e0db9b90
runtime_bytecode,dc154df8325c84881ebff973dc3cbfbaee5cd1253544cdd363e1b8a50b75651b,1,1,1,False,False,bsc,0x844fa82f1e54824655470970f7004dd90546bb28,ca2-1110a2625b12e4b110c0
runtime_bytecode,dd2fad0493c30c5fb2635027b506eb7c1bda884caa0d00fd67b58c1dfb72fc3d,1,1,1,False,False,bsc,0x2f3f25046ea518d1e524b8fb6147c656d6722ced,ca2-0a80356999aee511c6c7
runtime_bytecode,dd65301e4a8ec2ddfb7abf06eb2581d4c0242b2ced3f7aa344ed2bc65a5973d4,1,1,1,False,False,bsc,0x3de669c4f1f167a8afbc9993e4753b84b576426f,ca2-f655d6375b3979edab38
runtime_bytecode,ddb3931abf0a8b73fb3e8acbfb02a7741c914962f0f517d8a3abbbb87066fd36,1,1,1,False,False,bsc,0xa2268fcc2fe7a2bb755fbe5a7b3ac346ddfedb9b,ca2-196bde1bc084a841e794
runtime_bytecode,ddcbd4f3f3129537a7ff282d9f47d1f58870d1f2d294d9a017b535c53332de7f,1,1,1,False,False,bsc,0xa5957e0e2565dc93880da7be32abcbdf55788888,ca2-d6ba3397ed249bc3a420
runtime_bytecode,de5e6c47f3ee8b66e78f6a6490f47eb4de27f80deab6909168515a0e53af2057,1,1,1,False,False,ethereum,0x638a98bbb92a7582d07c52ff407d49664dc8b3ee,ca2-a86a6b86d343ba9e3bdb
runtime_bytecode,dec8002ec1fcc340cf4932e310b6d8482bc95350dbb705e0d33dad55304852b2,1,1,1,False,False,bsc,0x1e813fa05739bf145c1f182cb950da7af046778d,ca2-14f7f1899d2468d3cabf
runtime_bytecode,df965b46d5c41667ef2d54e816ae5a27ec134e28e304c30a9e096e408f1ba8b0,1,1,1,False,False,bsc,0xc98e183d2e975f0567115cb13af893f0e3c0d0bd,ca2-7455b4981f74c1b4c51e
runtime_bytecode,e09fe01b4f1bfb64fee412779611065a9c66275f545aeef247cca7da25fe75bc,1,1,1,False,False,ethereum,0x879e993e2e37de3b47f38c13858e1f337d51448b,ca2-5600aac7a0790bee4d8c
runtime_bytecode,e0d7f66e954b196abc863cd23a11fd21a3a0bc97d0e4dc8411f87cb3e15537d5,1,1,1,False,False,bsc,0xa7e92345ddf541aa5cf60fee2a0e721c50ca1adb,ca2-e92eb18ffd5cb5150b66
runtime_bytecode,e158d05fd646ef5c108a89436366b7622c867256afe0b28a7f624e27a349e7aa,1,1,1,False,False,base,0xec942be8a8114bfd0396a5052c36027f2ca6a9d0,ca2-b4208a8c5bb1d965b99f
runtime_bytecode,e178982cdf11b144860f3ab92ba1414baa168d20fca044835eee8c0a4ab079d9,1,1,1,False,False,ethereum,0x951d51baefb72319d9fbe941e1615938d89abfe2,ca2-b7ed9e346aa4cb6ca834
runtime_bytecode,e289c16e11d7e21b3481dd890e7dd91aed5bb258a98b4f0c2e419ec2d19c2617,1,1,1,False,False,bsc,0xef1f39d8391cddcaee62b8b383cb992f46a6ce4f,ca2-9896be8cb2fd2c2b336c
runtime_bytecode,e2a9a383f0d237595ab261e1deca56ab305225bccfc091f8b6a87c0ca1eba86f,1,1,1,False,False,ethereum,0x2405913d54fc46eeaf3fb092bfb099f46803872f,ca2-9653ab400e10fa0c044d
runtime_bytecode,e2ccbe617e5f4749d5e91bca44c36a693d1b3cee0448e34cb232e2beb54739bc,1,1,1,False,False,bsc,0xc6cb12df4520b7bf83f64c79c585b8462e18b6aa,ca2-b9cedafde58efbfc26fe
runtime_bytecode,e3f04d60afc1fd04377efac38f19a9ca6f6d4d0cb73f67ca77faa936869b33dd,1,1,1,False,False,bsc,0x6beee2b57b064eac5f432fc19009e3e78734eabc,ca2-9c986971a7cb2a1d5317
runtime_bytecode,e437b6602131114c470f0a3621f180f89dc508adde6307a54bfd6da94c8a4e84,2,1,2,False,True,bsc,0x16d0a151297a0393915239373897bcc955882110|0xadefb902cab716b8043c5231ae9a50b8b4ee7c4e,ca2-76efd7743f4d9234ff8d|ca2-98b03a49b7d20591238a
runtime_bytecode,e47a7c23499c8e5671514851060ef52e30e19011ef93af43f3f3fa189a6d8681,1,1,1,False,False,ethereum,0xe68c1d72340aeefe5be76eda63ae2f4bc7514110,ca2-0998fb22a8fcd705afbc
runtime_bytecode,e518057ee9772b6d5ad104f0c0cbae96d42e5543dcaaff3b39257089ab5fe699,2,2,2,True,True,bsc|ethereum,0x48afbbd342f64ef8a9ab1c143719b63c2ad81710|0xd511096a73292a7419a94354d4c1c73e8a3cd851,ca2-aa4fa44d86c046a9915f|ca2-f359ea85ce584fc54da1
runtime_bytecode,e5b7326296736d103cacc13866b98097a6f172b570d51a2f9ef97a5657b4a58e,1,1,1,False,False,bsc,0x57db19127617b77c8abd9420b5a35502b59870d6,ca2-429b8f8a4d1baf287471
runtime_bytecode,e5ffb85ca9d0e3f1e71a609d761714fd683f422a280c6a26d60984c157ce8aeb,1,1,1,False,False,bsc,0x29b2525e11bc0b0e9e59f705f318601ea6756645,ca2-8cf05be564db7065817c
runtime_bytecode,e61e7ec0556d03e0f0d00a74f2ff819c0f7a8b599500544c08c0ed039dba0711,2,1,2,False,True,ethereum,0x764c64b2a09b09acb100b80d8c505aa6a0302ef2|0xe2fe530c047f2d85298b07d9333c05737f1435fb,ca2-610c56fd6c594f9c9f90|ca2-c2f4de8010f571d74d0d
runtime_bytecode,e641db49a2c9a8a398e99a4d0c2aaabd9bb7f011c4b5483477452a57d8e5622f,1,1,1,False,False,ethereum,0x85018cf6f53c8bbd03c3137e71f4fca226cda92c,ca2-6af08ae1ba1d426949bb
runtime_bytecode,e835bbc5825ca19f4ec64aa3134472f7e0f1e478df35bddd55902e3f78f17af9,1,1,1,False,False,bsc,0x31bfa137c76561ef848c2af9ca301b60451caac0,ca2-5616b56d8b8cbc0a3ebe
runtime_bytecode,e846c5e5b94d8365d7b0f0ac75dafa6d54ba4b9ab2f9e83288b7fbecaaef39c2,1,1,1,False,False,bsc,0x27539b1dee647b38e1b987c41c5336b1a8dce663,ca2-60b7a39b3acbf3ed1937
runtime_bytecode,e8a367a0a912cfcdac3cc3ddd81c0c91a33ea4826729289ff3e4231f3a6731bc,1,1,1,False,False,ethereum,0xbc452fdc8f851d7c5b72e1fe74dfb63bb793d511,ca2-4e64c62c912196653625
runtime_bytecode,ea711288687610876d7125f42efc932322cec464bf96e1766798f5e593d7a12e,1,1,1,False,False,bsc,0xce1b3e5087e8215876af976032382dd338cf8401,ca2-5ec981d26607ce3dec41
runtime_bytecode,ea8f82f8055991cf35f93284369fa58ccf38b4831ca66b5dbc4080de9acfcf60,1,1,1,False,False,bsc,0xeab0d46682ac707a06aefb0ac72a91a3fd6fe5d1,ca2-dc0f5864cf0c7c7db3d8
runtime_bytecode,ead36f0ff6d241ed05ed4f3608ca076e958304ed29daadd53ee0c8f9c45bf8e0,1,1,1,False,False,ethereum,0x5fdbcd61bc9bd4b6d3fd1f49a5d253165ea11750,ca2-252276d076fbf17cb546
runtime_bytecode,eb2252b0e2ab02560f962bd4ff4546075166bdf9f1bfff57ec30137fef97ecf4,1,1,1,False,False,bsc,0x8fd3d01cc65ea0e4dfffde7ec8159dc99a177f0a,ca2-95b35bd7c797a707a0fe
runtime_bytecode,ec040f1a50091d039fc826ba3dd1454c20c9eeda523b9c83c7383d4c8ceec19e,1,1,1,False,False,bsc,0xa4f5d4afd6b9226b3004dd276a9f778eb75f2e9e,ca2-627fce499908ff82ad6d
runtime_bytecode,ec2ef6abe31b3d7c87498c7cbfabc0ad3b335302a6562fe471615a69f8a8e7b5,1,1,1,False,False,ethereum,0xbb02a884621fb8f5bfd263a67f58b65df5b090f3,ca2-2ba749707a4aa17e7fd0
runtime_bytecode,ec9c737dafc40dfe31c9d46ac0f6cb1f40180d31428a9a4e96453b036170fc2a,1,1,1,False,False,bsc,0xb7e1d1372f2880373d7c5a931cdbaa73c38663c6,ca2-a40aff558c4a5d19fdb1
runtime_bytecode,ed965bf5dbd3b23d2345c0d8aa0bb1c729fbcbea3484a42890a20378c84d7c06,1,1,1,False,False,bsc,0xe4997f98e84c1891e7b57069e177fccf5f4f6094,ca2-37b12c1f2e2b7af31377
runtime_bytecode,edbaf4b0628ed1acbbb5f73db0ef1ee1dc0ccbd6344d5ba3fbb5383b99f5ded5,1,1,1,False,False,bsc,0x7fdff64bf87bad52e6430bda30239bd182389ee3,ca2-3ae6d0e93f222f7571b2
runtime_bytecode,ee1265a82c2264e143c53ab1a03b6a98118cf35f7c570c6fd0abd50f2720c7a0,1,1,1,False,False,bsc,0x42981d0bfbaf196529376ee702f2a9eb9092fcb5,ca2-6e83ea5ad89c085e5f5b
runtime_bytecode,eed1b2a95c911a5e9ecc6cb0e1ecc3ff187556027944ce848925227a0d83b505,1,1,1,False,False,ethereum,0xe3334e66634acf17b2b97ab560ec92d6861b25fa,ca2-50a6237be75e1de28124
runtime_bytecode,ef47d6433bcb6d430eecfe8b900af7fab0aaeceb2c3a5ec1c307a4f499e62dff,1,1,1,False,False,ethereum,0xf0358e8c3cd5fa238a29301d0bea3d63a17bedbe,ca2-03a929a60d6ca387d4bb
runtime_bytecode,ef8a9bd5968e50d5f5b4232949d241705f25dcbc8f096c64721cb0cd43f4909a,1,1,1,False,False,bsc,0x384b9fb6e42dab87f3023d87ea1575499a69998e,ca2-bc3880c8e3766b6a9ca4
runtime_bytecode,eff47174a9d8fee3fc9e1627e79bb9206d4e8ab1136859eac65c74c7bb2e6b10,1,1,1,False,False,ethereum,0xa44e79a2c9a8965e7a6fa77bf0ca8faf50e6c73e,ca2-87c7a2d034157234fe09
runtime_bytecode,f02a95dd5f53804f1a220ae3cb2fa0e053270524a7edabe8d114cd7065d105d5,1,1,1,False,False,bsc,0xfadda925e10d07430f5d7461689fd90d3d81bb48,ca2-4cd0e024b3073b041691
runtime_bytecode,f0af0361f50d69f46de7a37d1c29d28f7f8c1e0c51bcf3b1ca82548a047a9278,1,1,1,False,False,ethereum,0xbaa87546cf87b5de1b0b52353a86792d40b8ba70,ca2-746ec2d0566ffbda9c0f
runtime_bytecode,f0e199d6a14a095c0e4c00d0f40dabd77bd8777fdd3f8536ab83817825bd66ad,1,1,1,False,False,bsc,0x2b806e6d78d8111dd09c58943b9855910bade005,ca2-e488b8f22881b9feaedd
runtime_bytecode,f163cb849101bde78a1290c2112c1ac16578696b2a50ecf5add4d429bb3f5007,1,1,1,False,False,ethereum,0x53fbcada1201a465740f2d64ecdf6fac425f9030,ca2-6e5acd680aa3d14315b9
runtime_bytecode,f1ae6587c2e09fb7dae9cdaa2f5aa752b6fade03dd4e37868d438bb2c55ddaf0,1,1,1,False,False,ethereum,0x5f0ad32c00641d1d2bb628ff341e0d4bb4494318,ca2-0064b472336ec4210007
runtime_bytecode,f2536d90de6833e0eff3da06e065a3f61292d5cb9bc7be55c3f346ee1964b338,1,1,1,False,False,ethereum,0xe39fd820b58f83205db1d9225f28105971c3d309,ca2-5c189b8bf9f7db29dd4e
runtime_bytecode,f2db9129aabbe2bf218912e3b37b585470f9887713aa7556c13acb5aebe3ccdf,1,1,1,False,False,bsc,0x0025b42bfc22cbba6c02d23d4ec2abfcf6e014d4,ca2-91206b717060c4fd7b39
runtime_bytecode,f3b519de561b19a93dccf2889035ba9d7dd63f74dde8967ce79cf8cf265343c7,1,1,1,False,False,bsc,0xe7748fce1d1e2f2fd2dddb5074bd074745dda8ea,ca2-8accf6f062f57db1f918
runtime_bytecode,f46587ad6dee1747615227bdc220146ca0c7806fdc599017778a659832dbbc6f,1,1,1,False,False,bsc,0x7314729d691fd074dbba03ca3c6ef3be61b31d34,ca2-ca1ff798b4f84a39a35d
runtime_bytecode,f493237b9d26fcb9d47fc3685d30e1e17c8302b5d84071394e77642cfa14cfcb,9,2,9,True,True,bsc|ethereum,0x20e5e35ba29dc3b540a1aee781d0814d5c77bce6|0x34bd6dba456bc31c2b3393e499fa10bed32a9370|0x6b869795937dd2b6f4e03d5a0ffd07a8ad8c095b|0x6f40a3d0c89cffdc8a1af212a019c220a295e9bb|0xa8987285e100a8b557f06a7889f79e0064b359f2|0xbdb515028a6fa6cd1634b5a9651184494abfd336|0xc36a7887786389405ea8da0b87602ae3902b88a1|0xd45740ab9ec920bedbd9bab2e863519e59731941|0xe613c058701c768e0d04d1bf8e6a6dc1a0c6d48a,ca2-29064c97bd3050d5cc0b|ca2-55d26359a2d08ac915c0|ca2-6123dfbf4db930b4d1d5|ca2-62fc7b9b9ac57e1b7351|ca2-99c425ac31ee8abd76f2|ca2-9ed4dcb42bc3e395722f|ca2-a20ccf47b4d8c4cfab79|ca2-c6799af1babe7f32f44f|ca2-ca3ec401a279f9b471a6
runtime_bytecode,f4aa149c0919d7f954629bef4123b1cbd7fb4f8e29d52801c045f66199de4144,1,1,1,False,False,ethereum,0x007fe7c498a2cf30971ad8f2cbc36bd14ac51156,ca2-60a0988512bfa1f54c2e
runtime_bytecode,f4de5c31d7829d8f3f01403a8cce664a90322bd8cfd9a338b13413be84e1593b,1,1,1,False,False,bsc,0x493361d6164093936c86dcb35ad03b4c0d032076,ca2-7efff287d58605a4cc72
runtime_bytecode,f4f82b12ab616d33835203df8da5d3d19ff6181eff1b35cd9608a6c4f44182f6,1,1,1,False,False,ethereum,0xa62f9c5af106feee069f38de51098d9d81b90572,ca2-511b838cc3ae7420a912
runtime_bytecode,f63c516f743fa3ee20f32ff222d8c87119a6bcaa8b0d89ddbc86ab6cfb8fa980,1,1,1,False,False,ethereum,0xc9fa8f4cfd11559b50c5c7f6672b9eea2757e1bd,ca2-c5f9905c03ee273e260f
runtime_bytecode,f6422497ed7404819262b3322f3d5f891b4b04b834b66d4c5609f59867a0bef3,1,1,1,False,False,ethereum,0xf10bc5be84640236c71173d1809038af4ee19002,ca2-194c50c55dd95140a294
runtime_bytecode,f69ab84ea1b429e0b21dcd543fab3bc7a084ff01ef2b3b066b76354ea3142f55,1,1,1,False,False,ethereum,0xaf274e912243b19b882f02d731dacd7cd13072d0,ca2-8920d085a4a666414df5
runtime_bytecode,f6fe08f3251270c0b6e046b017cda4b057a0f08bdb9750330de34e33456d21e6,1,1,1,False,False,bsc,0x7c77576a2b48504ebd9ff0810d799651f68742d3,ca2-a1a34caf1169e8bc37ff
runtime_bytecode,f703ccf6d0ee1f10f45ba5b83696785d6ce1ce63f632bded34fbf5fd3bdc81e3,1,1,1,False,False,ethereum,0x05999eb831ae28ca920ce645a5164fbdb1d74fe9,ca2-f4910903d7134e1d631f
runtime_bytecode,f8e995d3115ac54b01cfffda88b97c25e15eba7b3b9455e3686f5720192a4502,1,1,1,False,False,bsc,0x17bd2e09fa4585c15749f40bb32a6e3db58522ba,ca2-9b437de06c56cc873e8a
runtime_bytecode,f94654b7256cf55b921590565b9311d3c93af3a3684502b0f91b4473c8f274e4,1,1,1,False,False,bsc,0x6bc9b4976ba6f8c9574326375204ee469993d038,ca2-d3a51f08e6355a17ca20
runtime_bytecode,f955c27b7d4a2a9080ff433a27b13f09a8a8a679f0ff234f00636263dcac85fb,1,1,1,False,False,ethereum,0xd2869042e12a3506100af1d192b5b04d65137941,ca2-e71c9a37159c80622f42
runtime_bytecode,fc334bc57badf345bd514c4a6e8cafac77a3a1a9a58de21bc5734bbf5a157a02,1,1,1,False,False,bsc,0xa943ea143cd7e79806d670f4a7cf08f8922a454f,ca2-36bcb163bd23551701cc
runtime_bytecode,fc5b0fdc606f642b037f879e0b2ba0d0016a395a6b97dd13db827ba88cec6427,1,1,1,False,False,ethereum,0xe3a0bc3483ae5a04db7ef2954315133a6f7d228e,ca2-b9b0485322ceb6ce33a3
runtime_bytecode,fcc7e72bd98dc009d7f771d25dba7fd4cb2b8a46992b68c3f1ae280173da6604,1,1,1,False,False,bsc,0xe56842ed550ff2794f010738554db45e60730371,ca2-adacb53105e39eebae4d
runtime_bytecode,fd5aa16eea01735e0e33e51e913a27f7d5ed998adc0cec2bf1f9ea368d9e1bdf,1,1,1,False,False,ethereum,0xbbbbbbbbbb9cc5e90e3b3af64bdaf62c37eeffcb,ca2-2656a778ab34f3a823cd
runtime_bytecode,fdf2ccb39ee9a555604926d3bfd7ebc389a3aee8fe60228cbd27306349ab788f,1,1,1,False,False,ethereum,0x280a8955a11fcd81d72ba1f99d265a48ce39ac2e,ca2-a7021cd43eafc6f1fd33
runtime_bytecode,fede474a659d9f2319cb3ecdaed0a92c76ada22abad1b84ed9084709928b1b00,1,1,1,False,False,bsc,0x7b8c378df8650373d82ceb1085a18fe34031784f,ca2-e54f2002a25549da55ac
runtime_bytecode,ff510444c9179dac4106b161e4e33af1c0f1d4fb3aa2ae178a7e2cd9c15bcbd5,1,1,1,False,False,base,0x6a0b87d6b74f7d5c92722f6a11714dbeda9f3895,ca2-5b927b3791414bdc410e
runtime_bytecode,ffb2e8c60e08c3bf59138ce8315cc413c08dd7cbe05b5847d300fe81f17df47b,1,1,1,False,False,ethereum,0x4622aff8e521a444c9301da0efd05f6b482221b8,ca2-5a019aa2bc528c73de90
metadata_stripped_bytecode,0191fc1f8d748609c23a837f1b9414814bed5ee7fc3de8c2fdfd556ce3154a53,1,1,1,False,False,ethereum,0x369cbc5c6f139b1132d3b91b87241b37fc5b971f,ca2-22667ec3b73bf4e3f29e
metadata_stripped_bytecode,0254f0ca9f8f16cf89ac16e5c1f8febcbab04dd76eadbd3535361ae93a47d2e8,1,1,1,False,False,bsc,0xf075c5c7ba59208c0b9c41afccd1f60da9ec9c37,ca2-7887a4e3ed471d877a90
metadata_stripped_bytecode,0394c952b646a81c62b35fbfc133245bb455e610d35763acdff44851fcec02c1,1,1,1,False,False,bsc,0x844fa82f1e54824655470970f7004dd90546bb28,ca2-1110a2625b12e4b110c0
metadata_stripped_bytecode,045e03cfc33569c62b43e0ac0fd7ab6a05f6246d63e11d7077225701c3d78533,1,1,1,False,False,ethereum,0x245a551ee0f55005e510b239c917fa34b41b3461,ca2-01398b37f50bcbb8adc6
metadata_stripped_bytecode,04d47b48b571e32f155aebc4505fc8b58a64d5cd46f57cc170cd2772bf9d1978,1,1,1,False,False,base,0xbeb0b0623f66be8ce162ebdfa2ec543a522f4ea6,ca2-5e2c8b988ed2dd09b840
metadata_stripped_bytecode,050854dcaa3f72684ac753bbd7f1ac805f46bca8f7f342a1077a290b35492729,1,1,1,False,False,bsc,0x1e813fa05739bf145c1f182cb950da7af046778d,ca2-14f7f1899d2468d3cabf
metadata_stripped_bytecode,064a7bfbca118ec992410f017681a4e656f1e5f9d244bd523c4f3f7437625917,1,1,1,False,False,ethereum,0x4306b12f8e824ce1fa9604bbd88f2ad4f0fe3c54,ca2-28984dadb4e195ff0adc
metadata_stripped_bytecode,06fc0961eb25cc9c1754239ac14bcb10278b105e5990b3e4f9ef15642d391e70,1,1,1,False,False,ethereum,0xd248b30a3207a766d318c7a87f5cf334a439446d,ca2-a25eb49dc8b847fae718
metadata_stripped_bytecode,074c8cb14e46e504f56f89df5b33d1889292bac2d3b026818c7246a36a7cf22c,1,1,1,False,False,ethereum,0x49ad262c49c7aa708cc2df262ed53b64a17dd5ee,ca2-a03b0bc9fabb86e707cb
metadata_stripped_bytecode,07bcf6541da2b795cb03f6b395f362843142c2d578fa5c3aabbfed19d7280d79,1,1,1,False,False,bsc,0x595eac4a0ce9b7175a99094680fbe55a774b5464,ca2-5aa3d29494fdde461d33
metadata_stripped_bytecode,07ecbb4a438c8a83c35b87c336c0d86257a72a22fe8a4c2a3d9bc269230b95a7,1,1,1,False,False,bsc,0x29b2525e11bc0b0e9e59f705f318601ea6756645,ca2-8cf05be564db7065817c
metadata_stripped_bytecode,08f678c3d9e42a325db4d39bb85f221d4dbb1baa424c737274d7d5ea4b64693a,1,1,1,False,False,bsc,0x12b3b6b1055b8ad1ae8f60a0b6c79a9825bcb4bc,ca2-2f4322a54fd6caa407fe
metadata_stripped_bytecode,0a3c4f757184b71f9aa05775ca99a0cbd0c0bacff7f27d4dcff209e46d3d97f7,1,1,1,False,False,bsc,0x35f5cef517317694df8c50c894080caa8c92af7d,ca2-17240c1cdca17b758810
metadata_stripped_bytecode,0b09ff20a879ebffb4348851a7a95117d3482e44a6791f8da3d72f91af3e9915,1,1,1,False,False,ethereum,0x2033b54b6789a963a02bfcbd40a46816770f1161,ca2-6f8a2ab5c968b3eaaf69
metadata_stripped_bytecode,0b720c16eddc5cc697f8f0dd60a7d17c94b99038208a65604c9ddc3e8db818fe,1,1,1,False,False,ethereum,0x46f54d434063e5f1a2b2cc6d9aaa657b1b9ff82c,ca2-e24739584c716694ba60
metadata_stripped_bytecode,0bbea5d72854fdc6c2559c927e10228eada23e2f724d46a99dc32ec6862752d2,1,1,1,False,False,ethereum,0xa0ff0e694275023f4986dc3ca12a6eb5d6056c62,ca2-bef4fd38f1af5d45d83a
metadata_stripped_bytecode,0c719012aa239b927b830db8efacc154898eeb4f7296651682ada0e1a828b7fd,1,1,1,False,False,ethereum,0x12392f67bdf24fae0af363c24ac620a2f67dad86,ca2-5b4e3baaff7190f2f54d
metadata_stripped_bytecode,0cca443179034fc1d741651fd97b76907b089aa25cdc8f47803bc85cd81d546e,1,1,1,False,False,ethereum,0xe68c1d72340aeefe5be76eda63ae2f4bc7514110,ca2-0998fb22a8fcd705afbc
metadata_stripped_bytecode,0d1dfbf4d1726ed688091014221ecc7065ed1e63447e8ef993bd65b72b102118,1,1,1,False,False,bsc,0x7db3cbaf736c049933a3af28dbed4a4442aa89d0,ca2-b801a4d001ea7844b2c0
metadata_stripped_bytecode,0d896fd63278f9890e0be5613a1d2491d74d7c70ca1d824006b820d3b3f1e8f0,1,1,1,False,False,bsc,0xd672b766d66662f5c6fd798a999e1193a7945451,ca2-c8f07b57035de6f92dd6
metadata_stripped_bytecode,0eb0044dcc5ecbf558badcc2349b62ec373a2aee3fdf4987b2806f1cec33b92c,1,1,1,False,False,bsc,0x000004a70f92f1b22de1201af76c48365d5d0000,ca2-68bcc7d0d70c9f4db91a
metadata_stripped_bytecode,0ece4ae71303e8e10e8d1964e3257a506114f49a48d6f10ee076ee4df6227eb6,1,1,1,False,False,ethereum,0x0e511aa1a137aad267dfe3a6bfca0b856c1a3682,ca2-f056a955a865b551a342
metadata_stripped_bytecode,0f482d2f2c81e14df51f59be2509da35af2555ce1d29bd444513b7d107f66ad9,1,1,1,False,False,ethereum,0xf0b7de03134857391d8d43ed48e20edf21461097,ca2-c9c1817a98610ef26f01
metadata_stripped_bytecode,0f7ea616aca91925ed96af5db0f4dfc56e3909d586c2354bf3028acac532ee95,1,1,1,False,False,bsc,0x33adbf5f1ec364a4ea3a5ca8f310b597b8afdee3,ca2-7cd2beaa007600ae46b4
metadata_stripped_bytecode,10f5be3d883cb528029a0defa548a56bc538f4edd0562af7d0fa6627ccbefe35,1,1,1,False,False,ethereum,0xdbb20a979a92cccce15229e41c9b082d5b5d7e31,ca2-8af0ea955100349da941
metadata_stripped_bytecode,10f86306ddfe5f9e92288866e9dd9833a7dac0aec175b5f889fdf6f7b0bb20ec,1,1,1,False,False,bsc,0x27dd6e51bf715cfc0e2fe96af26fc9ded89e4be8,ca2-411b50fea47298d98579
metadata_stripped_bytecode,11cbb96a174bc5ee29c81b846e5de14020ae68f0402f696b594f739ce1b462c3,1,1,1,False,False,bsc,0x274b3e185c9c8f4ddef79cb9a8dc0d94f73a7675,ca2-f18eddf4c9f68d58e510
metadata_stripped_bytecode,11cc6fc24b1affb702945c5e71e740fa2f5f5ca3a337b3cfef6ea5cc3c86ab76,1,1,1,False,False,ethereum,0xde59b88abefa5e6c8aa6d742eee0f887dab136ac,ca2-7a01249aabcf9ab600cc
metadata_stripped_bytecode,11f7bd2ce9bc5c958e675f9f71068cf261aa0026e458a82e755243d3682c7017,1,1,1,False,False,bsc,0x32b166e082993af6598a89397e82e123ca44e74e,ca2-024816e85dcbd941c181
metadata_stripped_bytecode,12487716809e31b6703ad3c3701d7188dfe813e4e04c5ba3968c4261bc8c1a7f,3,2,3,True,True,bsc|ethereum,0x047d41f2544b7f63a8e991af2068a363d210d6da|0x48afbbd342f64ef8a9ab1c143719b63c2ad81710|0xd511096a73292a7419a94354d4c1c73e8a3cd851,ca2-297229c8f057f9088676|ca2-aa4fa44d86c046a9915f|ca2-f359ea85ce584fc54da1
metadata_stripped_bytecode,12a7778fa53e12e8b3e1b7caf8d7a39c68b98bece9c626ac3d9aeb3e2d13b263,1,1,1,False,False,bsc,0xdec12a1dcbc1f741ccd02dfd862ab226f6383003,ca2-eafba3ad227d4a51d107
metadata_stripped_bytecode,12b9e4167b1d3a12d6f07bdeb8d87b54779683893c7830e45b57916bf1897616,1,1,1,False,False,ethereum,0xe3a0bc3483ae5a04db7ef2954315133a6f7d228e,ca2-b9b0485322ceb6ce33a3
metadata_stripped_bytecode,17e429d9333319280d26b5b26d25bb213aa80136ec92912adaca7980cd211465,1,1,1,False,False,ethereum,0xffadb0bba4379dfabfb20ca6823f6ec439429ec2,ca2-608fc098c08911f51783
metadata_stripped_bytecode,191765e32aa2ffd61c81a53cace74ebf3d958c734913c5e0b3f3f9a622e5ee57,1,1,1,False,False,bsc,0x6666625ab26131b490e7015333f97306f05bf816,ca2-8b0370be76c7c7e05d59
metadata_stripped_bytecode,1920b517a3860b6785df25128b573a7a2b703a76c2af9da07ddb2f5f1efb14eb,1,1,1,False,False,ethereum,0x50ce56a3239671ab62f185704caedf626352741e,ca2-14b9ffae56e7c9bfb04e
metadata_stripped_bytecode,1aa8ab8983ba98e15e99f4dc023ebe6d0155cd9c10dee37bb4b5df0b41b492c4,1,1,1,False,False,ethereum,0x2321537fd8ef4644bacdceec54e5f35bf44311fa,ca2-702749959585da21f48a
metadata_stripped_bytecode,1abc9a9378417c33b9f193c97677cd6e6e1032c5de47726493b6cfc5d7f819c7,1,1,1,False,False,bsc,0xd4524be41cd452576ab9ff7b68a0b89af8498a91,ca2-6829820c6abb9fe3a566
metadata_stripped_bytecode,1b8deb61ac7fe1be1ef877ab60e676e6c26da31c8c8de2dbc6f51a8d06b1bf44,1,1,1,False,False,ethereum,0x6e799758cee75dae3d84e09d40dc416ecf713652,ca2-8b19d47d1a3d23da742b
metadata_stripped_bytecode,1cf27df31a3e3408befed20dfee15dc2bee2e969b2596ea0d34c44a4efb20c59,1,1,1,False,False,ethereum,0x84524baa1951247b3a2617a843e6ece915bb9674,ca2-789b9d7c348037be1840
metadata_stripped_bytecode,1d1c60c784a7b19fd0b4f7a217684c644cab7d74030bd718ec629ffb917401e6,1,1,1,False,False,bsc,0xe732a7bd6706cbd6834b300d7c56a8d2096723a7,ca2-59b9ab9a48493aa5ebce
metadata_stripped_bytecode,1d589480bf07e0bba4d8d5fc6243e69b428efdf4efc1fadbe9a03dca9b90be15,1,1,1,False,False,bsc,0x7fdff64bf87bad52e6430bda30239bd182389ee3,ca2-3ae6d0e93f222f7571b2
metadata_stripped_bytecode,1d66e730af5938cd5229367a8141468bb4ca21414c48b84afb546a364bec4186,1,1,1,False,False,bsc,0xa7e92345ddf541aa5cf60fee2a0e721c50ca1adb,ca2-e92eb18ffd5cb5150b66
metadata_stripped_bytecode,1d829175021139ea9eb11b51baa7ed3000585ab0cf51a236630a9492de3dd45a,2,1,2,False,True,ethereum,0x764c64b2a09b09acb100b80d8c505aa6a0302ef2|0xe2fe530c047f2d85298b07d9333c05737f1435fb,ca2-610c56fd6c594f9c9f90|ca2-c2f4de8010f571d74d0d
metadata_stripped_bytecode,1db4e19b1756c5534cb8fa7d8a8b6f39dd8a7feab5a7961d2f7c17a91d3ec981,1,1,1,False,False,bsc,0x109ea28dbdea5e6ec126fbc8c33845dfe812a300,ca2-275669506c0506e44e0f
metadata_stripped_bytecode,1e136ca1a1aeed79a99142d7ebf0971701dde31b9e40e27be856a01c487c33f0,1,1,1,False,False,ethereum,0xbaa87546cf87b5de1b0b52353a86792d40b8ba70,ca2-746ec2d0566ffbda9c0f
metadata_stripped_bytecode,1f0816385581ccf2de55c4142738094dd5cf1e8c096a525aac13f4efbff55a81,1,1,1,False,False,ethereum,0x007fe7c498a2cf30971ad8f2cbc36bd14ac51156,ca2-60a0988512bfa1f54c2e
metadata_stripped_bytecode,1f648b042291a738dfa67ffa49776bb75143bade7c2e8fe4fed4c46c07aaee3f,1,1,1,False,False,bsc,0xeab0d46682ac707a06aefb0ac72a91a3fd6fe5d1,ca2-dc0f5864cf0c7c7db3d8
metadata_stripped_bytecode,1fdb50c2b303654cb14db2b0ea4a8b562d2b80b96f62d507ee8419d6f7b8a4f6,1,1,1,False,False,bsc,0x449fea37d339a11efe1b181e5d5462464bba3752,ca2-71d01a519d5b777ca8d5
metadata_stripped_bytecode,20a434d6f1f0301447ebe02d0dd2557bbb4c91f111cbfa5ea3ef3284646bbe12,1,1,1,False,False,bsc,0xe968d2e4adc89609773571301abec3399d163c3b,ca2-a5e7a267cfa0aa860481
metadata_stripped_bytecode,21aaaee65b8888b84b3233f12dea4e2077bf5c8c5e51ae3e1a0e9da53308f44a,4,1,4,False,True,bsc,0x2607118d363789f841d952f02e359bfa483955f9|0x2ba9d4a8c41c60b71ff7df2c3f54b008644b954e|0x5813d7818c9d8f29a9a96b00031ef576e892def4|0x88b3eb62e363d9f153beab49c5c2ef2e785a375a,ca2-00003c2c7afe8e9ef32d|ca2-6673e21002a8af6f4d12|ca2-6bc7737cc67404ed8f62|ca2-98f2e78eb7b0c6b2a380
metadata_stripped_bytecode,2295bc657da9828ce35b619c5db69800c0dafddd6576e3a30262706f9ac04fdc,1,1,1,False,False,bsc,0x2f3f25046ea518d1e524b8fb6147c656d6722ced,ca2-0a80356999aee511c6c7
metadata_stripped_bytecode,22a9444cc55cca06bf02d3e0b1890cfed1b1f64ed18b427a85c013aa9ec641d6,1,1,1,False,False,ethereum,0xfe380fe1db07e531e3519b9ae3ea9f7888ce20c6,ca2-c76c240f897354a45770
metadata_stripped_bytecode,22f05376be4df3c8ce416e2b3f915a2cee3b3e8cd57beb3a4749ace35a98a3d0,1,1,1,False,False,ethereum,0x3f2d1bc6d02522dbcdb216b2e75edddafe04b16f,ca2-332ccdc5e82202082265
metadata_stripped_bytecode,2358f70d449827551602e7c321fda4fd7d2f1b328be547b71f998b12f4d98e66,1,1,1,False,False,ethereum,0x237d59bf98ec4f4f013bc35d66f22d2bc9504b3f,ca2-38de662649bc5f386b3b
metadata_stripped_bytecode,23b1182d0642bd87e6ab01514a1fc72b07bb0699e43e6c1a3103714c5a2b9459,1,1,1,False,False,bsc,0x2496b87189d5ae18d4d83b8a7039b0c8a07d98d4,ca2-421dd5bf165b069c74f3
metadata_stripped_bytecode,240c3df31850ae066ce4aef677d036cfbe4473cb272ff7b81030435947970345,2,1,2,False,True,bsc,0x700ee24c350739e323dcf6a50ae3e7a3329c86ae|0x7dda132dd57b773a94e27c5caa97834a73510429,ca2-0119280f82385cf56670|ca2-1769b603523b156d5e27
metadata_stripped_bytecode,2510e38310e5ad7940a677900e1081d5ba3bf4e99de7ddf4231c40f9310a95cb,1,1,1,False,False,ethereum,0x31a4f372aa891b46ba44dc64be1d8947c889e9c6,ca2-0973b5638247f1875b62
metadata_stripped_bytecode,270bb755764633c4bb2c0901be904f5e9bbe55cfdf960f4a6c49c4e354b48c23,1,1,1,False,False,bsc,0x566777ed780dbbe17c130ae97b9fbc0a3ab829df,ca2-94a8114b86699da44092
metadata_stripped_bytecode,27fb672018685260cddb8eebefd98c1390c42a3ff2271e7a38c24b5304f1c98a,1,1,1,False,False,bsc,0xc0afd0e40bb3dcaebd9451aa5c319b745bf792b4,ca2-72ea322ccc16e3e5cbe0
metadata_stripped_bytecode,289718136f62754961857b6bf00a37115237be7eff227d29cc79cc423016647f,1,1,1,False,False,bsc,0x7c77576a2b48504ebd9ff0810d799651f68742d3,ca2-a1a34caf1169e8bc37ff
metadata_stripped_bytecode,28e513c736c6202c8c2cd29c2a91ecfb2883c468c69da34c2961b4406cb6cdd6,1,1,1,False,False,ethereum,0xa88800cd213da5ae406ce248380802bd53b47647,ca2-8e3ab047548dade505e8
metadata_stripped_bytecode,2a041e3acd0818c9c75b1d5114c8bdec11cf4bc1e87d8a13f3e5018a6df00da4,1,1,1,False,False,ethereum,0x4e34dd25dbd367b1bf82e1b5527dbbe799fad0d0,ca2-f2fdba3be5c566aed586
metadata_stripped_bytecode,2b19312008ce63bcb1a8bf23069c4fa93c867c3bd412f56c2684563762d21d76,1,1,1,False,False,bsc,0xa3f5ea945c4970f48e322f1e70f4cc08e70039ee,ca2-f3e658093e457630a524
metadata_stripped_bytecode,2bfacfe9c6c02e933f3313630d2c6f18340b8d91566f8d6578c79108015ceb2d,1,1,1,False,False,ethereum,0xb84cbaf116eb90fd445dd5aeadfab3e807d2cbac,ca2-1dbdc2611cd24dc765b2
metadata_stripped_bytecode,2f0f48ed16de49f8615ee8ac58ba14d32e2c113bd04e2c72c6288e3a3d84788b,1,1,1,False,False,ethereum,0x35a254223960c18b69c0526c46b013d022e93902,ca2-2f2a6d7666820b172f1a
metadata_stripped_bytecode,300b72bbe1f8e5b681cb44d101fc8bdf0ad89e50e492b095f54d17ece05df429,1,1,1,False,False,bsc,0x7ac55ac530f2c29659573bde0700c6758d69e677,ca2-28489e4d5123e702b7a8
metadata_stripped_bytecode,3073757367c28a9f3aad54ee8831ec7668874b323907b96b82837298093082a4,1,1,1,False,False,bsc,0x46ba8a59f4863bd20a066fd985b163235425b5f9,ca2-76e88e5b8b6fbabe3012
metadata_stripped_bytecode,30e80cc516ad0d043081da40702af0252a699757145e19bed84422f6cbdfee4d,1,1,1,False,False,bsc,0xa2b8a15a07385ea933088c6bcbb38b84c1051a58,ca2-99439e8d086734a4e7a2
metadata_stripped_bytecode,317873154f2d4dada1a53f26449f70dafe7056090dd4b0ed673b2335dce09fb4,1,1,1,False,False,ethereum,0x75b7db3e11138134fe4744553b5e5e3d6546d289,ca2-6f776e614c2662f41a7a
metadata_stripped_bytecode,32308ae6d7ff87f02ff2eeb0cc48fc6c7347bf3f5fde0855ee4d88a6b7188cb0,1,1,1,False,False,ethereum,0xd2933c86216dc0c938ffafeca3c8a2d6e633e2ca,ca2-3c88785c0f3b4867d7f4
metadata_stripped_bytecode,34e6eec10f7087089aa40ec59862db9ab3f4e42c48ca697c8a350d8b684d4b21,1,1,1,False,False,ethereum,0x8f9036732b9aa9b82d8f35e54b71faeb2f573e2f,ca2-4c7dcc457e38b7cc78ee
metadata_stripped_bytecode,352a3fbabfe753d7dfe2c05afec8ef3c959c06adf6f5306415a311fec06f47b9,1,1,1,False,False,ethereum,0x53fbcada1201a465740f2d64ecdf6fac425f9030,ca2-6e5acd680aa3d14315b9
metadata_stripped_bytecode,35908787a2c454d9ce05ebb417a65da6a87f950dfb7aca94d7c440a169eeffaa,1,1,1,False,False,ethereum,0x4c4564a1fe775d97297f9e3dc2e762e0ed5dda0e,ca2-cc76e9ac975f3c46bb14
metadata_stripped_bytecode,35bcf477985663c29f238316f3324cc7cf46c91765fb381a70a8d00f06f8101f,1,1,1,False,False,bsc,0x4e87880a72f6896e7e0a635a5838ffc89b13bd17,ca2-5c60ed4125f7ab7d31ea
metadata_stripped_bytecode,360797863f75e3511655db4fbee1bbdc2ffe5b4cfca5197865552729a169facf,1,1,1,False,False,bsc,0xa5f3728767f834c591ee99c8c5854b752f39c385,ca2-2fce7b426138574319d9
metadata_stripped_bytecode,36307880fabb433baaea0121ff90098ae12cdd4bae8cf3d891d2adcbd0808bbd,1,1,1,False,False,bsc,0x6beee2b57b064eac5f432fc19009e3e78734eabc,ca2-9c986971a7cb2a1d5317
metadata_stripped_bytecode,365a23c0633bca45b66888afbe7184a805fbd1cf2b3a87559b8463e4280de433,1,1,1,False,False,bsc,0xf2ca2a3572b26ae7c479dc7ae36d922113b1bdf2,ca2-9d76878011d42a78b09a
metadata_stripped_bytecode,369cc3256a3d37ef0053553efe9fe7f4661fc2718d6b9938443ecd78f4e14e7f,1,1,1,False,False,base,0xc859ac8429fb4a5e24f24a7bed3fe3a8db4fb371,ca2-f459648a3f9405d0f148
metadata_stripped_bytecode,3895b053eb3f69e2c4cdc9ae4046467f551b26facb5a05fe6ebebdf44b39bfa1,2,1,1,False,False,bsc,0xeccd8b08ac3b587b7175d40fb9c60a20990f8d21,ca2-301863287cb1e49bdbb5|ca2-758d99036031cc6eb400
metadata_stripped_bytecode,3a6d33c083fcdb37f3698b98a62b70d06fcc64a455432fe62089a8880a64fbb1,1,1,1,False,False,bsc,0xed56784bc8f2c036f6b0d8e04cb83c253e4a6a94,ca2-3ea99bf48860cd3d90e9
metadata_stripped_bytecode,3cb78c74a317feefe49322945ed73343f353cf3c7bfa9788977d0523a42e0810,1,1,1,False,False,bsc,0x1f7cf218b46e613d1ba54cac11dc1b5368d94fb7,ca2-f7368dc0ef887de15bf4
metadata_stripped_bytecode,3ce98d2ad69c88f70f5c8197f4c51d6332a28a5a26d7efe098d02388a4bcb8c8,1,1,1,False,False,bsc,0xd0fbf0a224563d5ffc8a57e4fda6ae080ebcf3d3,ca2-4146cf0ae387533d1340
metadata_stripped_bytecode,3ed1c08e5e8e9ff51dadca886dafc5640ceb37ce7e082058136ccac1e4b3dbbe,1,1,1,False,False,bsc,0xef1f39d8391cddcaee62b8b383cb992f46a6ce4f,ca2-9896be8cb2fd2c2b336c
metadata_stripped_bytecode,3eec45d65e7acc83c87ed504539a0d3a740a7ec156fdde18f11fd08da4adaf68,1,1,1,False,False,bsc,0x1292267f726e6f313972ec4e14578735473e1649,ca2-2d415ee24d090e5e26dc
metadata_stripped_bytecode,40e5df2ad24644381db323377a71dc270b29c1271ca0369a0f0d570fa74a9683,1,1,1,False,False,bsc,0x2b45dd1d909c01aad96fa6b67108d691b432f351,ca2-92eeb1ebc356ab25288f
metadata_stripped_bytecode,41c50ff2a3c1c5da796c57840ed2c5697953fe223fb048069fd50dcb95cc1ed2,1,1,1,False,False,bsc,0x810f4c6ae97bcc66da5ae6383cc31bd3670f6d13,ca2-351de4f0c9d0919d5212
metadata_stripped_bytecode,43e18445b61895a0d3020bcd6abde8181ea92db0f9c0944ba1bdfa5e9994dde8,1,1,1,False,False,ethereum,0x0c6c80d2061afa35e160f3799411d83bdeea0a5a,ca2-77cd38b96a68c54afe71
metadata_stripped_bytecode,44b2e42ffd630d62e6eaa52aa20a882e15b3e15dd1cfc9883a0311d796aef728,1,1,1,False,False,bsc,0xf55dff7898930a2d28cdbc39d615b1624ac86888,ca2-ce4de12cb6ec0aa01094
metadata_stripped_bytecode,44dc59efe4b20bba5d9ab0de0a680ac713e0e2c456b3fbe71f1af0eea863c4e9,1,1,1,False,False,ethereum,0x39360ac1239a0b98cb8076d4135d0f72b7fd9909,ca2-bf6bdd3510f2428b0575
metadata_stripped_bytecode,458fc8415a39ab262773c5ead8cd35aa5145c2fdfe09b13b8c794f4a9047ddaa,1,1,1,False,False,bsc,0x70678291bddfd95498d1214be368e19e882f7614,ca2-b141324cdd440e7feb3e
metadata_stripped_bytecode,46c4a9ba98801948ee5e9a391d8ec70903dc5f79412c54a20ff4fd8c6b22233c,1,1,1,False,False,bsc,0xb38c2d2d6a168d41aa8eb4cead47e01badbdcf57,ca2-a17aa054e6a4e68a65d6
metadata_stripped_bytecode,46d3e480039700ca791effbe4f598a99781a9031c0ae5c3cdb307c780627fe08,1,1,1,False,False,bsc,0x179aad597399b9ae078acfe2b746c09117799ca0,ca2-3ef6014a26a0b205a68e
metadata_stripped_bytecode,47079181df3c7716ffc94a29df31020bf9be2ed5d81602c009a89eec032bfe4c,1,1,1,False,False,ethereum,0x7259e152103756e1616a77ae982353c3751a6a90,ca2-be2ba09219e40ecb6cb2
metadata_stripped_bytecode,4712a836767701dfe76e6e82dd18174cc45f5533baba2d7334eae7c70c368871,1,1,1,False,False,ethereum,0x051ebd717311350f1684f89335bed4abd083a2b6,ca2-61c7c0bc0fd854fd8541
metadata_stripped_bytecode,474e691f223fc1d095f4fb6e0f85f7240684006e6b76fabb97215943e351c4e7,1,1,1,False,False,bsc,0xdf4895cd8247284ae3a7b3e28cf6c03113fada5f,ca2-3503e03a9a7fd4a87fe3
metadata_stripped_bytecode,47645dfce1db46b08101bf25ae1cab478f7fe01aae1fc5f320c834b4f691ef69,1,1,1,False,False,bsc,0x93b621a9f8f1821a6a693a29672ca3d6612a2a7e,ca2-5d15ea73c6fd71a4407d
metadata_stripped_bytecode,483f7374976b6acd3e970e793701b3082e9545186aea741de10b771170c11f01,1,1,1,False,False,bsc,0x3aa2b9de4ce397d93e11699c3f07b769b210bbd5,ca2-3a72b153af20c2c77bb7
metadata_stripped_bytecode,49457bfa4fca8cbd641870bfb9d97c7e8bd90086419a2c5278a18427ff6ad8cc,1,1,1,False,False,bsc,0x5abde8b434133c98c36f4b21476791d95d888bf5,ca2-10135a96af2e104eb4a4
metadata_stripped_bytecode,49c682bed85a51863e586b526e5498181e4c25f31e34dc6d3f52238b8e57b7ae,1,1,1,False,False,ethereum,0xe39fd820b58f83205db1d9225f28105971c3d309,ca2-5c189b8bf9f7db29dd4e
metadata_stripped_bytecode,49f68acf585a70eb31cc32f7db67e43e94e2e3e90e5d0f94295bea415f73006c,1,1,1,False,False,ethereum,0x204b937feaec333e9e6d72d35f1d131f187ecea1,ca2-ba88d4267adf9e3ccd48
metadata_stripped_bytecode,4a3efcda36022b8aa1ab0a72b5466df88687e3e619be105f109432b549c54d19,2,1,2,False,True,bsc,0x8087720eeea59f9f04787065447d52150c09643e|0xd188492217f09d18f2b0ece3f8948015981e961a,ca2-15ae4c22b54f390dc4fe|ca2-b5a8e682aba465a7a0f6
metadata_stripped_bytecode,4a4c5d490bdd6e729a5f7423d25a1f7e2171cbfd9a08e54759699aef71073d54,1,1,1,False,False,ethereum,0xf3f84ce038442ae4c4dcb6a8ca8bacd7f28c9bde,ca2-feebcd26919bea5b0014
metadata_stripped_bytecode,4aa8f2e1fac22a85e11d80302f8be0dab20fdd3c4b9e2a50d27d9013bb383384,1,1,1,False,False,bsc,0xc6cb12df4520b7bf83f64c79c585b8462e18b6aa,ca2-b9cedafde58efbfc26fe
metadata_stripped_bytecode,4b08cf57647d484f520467ab9f871509e430180753360b7fa9439a8f8fc4efb4,2,1,2,False,True,ethereum,0x3d5bc3c8d13dcb8bf317092d84783c2697ae9258|0x3d9819210a31b4961b30ef54be2aed79b9c9cd3b,ca2-2f808fc768214bcb9f7d|ca2-40ac2c3e107d3d88709a
metadata_stripped_bytecode,4b8927c14b8b295951c77d8f99d831f2f43e98ed1d1ef74fc699a36cbfdd2825,2,1,1,False,False,bsc,0xc748673057861a797275cd8a068abb95a902e8de,ca2-1a73db8dcf62dc8e4419|ca2-26661d7a70b3c3c3ab9e
metadata_stripped_bytecode,4c276a0d5f655c1f1552e5fa588303764bf2426e8ebbd50d2780236ada347a3e,1,1,1,False,False,base,0x26fe408bbd7a490feb056da8e2d1e007938e5685,ca2-e726d15fcadb675a6a84
metadata_stripped_bytecode,4dc067701407dec4c979c681b100265ad9e2ddd9a11cdfe02beb4dc5e3d56ed1,1,1,1,False,False,base,0xb6333e994fd02a9255e794c177efbdeb1fe779c7,ca2-b40a4160faf772fbf6c8
metadata_stripped_bytecode,4dd430f7d548673f510bdbde365665877961c9191b3222163efcd430284a642b,1,1,1,False,False,bsc,0xfd80a436da2f4f4c42a5dbfa397064cfeb7d9508,ca2-170efb900eb90211eaa2
metadata_stripped_bytecode,4f47976685d829cc48b82178e98b704ffcface6ac48fbdcb13fe36a8b049d0fd,1,1,1,False,False,ethereum,0xb0f8fe96b4880adbdede0ddf446bd1e7ef122c4e,ca2-47d01daca3ef9c1ed2f1
metadata_stripped_bytecode,4f579b10306228bfc69ff6ea129be3f38b0b8289482776782357bbf3cfd7f101,1,1,1,False,False,bsc,0x6bbef6df8db12667ae88519090984e4f871e5feb,ca2-969e97a830e1fdab4f58
metadata_stripped_bytecode,51c2da52c8378ffd786ea714a4051a417ddb13504b76c56da1ae12e14b0d39e6,1,1,1,False,False,bsc,0xf573748637e0576387289f1914627d716927f90f,ca2-53f0c0893c96da4fd077
metadata_stripped_bytecode,526e0b173511de67a632bffda5a7a5dc4d34771ff44531db03c39971498e6d32,1,1,1,False,False,bsc,0x1f415255f7e2a8546559a553e962de7bc60d7942,ca2-3ceb352e665fb61f7402
metadata_stripped_bytecode,52901eec4ede39ff43e13faae9e75857e966e7c8f49940408ac2c2235791e335,2,1,2,False,True,bsc,0x42981d0bfbaf196529376ee702f2a9eb9092fcb5|0x6fb2020c236bbd5a7ddeb07e14c9298642253333,ca2-441ed1a86d9edadc1707|ca2-6e83ea5ad89c085e5f5b
metadata_stripped_bytecode,52ca1302f9e334417bf71cb18793bf3d5bbbbfd42a28f46ebb87530c1e81fd54,1,1,1,False,False,bsc,0xcc61cc9f2632314c9d452aca79104ddf680952b5,ca2-8827a43c9b16b94734ae
metadata_stripped_bytecode,5351b63db6b4280c2c7b2843dba18ed8853cb91448609e9fce3cda110b5a5bbd,1,1,1,False,False,bsc,0x6f3390c6c200e9be81b32110ce191a293dc0eaba,ca2-d6090a50e7b7e86d2afd
metadata_stripped_bytecode,5699a4d53620808b0671964ef10122d7af862c3823bad68fb81a34d300253ae8,1,1,1,False,False,bsc,0xdca503449899d5649d32175a255a8835a03e4006,ca2-5011063427fa6a95c108
metadata_stripped_bytecode,5738a9de89b24b0d06f7bcdcba7712251e447b7562e261f083a6a2c4dd2b0ef2,1,1,1,False,False,ethereum,0x83f798e925bcd4017eb265844fddabb448f1707d,ca2-6b709bd598843f9b172a
metadata_stripped_bytecode,57a0c3cfef7d5a5e6de7498508b0c88c6360c070579d8921eaac5255a6ea651a,1,1,1,False,False,ethereum,0xa6447f6156effd23ec3b57d5edd978349e4e192d,ca2-eaf1e84be2ca5fa8830a
metadata_stripped_bytecode,5877d61c796e55386bde2ecacf57cccc43c6b73979a2b9dcdc8ceee23541d29b,1,1,1,False,False,ethereum,0x79a7d3559d73ea032120a69e59223d4375deb595,ca2-ca903ea09549202fecb9
metadata_stripped_bytecode,588d161c22428102fc7f7e10c0db2bfa8eae6d09852316fd1dac4cdd2814a9a6,1,1,1,False,False,bsc,0xc342774492b54ce5f8ac662113ed702fc1b34972,ca2-8ad0e7849cd27bf47eab
metadata_stripped_bytecode,5a173efa63a59b8024d76b0275cbae143096e6f8bf5bbf3ec0f06ac7451709ba,1,1,1,False,False,bsc,0x31bfa137c76561ef848c2af9ca301b60451caac0,ca2-5616b56d8b8cbc0a3ebe
metadata_stripped_bytecode,5a41d20bbf99bd0ca4d6c71b8e667879b33cc1ac54a6814b558d46e083166520,1,1,1,False,False,bsc,0x0fdfcfc398ccc90124a0a41d920d6e2d0bd8ccf5,ca2-573d346bb7ac970e759a
metadata_stripped_bytecode,5b8cd2dc56e8242a5c63552fb3dbb7b45e655f0db256f60a404b162639c54b75,1,1,1,False,False,bsc,0x7e6c2522fee4e74a0182b9c6159048361bc3260a,ca2-c3da8c67aae06b7ecce1
metadata_stripped_bytecode,5c057d4a78ad366836f11b3a19adc8f05ba42acf9ab29e3599c8f14d00a1d017,1,1,1,False,False,ethereum,0x9f54e8eaa9658316bb8006e03fff1cb191aafbe6,ca2-0d308a16f604ed495788
metadata_stripped_bytecode,5c46c2a5df9700cbb8725dba83b81390e192ad89192e702ac4b3554c52e9305a,1,1,1,False,False,bsc,0xabc79b7c5a0f1fe0ac55fcb7e659d5817e530123,ca2-c362836e579418bb08b8
metadata_stripped_bytecode,5cbc577653c8693adb1fc7b72fab8fefc1927f03a1482e9c18a9f1e54099c500,1,1,1,False,False,ethereum,0xa5564a2d1190a141cac438c9fde686ac48a18a79,ca2-21ac1c8056ff7df162a8
metadata_stripped_bytecode,5cfaf0c97558937c157cfa95ef79af8f13b8cb5c1e322820e1b986d1ad6c7ba1,1,1,1,False,False,ethereum,0x418c24191ae947a78c99fdc0e45a1f96afb254be,ca2-5d74bde6e71788f42085
metadata_stripped_bytecode,5dc53eb16292d4a4787023332ec8aab8f31dd358cd5902a8427a50befb7f6512,1,1,1,False,False,ethereum,0x55f93985431fc9304077687a35a1ba103dc1e081,ca2-c15651f1b54afa97c39e
metadata_stripped_bytecode,5e0d9f714fae37f165a7b20eac322110648a4afd0b6d4a0c9ec79550c273b94f,1,1,1,False,False,ethereum,0x0d0e364aa7852291883c162b22d6d81f6355428f,ca2-5033d73f3cec5063c5f5
metadata_stripped_bytecode,61f93e5e365e2fce0eeb36446e86eb887d423750159372037844c25637b6624e,1,1,1,False,False,ethereum,0x2d0e64b6bf13660a4c0de42a0b88144a7c10991f,ca2-acd1e6758fc18c6f0e76
metadata_stripped_bytecode,6388a9f65d500cab629cbfbc74ee137442cd97ffbf80a39bf1235b250dea8011,3,1,3,False,True,ethereum,0x4822d9172e5b76b9db37b75f5552f9988f98a888|0x91383a15c391c142b80045d8b4730c1c37ac0378|0xb5599f568d3f3e6113b286d010d2bca40a7745aa,ca2-aa992d5980e00838b209|ca2-ad9d57e62841ea9096b7|ca2-ee795333beb4dcb94cce
metadata_stripped_bytecode,63c2350333502d009d222896d055539de3295ac7e2a7817c1ab5d9450f69f97a,1,1,1,False,False,ethereum,0xf2919d1d80aff2940274014bef534f7791906ff2,ca2-3d7964746397bc97e185
metadata_stripped_bytecode,642a640cc82acd9d57e9e556c62f1b1f07bacdbd1099d839686d35b3a1a0d643,1,1,1,False,False,bsc,0x335ddce3f07b0bdafc03f56c1b30d3b269366666,ca2-604ce8fc1c483067805c
metadata_stripped_bytecode,644cbf072d8ab49aaad3c9ef83de93c9d8c4b537eb4e8b795dcb2cb21809024f,1,1,1,False,False,bsc,0x7b8c378df8650373d82ceb1085a18fe34031784f,ca2-e54f2002a25549da55ac
metadata_stripped_bytecode,64a2d6dd12fff90e2acf43ac17d119412b74569a0dcc210c044c305b74bceb0f,1,1,1,False,False,ethereum,0xdee8a9ac2c2819fe6a3bae45a12bff70c604805a,ca2-ea9f778a9d9aef43fc02
metadata_stripped_bytecode,64dc658c20ec78831b7c17550993bbca61b656922dbf24f28895220a62bf0191,1,1,1,False,False,bsc,0xb8dc09eec82cab2e86c7edc8dd5882dd92d22411,ca2-23403cb09827b5b8f43e
metadata_stripped_bytecode,658f1f38bfc8ba9c16800c95fce12818140d30bc7cb9f7470636888da46c2e28,1,1,1,False,False,bsc,0xde698b5bbb4a12ddf2261bbdf8e034af34399999,ca2-eaff56dcacef885f96a2
metadata_stripped_bytecode,65cd9a2d9b614f7502f70c02a5a2d5f0e88ffdfcba1a0902beea5c2dca4ff695,1,1,1,False,False,bsc,0xe56842ed550ff2794f010738554db45e60730371,ca2-adacb53105e39eebae4d
metadata_stripped_bytecode,6667967001edab8aaa8c459a068c2f19eb07591b80d5a53502222333f0600513,1,1,1,False,False,ethereum,0xcd6ca2f0d0c182c5049d9a1f65cde51a706ae142,ca2-3f7bb52435313429cfa7
metadata_stripped_bytecode,67fc7feb4d616ccab68a57c5c3d7d6754418903841f3a210e5029ac6550d2290,2,1,1,False,False,ethereum,0x2409af0251dcb89ee3dee572629291f9b087c668,ca2-0687f6e05dc58457935a|ca2-93739b94fa0816bd6234
metadata_stripped_bytecode,6822e6ac4cc85687549db4a11f5a20655839e9555e531edd64c5f5a26e356553,1,1,1,False,False,bsc,0xbf5baea5113e9eb7009a6680747f2c7569dfc2d6,ca2-33375f53486ac02fc6d2
metadata_stripped_bytecode,6823b9b3f9a6369b176daea522d45906998fb7554047fb4f51f90e989929388b,1,1,1,False,False,bsc,0x5dfc7f3ebbb9cbfe89bc3fb70f750ee229a59f8c,ca2-7063be755a02e6e0df10
metadata_stripped_bytecode,68e3f9a4249a4dcf7c98b5c714115c29d9a6cb5ee78b59bbccdb07b81f14602f,1,1,1,False,False,bsc,0x9ca66a67dc3d77beb59dc11caf96677843797c08,ca2-30b42ce7f2f4b08cf742
metadata_stripped_bytecode,69ac7c60d00665d0af614add342a47921584fe719ff55521ac8d920055c7a043,1,1,1,False,False,ethereum,0x29003dd6b9970ad658314fffb61e42f352c41630,ca2-1bee07e4cd2ee7c6892c
metadata_stripped_bytecode,69e8532d67c36a1fcebc172123ac09edaf445ddc589be7a0273ea0cfd18ea4cf,1,1,1,False,False,bsc,0xe1747a23c44f445062078e3c528c9f4c28c50a51,ca2-14bd5d42e2f704e2cc65
metadata_stripped_bytecode,6a78894159fe2422aceb440bb6c94264348dbf3644e1852322bea9f3af23e5f2,1,1,1,False,False,bsc,0xb75ca3c3e99747d0e2f6e75a9fbd17f5ac03cebe,ca2-0aa20008e0303e8a5201
metadata_stripped_bytecode,6c2d3660f11e88e9b67d632fb52c129065a0920ab4371d7ebc37f7f05ad211bb,1,1,1,False,False,bsc,0x9ad90eeab3caff64a762cb40387ee1bb18bd31e3,ca2-ba9bcac83757e0db9b90
metadata_stripped_bytecode,6cadfa37a9c8e1052da770a43ebf404ff0c85bad153160fd69a1ffbf23849a05,1,1,1,False,False,ethereum,0x50f5474724e0ee42d9a4e711ccfb275809fd6d4a,ca2-48d4577fa72f25875ad3
metadata_stripped_bytecode,6d7324162386a2314afa33035a61dd106f13e4b7f8f8d9d2d5527fe3639a0bde,1,1,1,False,False,ethereum,0x0ad8229d4bc84135786ae752b9a9d53392a8afd4,ca2-93a5245378ac7422b320
metadata_stripped_bytecode,6daec1ad376cea4776c3bfae6249f8f8c0706421f4f9be5404da8026ce27bfcf,1,1,1,False,False,bsc,0x489afbaed0ea796712c9a6d366c16ca3876d8184,ca2-8eea98fa7851e4eaf7d3
metadata_stripped_bytecode,6dbb94fb8eb05bda30aa431ae3178c0d513a19dbe10980f433b5c8719c6b8344,1,1,1,False,False,bsc,0xedecfa18cae067b2489a2287784a543069f950f4,ca2-ffeb7afe408bddf67264
metadata_stripped_bytecode,6de5af02dc83a06e34aa261c21d5fcbda797bd21c52c63ba83357ca7eddeba06,1,1,1,False,False,bsc,0x80a0d7a6fd2a22982ce282933b384568e5c852bf,ca2-c5a01f6581922c612fa6
metadata_stripped_bytecode,6eda8af860c2ea63eb94b868470df8e860b1375d3b3d5792fd5ed0d5b3506368,1,1,1,False,False,bsc,0x6bc9b4976ba6f8c9574326375204ee469993d038,ca2-d3a51f08e6355a17ca20
metadata_stripped_bytecode,6f4cd91554d949a8ad8047da7543a1ed35a94f9b9b1e6c2159563c05819ba95c,5,2,5,True,True,bsc|ethereum,0x1f006f43f57c45ceb3659e543352b4fae4662df7|0x2b9bda587ee04fe51c5431709afbafb295f94bb4|0x7b190a928aa76eece5cb3e0f6b3bdb24fcdd9b4f|0xdbf1c56b2ad121fe705f9b68225378aa6784f3e5|0xef9a10d6abfd5d3aa345a008c0f9132ce4b23e70,ca2-02e1298629b75e4dec93|ca2-5e2d8f30a0d9b1dc548d|ca2-9035062d2e632d8ca752|ca2-9d4246988ce873fd7f25|ca2-c7f02a40db88500f3ae5
metadata_stripped_bytecode,6fe2efc551cd0b878ae6616b437ab4d254decfe9b737bfd8ea570507abe2434c,1,1,1,False,False,ethereum,0x35d8949372d46b7a3d5a56006ae77b215fc69bc0,ca2-5168eea9714e081f78ad
metadata_stripped_bytecode,7075b1d9a6e82589d2ff7421d4cbce6a326a4e28230c42167adfead7e3cfa8fb,1,1,1,False,False,ethereum,0x65c210c59b43eb68112b7a4f75c8393c36491f06,ca2-e7cd16bb64166a6efe64
metadata_stripped_bytecode,728cd62c95e6df1ff9b13b023d4011d49d54dd508647e8eba4771c38c2bde524,1,1,1,False,False,ethereum,0x863e572b215fd67c855d973f870266cf827aea5e,ca2-a21e3c90faf447e22997
metadata_stripped_bytecode,7327095b8e19a0a0363d1c35cef5afb3720cb5ca3943d26b712ed785185f0ece,1,1,1,False,False,bsc,0x8bc6ce23e5e2c4f0a96429e3c9d482d74171215e,ca2-22ca428502dddf9f2871
metadata_stripped_bytecode,7346dbbadcd3494fdec2fbf15705d8d15c2cb376f7379815805ae80f39a27c98,1,1,1,False,False,ethereum,0x951d51baefb72319d9fbe941e1615938d89abfe2,ca2-b7ed9e346aa4cb6ca834
metadata_stripped_bytecode,74d8fbe78b9f6587872363ee221a85357e8e15c91f26b666bc7e46227f9ccee4,1,1,1,False,False,ethereum,0x69422c7f237d70fcd55c218568a67d00dc4ea068,ca2-d22c4160c4fed52695d2
metadata_stripped_bytecode,7541e49a91d737b807a939f609b0fff064649551f85bab5c3ed1146f68fd0b00,1,1,1,False,False,bsc,0xea51801b8f5b88543ddad3d1727400c15b209d8f,ca2-7741e8a9a71601f098a4
metadata_stripped_bytecode,755058c70db595df92dafe834d78d5c9c7a26b3e6f8f08afcc4f34d302c97b79,1,1,1,False,False,ethereum,0x7094e706e75e13d1e0ea237f71a7c4511e9d270b,ca2-4d6568a7691d786971d0
metadata_stripped_bytecode,758c59861cf6a9ae7612f7d0871b35d5572a66aebc1be35291214b16b50d2ecc,1,1,1,False,False,bsc,0x1954b6bd198c29c3ecf2d6f6bc70a4d41ea1cc07,ca2-6d220be49d90b51ca6fd
metadata_stripped_bytecode,762058c495b847435e7de10f10458d1fe816273180e378ed5de2e09790b30579,1,1,1,False,False,ethereum,0x2320a28f52334d62622cc2eafa15de55f9987ed9,ca2-e75c05f94545176def00
metadata_stripped_bytecode,768f31fb6ba6da32c41d59484305f1782d2767bbf3f63be1b4b070b36137840a,1,1,1,False,False,ethereum,0x638a98bbb92a7582d07c52ff407d49664dc8b3ee,ca2-a86a6b86d343ba9e3bdb
metadata_stripped_bytecode,76cd9953534e3e5a9be56210e8a545c60d537d079e21d3b3650b57b8bb70412a,1,1,1,False,False,ethereum,0x3d20601ac0ba9cae4564ddf7870825c505b69f1a,ca2-6996a5993263d8986598
metadata_stripped_bytecode,790af68cd5d62cf6a3aa1ba6c2d54b32d004e56701cd05f7def318d5cdc22706,1,1,1,False,False,ethereum,0xd2869042e12a3506100af1d192b5b04d65137941,ca2-e71c9a37159c80622f42
metadata_stripped_bytecode,791dcb2d53620ed95048890ebeccbc431266be1d3d369c74d49de1cedbc76468,1,1,1,False,False,bsc,0x1962b3356122d6a56f978e112d14f5e23a25037d,ca2-786342530794b2d0e951
metadata_stripped_bytecode,79214c4f079297819e6a1981ccbbc2428be995f35de277e8c1f080b8dbda8360,1,1,1,False,False,bsc,0xb47955b5b7eaf49c815ebc389850eb576c460092,ca2-7e2e4e06ad319c9c87c0
metadata_stripped_bytecode,7925eb2cd87fa4e4c181bdeea72ea92747a51252e55769e10466dc6ae2440b6e,1,1,1,False,False,bsc,0x10bc28d2810dd462e16facff18f78783e859351b,ca2-742774bf4edd46ad6f87
metadata_stripped_bytecode,79f7138bb1dd3a87b0d69b194d859653f421df6143af9d810af166bc0f138950,1,1,1,False,False,bsc,0x760c2aaa22220f24b9343b2a91a62dd664953853,ca2-324926ca92042b3a084e
metadata_stripped_bytecode,7a05bd89967854437052a1b9fc0d4454dd51a52622367a5debd17992d9b8c6d7,1,1,1,False,False,bsc,0x42e2773508e2ae8ff9434bea599812e28449e2cd,ca2-b917178685db1ed39d90
metadata_stripped_bytecode,7a9ab2e34717270ac389e2fd7e95f814d5ae5fceb7c70a5e33a6160e730ee1b6,1,1,1,False,False,ethereum,0xbc452fdc8f851d7c5b72e1fe74dfb63bb793d511,ca2-4e64c62c912196653625
metadata_stripped_bytecode,7ab4f795048c334c122cc5c05e29e523b9e9a80a6ffeea5ea4f4963d10c279a6,1,1,1,False,False,bsc,0xe48b75dc1b131fd3a8364b0580f76efd04cf6e9c,ca2-3b0aac1754ae5d74f870
metadata_stripped_bytecode,7b177f025a5a6ee2af13a49829255d01725a49353d5f0b7c23eecf233c4a00a8,1,1,1,False,False,bsc,0x04df78093e2b66a0387f8c052c8d344d84ca49af,ca2-0fd406d4a5d581dc9171
metadata_stripped_bytecode,7b224e27b99ab38ca8c91e6f5f18af508e7d9bfc06a73d3531c820f81df6106c,1,1,1,False,False,bsc,0x05c2dd9cf547c6cccf91245346e6e1bc9926cae7,ca2-64ef33688d6e79b3439e
metadata_stripped_bytecode,7d0fb0703060c2533d50d305e82e5e7631e04a0810483c47787925a1f98534b4,1,1,1,False,False,bsc,0x13b1f2e227ca6f8e08ac80368fd637f5084f10a5,ca2-db4133161e8ad967d9de
metadata_stripped_bytecode,7e5cf86f068b0cf4182924d5fe1313ddfc4075633fe9c3b4758430321f66556c,1,1,1,False,False,ethereum,0x47ddb6a433b76117a98fbeab5320d8b67d468e31,ca2-ed09542f8921c91cd3ec
metadata_stripped_bytecode,7f5839260458b68a9cad21c5a2ae726945c41ef9d183ce68ea5ce52ae6f4fdf1,1,1,1,False,False,ethereum,0xfd11aba71c06061f446ade4eec057179f19c23c4,ca2-af464f834697310f7d30
metadata_stripped_bytecode,7f63b7cbdc36cd0057617569b71a7accb9553d1cacc700939800335c98a47366,1,1,1,False,False,ethereum,0x09a80172ed7335660327cd664876b5df6fe06108,ca2-1fe777829f28c3e02e1c
metadata_stripped_bytecode,80ee2da67eb8e10f4fd53d8d948b8b3647360d75efe873bcea5b52888033555e,1,1,1,False,False,ethereum,0xd1a1c248b253f1fc60eacd90777b9a63f8c8c1bc,ca2-f39ef961ac91c6d34016
metadata_stripped_bytecode,8150d5610cacf677a7ca9de0ce8b6808c66305b7c902bd73ebb6477499f476fe,1,1,1,False,False,bsc,0x2b806e6d78d8111dd09c58943b9855910bade005,ca2-e488b8f22881b9feaedd
metadata_stripped_bytecode,8162893067fb69cf42791c0ab50188b14e3d1084a798f7e8ad33c5525c61c887,1,1,1,False,False,bsc,0xa7b5eabc3ee82c585f5f4ccc26b81c3bd62ff3a9,ca2-d5206e281e59cc007b02
metadata_stripped_bytecode,81a5c482cc7930721c5b9b6edd20b6cb3b5d8ae7ffce92e1ae2f59093911a42c,1,1,1,False,False,ethereum,0x3541499cda8ca51b24724bb8e7ce569727406e04,ca2-ba0418d74fad65f2483c
metadata_stripped_bytecode,81ba88a4202d3f66e9db00e612970e83325c2c33d4bef4e2807a8c1da6502c69,1,1,1,False,False,ethereum,0x1a7981d87e3b6a95c1516eb820e223fe979896b3,ca2-11635f2908fcc175e7c9
metadata_stripped_bytecode,81d4c0ddf125731cedc72e27c8fde534d39f1fcbc388ed838d33306aa4d5ad29,1,1,1,False,False,ethereum,0x5f360c6b7b25dfbfa4f10039ea0f7ecfb9b02e60,ca2-0bd28c93ecf3fec1d833
metadata_stripped_bytecode,822f67cd6dd3c1d75a81c782d40bcab8588da6c820f47ffedfa28523cd67ad98,1,1,1,False,False,ethereum,0xa1ce40702e15d0417a6c74d0bab96772f36f4e99,ca2-616b55afdd61c6ca8b12
metadata_stripped_bytecode,82c06f5d00db5268f29a53d32df2a3a0dea2380d624f539d9a734d3fcfcdce3d,1,1,1,False,False,bsc,0x3de669c4f1f167a8afbc9993e4753b84b576426f,ca2-f655d6375b3979edab38
metadata_stripped_bytecode,840ac77a4a4010f64dbeda40424fefbeb99b2488b95c81faed7932347a1e8f30,1,1,1,False,False,bsc,0x2287c04a15bb11ad1358ba5702c1c95e2d13a5e0,ca2-ee23a7f09f8e25f5c7d9
metadata_stripped_bytecode,8483a3998f4c6cab2dbd4d53ca2b09253057ee3c29cf078b5551273d011d22f6,1,1,1,False,False,bsc,0x88886f0fd371dff856291badced45922bc888888,ca2-698cd40308a0d9b400f7
metadata_stripped_bytecode,84e7a6afa887fbbeb6e3f47787557013527ae55ecb826b21e3886311bb061341,1,1,1,False,False,bsc,0xe445654f3797c5ee36406dbe88fbaa0dfbddb2bb,ca2-d0b1ccc1d33cfcce8cbb
metadata_stripped_bytecode,84ecefc00a329161e45f747d7a69162388d89d8d3b0779024b3128c80814472f,1,1,1,False,False,bsc,0x7314729d691fd074dbba03ca3c6ef3be61b31d34,ca2-ca1ff798b4f84a39a35d
metadata_stripped_bytecode,850bb95628d34db38a128cc5a4377ab5e86a841c9c27bf13b541a35541a05058,1,1,1,False,False,bsc,0x384b9fb6e42dab87f3023d87ea1575499a69998e,ca2-bc3880c8e3766b6a9ca4
metadata_stripped_bytecode,851da229c40eb5fbfddd6bbbb8b34ea4f74ae9021b88f06a55a2b9dd71942ece,1,1,1,False,False,bsc,0xd4bbf439d3eab5155ca7c0537e583088fb4cfce8,ca2-293982257dd654edb222
metadata_stripped_bytecode,8614903ec37933eb4a2ef5976313ac69d278eb09636cb9e50b517f133676b4f7,1,1,1,False,False,ethereum,0x00000000000a47b1298f18cf67de547bbe0d723f,ca2-8bd96b9bd5ce07a9bc18
metadata_stripped_bytecode,8617380a2c4dd3186bd7094e675057b0ecba00f7ec18be1b2d9ce83eb47d5936,1,1,1,False,False,bsc,0xfeafe253802b77456b4627f8c2306a9cebb5d681,ca2-cfb8cf251b553eed2196
metadata_stripped_bytecode,8663b98a4d0539f88094769f287a61ea74eebe5cf69614f180b42eddb65972ea,1,1,1,False,False,ethereum,0xae60ac8e69414c2dc362d0e6a03af643d1d85b92,ca2-4c0faea601ab4a95ced8
metadata_stripped_bytecode,86d17aaebc43c2481c6650147b6a9d384e5558fb56120dbc67e559ab8477ac86,1,1,1,False,False,base,0x7f12d13b34f5f4f0a9449c16bcd42f0da47af200,ca2-470ed35ca97a31cab7dd
metadata_stripped_bytecode,870c67e313ce015a4f073ba7a7be674015ae8b6ef8a6cd01c7e4bf726e16d26e,2,1,2,False,True,bsc,0x16d0a151297a0393915239373897bcc955882110|0xadefb902cab716b8043c5231ae9a50b8b4ee7c4e,ca2-76efd7743f4d9234ff8d|ca2-98b03a49b7d20591238a
metadata_stripped_bytecode,875eb641f321a0f222ae3f9d714c072fbd85d1102fb68f45103e3a66788317e6,1,1,1,False,False,ethereum,0x5f0ad32c00641d1d2bb628ff341e0d4bb4494318,ca2-0064b472336ec4210007
metadata_stripped_bytecode,8a06dccb478e67b5c03d25f6cc69b97dee2071ca8ff9698f5caa858bc641627e,1,1,1,False,False,ethereum,0x4ae2cd1f5b8806a973953b76f9ce6d5fab9cdcfd,ca2-82c63f4f3f31559be9a8
metadata_stripped_bytecode,8abde77a16df7941eba9daec95410ccdb453d2d7540cea0be55c31daac947666,1,1,1,False,False,bsc,0xc6548caf18e20f88cc437a52b6d388b0d54d830d,ca2-83e922a7f39b2bc4b4b1
metadata_stripped_bytecode,8af7cbf877ec39c991e0abad028862f2aa9ee0939c8db35d5c53b7cc457695c3,1,1,1,False,False,bsc,0x1f8336aef584795e282fece8de356babd7734c59,ca2-6330139e9160d6464fd9
metadata_stripped_bytecode,8b5691741e7f5bb875b952da82ddb06a465a06216004de009f1c67a08ee87654,1,1,1,False,False,ethereum,0xf3a3648bb1da9d3aea107da77e6f5ba9cf313127,ca2-efe411bc9d7f06b1ba73
metadata_stripped_bytecode,8b9139d8dc22eff6182d03794e0ed3ba8da75fc7c6fdf13aeb1c76d1b7cbc286,1,1,1,False,False,ethereum,0xbbbbbbbbbb9cc5e90e3b3af64bdaf62c37eeffcb,ca2-2656a778ab34f3a823cd
metadata_stripped_bytecode,8c89f493af608d3a74a6e26f8a1dd1ea73220ca903a47a07ff1a3c243e25fb17,1,1,1,False,False,ethereum,0x759c6de5bca9ade8a1a2719a31553c4b7de02539,ca2-81ae1f51e833bf23db49
metadata_stripped_bytecode,8cd63ba63c661a72a758b98d85b7b776acdc3c173b2bf6114831e82b95cbd1de,1,1,1,False,False,bsc,0xe1e1aa58983f6b8ee8e4ecd206cea6578f036c21,ca2-f4c153bbeb9c3fff7e54
metadata_stripped_bytecode,8d37dc9cf6cb143edaa619a09ad7fe001e6127ad00501dba39ad6877d8c3f1e7,1,1,1,False,False,bsc,0x0025b42bfc22cbba6c02d23d4ec2abfcf6e014d4,ca2-91206b717060c4fd7b39
metadata_stripped_bytecode,8d486cfa8687870f3c9f3983f691ffab635eeb558ebb779d76d8c77ad604f163,1,1,1,False,False,bsc,0x6844ef18012a383c14e9a76a93602616ee9d6132,ca2-c5f49d371d24304e62b2
metadata_stripped_bytecode,8daee751b05b26da5f191c790f10ab688822fded828ba7dd435fe5c0fcf4dc05,1,1,1,False,False,bsc,0x3da0f00d5c4e544924bc7282e18497c4a4c92046,ca2-c6f760eb216df807a29b
metadata_stripped_bytecode,8dde27c822e473b0d7b25525df6d4fe55c7b6c2d5877add7cb3e48a3a890a75a,1,1,1,False,False,ethereum,0x85018cf6f53c8bbd03c3137e71f4fca226cda92c,ca2-6af08ae1ba1d426949bb
metadata_stripped_bytecode,8feea4a2624f7cc551bf45e4b024a5db5091bb8018e98d2bca301f9a0f219ba5,1,1,1,False,False,ethereum,0xf4a21ac7e51d17a0e1c8b59f7a98bb7a97806f14,ca2-92a135a9bdbd676ee494
metadata_stripped_bytecode,90866a2b6c86b793d841bbb196e63d3f21d597062697b940fcd732345c22f1e6,1,1,1,False,False,bsc,0x21ab8943380b752306abf4d49c203b011a89266b,ca2-ce552f38ab8199ed551d
metadata_stripped_bytecode,90a19c64629dd8e4ff334e10106520452c4ddb15265d7f516bf888fee6a32514,1,1,1,False,False,bsc,0x7bacb1c805cbbf7c4f74556a4b34fde7793d0887,ca2-ca180b9c5c90165fb523
metadata_stripped_bytecode,914f19e44f1f2a3dacb407db584ad2992a96ae4cf7faa3bdf5afba0c5b0352d3,1,1,1,False,False,bsc,0xb5a0ce3acd6ec557d39afdcbc93b07a1e1a9e3fa,ca2-444479add25939f22fc7
metadata_stripped_bytecode,9182941320670d837db909af46020f47b934b10edfca2c1f94539ba149a3d2a4,1,1,1,False,False,bsc,0x94e06c77b02ade8341489ab9a23451f68c13ec1c,ca2-36def0144d519bbc5d86
metadata_stripped_bytecode,91869542eaedac01050b308527fde4d2b9a6a85c0dfc7b64ebf093a227343720,1,1,1,False,False,bsc,0x9823e10a0bf6f64f59964be1a7f83090bf5728ab,ca2-c066d2de3bfd20c10ce0
metadata_stripped_bytecode,91893eee4d29a49392cad5e2e97af5ba39897854b75d33fbac9bb44f17e15b1c,1,1,1,False,False,bsc,0xa5957e0e2565dc93880da7be32abcbdf55788888,ca2-d6ba3397ed249bc3a420
metadata_stripped_bytecode,918a3e8d76d4c602b94b3d31d2ac12ce2f5ccf8aa1d3280d220e171adda5fb66,1,1,1,False,False,bsc,0xb6fa6f1dcd686f4a573fd243a6fabb4ba36ba98c,ca2-7d57548f67767829ee9a
metadata_stripped_bytecode,92637db4736a3ab38d6dd5d942dedcf8147e5a6708c2fba6b81da07eb3296d8f,1,1,1,False,False,ethereum,0x3335a88bb18fd3b6824b59af62b50ce494143333,ca2-4ab53dc147bf1894e356
metadata_stripped_bytecode,93760c0d2e5bdc35ee5f7a7ce3c333106930eb9abe47119dc75d4e0d9f7057b1,1,1,1,False,False,bsc,0xd3d4b46db01c006fb165879f343fc13174a1ceeb,ca2-d78f4dfccb15753abb19
metadata_stripped_bytecode,940ac6c0da44c1361d70c2fc2d0b54a87a3fb64a2c0b291ae620549237a9efd0,1,1,1,False,False,ethereum,0xeda47e13fd1192e32226753dc2261c4a14908fb7,ca2-347a5ac7c8586f3866c1
metadata_stripped_bytecode,95da6b19ac2fafc89b08e2da63f89a53add05d81e723b6f544d0968886df03b9,1,1,1,False,False,ethereum,0xc0a6b8c534fad86df8fa1abb17084a70f86eddc1,ca2-54094307591338d2b28a
metadata_stripped_bytecode,96101a3e50c76a6e0ccf12eaad4a1359b4e829631fc7c9afe307e414509589af,1,1,1,False,False,bsc,0xd2f26200cd524db097cf4ab7cc2e5c38ab6ae5c9,ca2-b5392852b27dc3299291
metadata_stripped_bytecode,9633721a880b82802a478507ca988ca5b9e52aa2fd794be9a19d21f490a4b4a4,1,1,1,False,False,base,0x7b5969bb51fa3b002579d7ee41a454ac691716dc,ca2-0583d91c7785bb31ad8f
metadata_stripped_bytecode,96aa3b8dda897345012f1df1f5603a9b3b35de666a4e361bc98d684837a2bded,1,1,1,False,False,ethereum,0xc9f27a50f82571c1c8423a42970613b8dbda14ef,ca2-c5ce6bf171451010d578
metadata_stripped_bytecode,973987be52bbdb0531429568e6678e8fe13745e92bc13c593a5fe27d49b09ac9,1,1,1,False,False,bsc,0x17bd2e09fa4585c15749f40bb32a6e3db58522ba,ca2-9b437de06c56cc873e8a
metadata_stripped_bytecode,97b0f99a59fd031ac17cbb11868bed5e218ce6d79ffdf3f6cdac0657dbe14f44,1,1,1,False,False,bsc,0xa943ea143cd7e79806d670f4a7cf08f8922a454f,ca2-36bcb163bd23551701cc
metadata_stripped_bytecode,99e6fb66a4167eb5f722c342979b6b298e15af9ba9b2ff5c923dbf8fb60e965d,1,1,1,False,False,bsc,0xc1bb12560468fb255a8e8431bdf883cc4cb3d278,ca2-21e1af0751214952c72b
metadata_stripped_bytecode,9ada68798dafdb5cf6c9e3941b253fc02aefd22ad289fbd0b6e148d509ca3e23,1,1,1,False,False,ethereum,0x9ab6b21cdf116f611110b048987e58894786c244,ca2-c7586710b826b2f08a35
metadata_stripped_bytecode,9c8461c481fd04d8ab0bac0603f1b2a36ebdd8f15585005c09d531257a6b94ec,1,1,1,False,False,bsc,0xf6876f6ab2637774804b85aecc17b434a2b57168,ca2-b9bec467ee94f3fb52c2
metadata_stripped_bytecode,9c91f7485fee10a08030d681ab2c3b2dbf68893cfb23495ca5a577391c281934,1,1,1,False,False,bsc,0x57db19127617b77c8abd9420b5a35502b59870d6,ca2-429b8f8a4d1baf287471
metadata_stripped_bytecode,9ce4a7cfc0733c85736401b608018b4ea1e242f114d9a6c156f39c08c545183d,1,1,1,False,False,ethereum,0x5f58058c0ec971492166763c8c22632b583f667f,ca2-0e06e67c5c9253228751
metadata_stripped_bytecode,9dbac6b118f15b618390f84e0f9839efe5f41f1931bc7391561efacd0d872654,1,1,1,False,False,ethereum,0x4deca517d6817b6510798b7328f2314d3003abac,ca2-96f82ac8ed9b6f3e4f14
metadata_stripped_bytecode,9e0fe73f4ead523f96d2f0c273c53a5d89ba8d614bfb11ee033446383fb02db4,1,1,1,False,False,bsc,0x493361d6164093936c86dcb35ad03b4c0d032076,ca2-7efff287d58605a4cc72
metadata_stripped_bytecode,9f41fe7063306ead631fcc38782b393dcb847ad0bf064f579064ba12c81fd00e,1,1,1,False,False,ethereum,0x531110418d8591c92e9cbbfc722db8ffb604fafd,ca2-4de34020e1fa2eaee68a
metadata_stripped_bytecode,a0c2ef4ba4c9ee3da50c1e32f2eef50189188f44aa8ec5fc0fd9bd5d4a679f84,1,1,1,False,False,ethereum,0x4d4d05e1205e3a412ae1469c99e0d954113aa76f,ca2-8521e5ce73f00a1df2b0
metadata_stripped_bytecode,a1163760025a90bb135dc93303b59c917ab3f71fd132ad47ac0b72e3a5b427cc,1,1,1,False,False,bsc,0xdb103fd28ca4b18115f5ce908baaeed7e0f1f101,ca2-522ebe1e13a3ab2c2fe8
metadata_stripped_bytecode,a183d9ec920409137bd5684a1adeaa02fcd6e941b96e22cb574fe07d2c07d266,2,1,2,False,True,ethereum,0x7f3fe9d492a9a60aebb06d82cba23c6f32cad10b|0xb983e01458529665007ff7e0cddecdb74b967eb6,ca2-22e8cd13c63b74bc9bbc|ca2-9f2e70a7938c45f70a82
metadata_stripped_bytecode,a1ee11ade351b6674d8ccb7ffa98ddc9967d9a191737081cb4f8d0b48ee974e7,1,1,1,False,False,bsc,0xbe779d420b7d573c08eee226b9958737b6218888,ca2-9ccf44443a293b02fdd3
metadata_stripped_bytecode,a22504e00edec29e771e0541f538d26dee4c82ef403a66af8c84b6e0705eae49,1,1,1,False,False,ethereum,0xf10bc5be84640236c71173d1809038af4ee19002,ca2-194c50c55dd95140a294
metadata_stripped_bytecode,a279512e0068a4826947c4534c2c865f8043d9e84c66686a9591c46b5ec888a0,1,1,1,False,False,bsc,0xd309f0fd5c3b90ecfb7024ede7d329d9582492c5,ca2-b7fe5ed86edfbd9edb3a
metadata_stripped_bytecode,a67ad085b3bcb435c19c9f39d9ec5e1fb0c2145ed22cb26bead86e93940bb4f8,1,1,1,False,False,bsc,0x028c911c10c9e346158206991e02d09bd0a8a35b,ca2-33876c68131f30cf0f4a
metadata_stripped_bytecode,a6f9c4d4cc70e18ec377b23dc33b76ed7d0ba923e3204b9af5555f3b41afa9b3,1,1,1,False,False,bsc,0x6ce69d7146dbaae18c11c36d8d94428623b29d5a,ca2-b54a80c704cbcc128875
metadata_stripped_bytecode,a76dfb768a8208eb3c8a4e33d24c5d16d65c7465b0c20e9692611203ec69c96e,1,1,1,False,False,ethereum,0xf5140fc35c6f94d02d7466f793feb0216082d7e5,ca2-5c6b3bca3311000683b6
metadata_stripped_bytecode,a8dd6576e26d22e9adc2069144ea2869ff3df319f1a6dfbbda96c2c0ee766ca9,1,1,1,False,False,ethereum,0xacd43e627e64355f1861cec6d3a6688b31a6f952,ca2-b6eef501c6bfb6ae40e1
metadata_stripped_bytecode,a9c0941861056920e909b3ae803584e1688ee04edb4c8de75e6691b2e0967b2b,1,1,1,False,False,bsc,0xf436f8fe7b26d87eb74e5446acec2e8ad4075e47,ca2-35c4477f5ae385f13b96
metadata_stripped_bytecode,a9d288c89089c42f954f41ff52124bc761945a99c9308a65b168b255e3e82037,1,1,1,False,False,bsc,0xd55f01b4b51b7f48912cd8ca3cdd8070a1a9dba5,ca2-cc09312220e115bde016
metadata_stripped_bytecode,a9e9f47e85bce0571f5933d7bee02de9201c3766c8d14409c13c54e7092e7816,9,2,9,True,True,bsc|ethereum,0x20e5e35ba29dc3b540a1aee781d0814d5c77bce6|0x34bd6dba456bc31c2b3393e499fa10bed32a9370|0x6b869795937dd2b6f4e03d5a0ffd07a8ad8c095b|0x6f40a3d0c89cffdc8a1af212a019c220a295e9bb|0xa8987285e100a8b557f06a7889f79e0064b359f2|0xbdb515028a6fa6cd1634b5a9651184494abfd336|0xc36a7887786389405ea8da0b87602ae3902b88a1|0xd45740ab9ec920bedbd9bab2e863519e59731941|0xe613c058701c768e0d04d1bf8e6a6dc1a0c6d48a,ca2-29064c97bd3050d5cc0b|ca2-55d26359a2d08ac915c0|ca2-6123dfbf4db930b4d1d5|ca2-62fc7b9b9ac57e1b7351|ca2-99c425ac31ee8abd76f2|ca2-9ed4dcb42bc3e395722f|ca2-a20ccf47b4d8c4cfab79|ca2-c6799af1babe7f32f44f|ca2-ca3ec401a279f9b471a6
metadata_stripped_bytecode,acec786efd5443d3e3c8afd0c965a9fcc8c2d71f04618ce715314e6f7b10d5f6,1,1,1,False,False,ethereum,0x5d94309e5a0090b165fa4181519701637b6daeba,ca2-cf529333b32b69e4842e
metadata_stripped_bytecode,acfbb0461e317c2e89b94d3b937e7ef69ae193aefc08fed29b61595c0e513943,1,1,1,False,False,ethereum,0xde62e1b0edaa55aac5ffbe21984d321706418024,ca2-12f0d5e40474ef0de502
metadata_stripped_bytecode,adedd3b42c412842999739844a78c8689e7496eecfef420c00e3f85aac4523d4,1,1,1,False,False,bsc,0xca11bde05977b3631167028862be2a173976ca11,ca2-3b5e98c9b74a83f683a0
metadata_stripped_bytecode,aeffb3d7a0fdc60c8642c7c5292aec71eb8ffc34c5a1ba9319c082a1fd3dc3ea,1,1,1,False,False,ethereum,0x1880d832aa283d05b8eab68877717e25fbd550bb,ca2-2dee2c2a8e814aa3fa88
metadata_stripped_bytecode,af40412b5306055b4762d351703bcd5865d9e57fcf027d631df3f3bb8f5a28b9,1,1,1,False,False,bsc,0xc98e183d2e975f0567115cb13af893f0e3c0d0bd,ca2-7455b4981f74c1b4c51e
metadata_stripped_bytecode,af96106595c9196b723190024c454537aed232ed32d81e5c5437868435990b3b,1,1,1,False,False,bsc,0x8785bb8deae13783b24d7afe250d42ea7d7e9d72,ca2-4565d5902877fc12ffa7
metadata_stripped_bytecode,b0229762ad29a197497e046f245eb8b437d67e6cb860ca992acac6452e378ae7,1,1,1,False,False,bsc,0x4bbb53252b0cee84e6824e85989ea2eddeec25f1,ca2-a1560cfd50c54f038ab4
metadata_stripped_bytecode,b0b709b9327cec3270682dc89241794957a8e0ae3d56535bcd79a2f4aa250efc,1,1,1,False,False,ethereum,0xa3d0e72c8a2fe9127a77412bf34bee5e4945bd49,ca2-ba570d8f796dcaeae5f2
metadata_stripped_bytecode,b2cc8410c03ca5c522526b9fbf9c33b0d22e545a53e75fe36245b80c8a247919,1,1,1,False,False,ethereum,0xb276647e70cb3b81a1ca302cf8de280ff0ce5799,ca2-3ce3786a7c84825faed0
metadata_stripped_bytecode,b3665b95b76953c29786c6286b95594547973f447be710f3d39a360eb154b7b7,1,1,1,False,False,bsc,0xdd9b223aec6ea56567a62f21ff89585ff125632c,ca2-d08064284319f9724001
metadata_stripped_bytecode,b3b56045472bbe19cc37db83c5bbd61a7fd3326f0cb1b8922453a4d49ac6aca0,1,1,1,False,False,bsc,0x70873211cb64c1d4ec027ea63a399a7d07c4085b,ca2-549aa2c44edd65acedb7
metadata_stripped_bytecode,b4bad90d2ffb912f38083f8d0c274baee054ed4e16d62cc4a889e1c325693166,2,1,1,False,False,ethereum,0xbb787d6243a8d450659e09ea6fd82f1c859691e9,ca2-4b9009f78d24b677e07e|ca2-ed5ea743787aecff1e56
metadata_stripped_bytecode,b6898673205d44564100172ad5276f3ef96e7a97fe050a37efc4cea4d0eb251a,1,1,1,False,False,ethereum,0xe0b94a7bb45dd905c79bb1992c9879f40f1caed5,ca2-2d1d603841d5194ab452
metadata_stripped_bytecode,b69e7bed5bbc40140d9b5da36eca3aa9330db6ad2b2fbeef9a6b922330b29387,1,1,1,False,False,ethereum,0x9f72dc67cec672bb99e3d02cbea0a21536a2b657,ca2-7f64659ac37a0996268b
metadata_stripped_bytecode,b6ebfdb326e60f04ac6fbb4bb51b6ededed32158bd1fcc0bb97a3f827200b674,1,1,1,False,False,ethereum,0x0eee3e3828a45f7601d5f54bf49bb01d1a9df5ea,ca2-57582b3e77f95ed74d3f
metadata_stripped_bytecode,b73f41a7cc568691dfcaf245a5d1364492bc439223d4b4c386d16c0cdb9755c9,1,1,1,False,False,bsc,0x72c114a1a4abc65be2be3e356eede296dbb8ba4c,ca2-a2f6f3e29675d1bc32f6
metadata_stripped_bytecode,b81dee880506ecb9f38abdb7a97d2f5b1ab0329b76565c17fc88dc479a404140,1,1,1,False,False,bsc,0x02d841b976298dcd37ed6cc59f75d9dd39a3690c,ca2-cd8110008dfe201e0222
metadata_stripped_bytecode,b8697de3d5fde7c207e34833e6e1cf567e7c032ce09ecbd37bcfa6565a44e2ce,1,1,1,False,False,ethereum,0xad444663c6c92b497225c6ce65fee2e7f78bfb86,ca2-aa939f9f7f959ce19c8f
metadata_stripped_bytecode,b8d48771e85769584501fdbac6d3baba47ccfe664a309d0cf99564ac47ec495a,1,1,1,False,False,ethereum,0x6b7a87899490ece95443e979ca9485cbe7e71522,ca2-a3eb07131d27e069a3d8
metadata_stripped_bytecode,ba31e22e0f509d958eccb86a1c4cd1ffe909d5f4de5796ec4bc9be08978d45b6,1,1,1,False,False,bsc,0xfadda925e10d07430f5d7461689fd90d3d81bb48,ca2-4cd0e024b3073b041691
metadata_stripped_bytecode,bad41c17403a1c7be3156399b3e89bf931c3611623815840a999d7c7c945906c,1,1,1,False,False,bsc,0xc321ac21a07b3d593b269acdace69c3762ca2dd0,ca2-b89108fafba359a9828c
metadata_stripped_bytecode,bb899e511020bec9a47af673c1bfc4c5ce3530918afc4aa6199877056fcd449a,1,1,1,False,False,bsc,0xcff086ead392ccb39c49ecda8c974ad5238452ac,ca2-f6ff26fef2c7c8239a54
metadata_stripped_bytecode,bbce36187d94ddc18fb016a9adfd0382d1e80f71ddd476bdb0e7b28911a04ee2,1,1,1,False,False,bsc,0x99855380e5f48db0a6babeae312b80885a816dce,ca2-ca16a95de7b24c723e35
metadata_stripped_bytecode,bc47d839fa04dce40b26a28f9cf89809f047d0b225e167206d2f11eaafc6d49a,1,1,1,False,False,bsc,0x5e5e28029ef37fc97ffb763c4ac1f532bbd4c7a2,ca2-9b3232b290b3e5a209ad
metadata_stripped_bytecode,be885f8b6f92ec631f462af593fea5ea616d228a5698cedd1541dd04b8796b85,1,1,1,False,False,bsc,0x1befe6f3f0e8edd2d4d15cae97baee01e51ea4a4,ca2-2c7f349f1a1765272f4b
metadata_stripped_bytecode,bec38091647b73980405d6330564da5dec82211fbaa7b6c160d3a5d2eefe1632,1,1,1,False,False,ethereum,0x4622aff8e521a444c9301da0efd05f6b482221b8,ca2-5a019aa2bc528c73de90
metadata_stripped_bytecode,bfefea1e6374d83db5d99e551da3d8a052abc1912c8f18bb1273d1910dec9d10,1,1,1,False,False,ethereum,0x2b083beaac310cc5e190b1d2507038ccb03e7606,ca2-5c90f11e08cf22426454
metadata_stripped_bytecode,c055429b94fd927769a008dbf280207e2d10170bce9ed638cec3eea858e2f1fa,1,1,1,False,False,bsc,0x29ee4526e3a4078ce37762dc864424a089ebba11,ca2-fdb8417e3a94f2d5fc68
metadata_stripped_bytecode,c0def68cc0195dc9ddc3904c194d32fd4154e9834be52560f8f184668a9ae5ae,1,1,1,False,False,ethereum,0xe4764f9cd8ecc9659d3abf35259638b20ac536e4,ca2-aa99cf4dbaf4c7bb8459
metadata_stripped_bytecode,c0feea81dde2f7c7ff83970f42690051177ae29adfc15e1ac810e03b4ffa81c9,1,1,1,False,False,bsc,0xe4997f98e84c1891e7b57069e177fccf5f4f6094,ca2-37b12c1f2e2b7af31377
metadata_stripped_bytecode,c119ca3a47c7a854add5430f89dd93b5557280e61bdea0ad56c547ec14c5340c,1,1,1,False,False,ethereum,0x05999eb831ae28ca920ce645a5164fbdb1d74fe9,ca2-f4910903d7134e1d631f
metadata_stripped_bytecode,c145d26ad7d94fb3299995fd536cce48ee93a0b2276f0d34b1c7c20de2cc78ec,1,1,1,False,False,bsc,0x5fbbb391d54f4fb1d1cf18310c93d400bc80042e,ca2-3626b19eb243950f0171
metadata_stripped_bytecode,c16e2bc6e3cce97f74dc7fee2b97fd4951c954e8219d810af1bae8b6ba731dec,1,1,1,False,False,ethereum,0x044b75f554b886a065b9567891e45c79542d7357,ca2-59fefab120e73557ebbd
metadata_stripped_bytecode,c245b77406d83ba61ede124537041a573311691e93953c127351d673918e0826,1,1,1,False,False,ethereum,0xe11fc0b43ab98eb91e9836129d1ee7c3bc95df50,ca2-b68f8de37da66632724d
metadata_stripped_bytecode,c2bdb1e460450dd09d3054e006022c29aae95aa6ca2f6b5664b3cb8f3c568b7c,1,1,1,False,False,ethereum,0xf2c8e860ca12cde3f3195423ecf54427a4f30916,ca2-a21d0869309e8d547595
metadata_stripped_bytecode,c45afdc4bc9a95584fc797e2dc81f1f317072b26f38f2e18f7b9bd1b8aa74b8d,1,1,1,False,False,ethereum,0x280a8955a11fcd81d72ba1f99d265a48ce39ac2e,ca2-a7021cd43eafc6f1fd33
metadata_stripped_bytecode,c45f14e90190214cc736164ae3907c0447fdfaa23a87ff0cff608172c0dd9c9a,1,1,1,False,False,bsc,0xc10e0319337c7f83342424df72e73a70a29579b2,ca2-f869139a8dcac0542bd9
metadata_stripped_bytecode,c4ed492600a10339a8b536ab3ba5c93073793b2d9b03f4dbad0f860621bdc42c,1,1,1,False,False,ethereum,0x8ebd6c7d2b79ca4dc5fbdec239a8bb0f214212b8,ca2-0214cb74200856148943
metadata_stripped_bytecode,c61b37783fdf1d7cfd2cb26c657243fdc226db6e3beabc1637a35787eea17048,1,1,1,False,False,bsc,0x64f291de10ecd36d5f7b64aaebc70943cface28e,ca2-e017525389c5fba3ce28
metadata_stripped_bytecode,c704a6b37f37db51fc8b4287f364e671f94d52252231872e911178d15139f869,1,1,1,False,False,bsc,0xe7748fce1d1e2f2fd2dddb5074bd074745dda8ea,ca2-8accf6f062f57db1f918
metadata_stripped_bytecode,c74bc6818f03e737811d65ceae088ddf101430d9282adc6be5ca075bf8283ace,1,1,1,False,False,bsc,0x1bf7fe7568211ecff68b6bc7ccad31ecd8fe8092,ca2-42dc2e766a267767f0d8
metadata_stripped_bytecode,c77592aac15a0cbc9817dae4496968f1469474dd65c6a46caf790c0880b959b4,1,1,1,False,False,bsc,0x564d4126af2b195ffaa7fb470ed658b1d9d07a54,ca2-003bb3e01f9c7c13410b
metadata_stripped_bytecode,c95568e8171a687c72d8824c183f51b2f628f3ac051389bf2e4ff16bbb736229,1,1,1,False,False,ethereum,0x5fdbcd61bc9bd4b6d3fd1f49a5d253165ea11750,ca2-252276d076fbf17cb546
metadata_stripped_bytecode,c9f476393f12a8fd7f3d4b62c958bc82676a398df421f32bf03c74937d8f3b50,1,1,1,False,False,ethereum,0xe77ec1bf3a5c95bfe3be7bdbacfe3ac1c7e454cd,ca2-122f147da75159901ea0
metadata_stripped_bytecode,ca0e3ce1c35bdf2985e74217bdd1189264128213c2ca4b5a8b7b1dc43f0749d2,1,1,1,False,False,bsc,0xb1da08c472567eb0ec19639b1822f578d39f3333,ca2-59c27a09402366528ab6
metadata_stripped_bytecode,ca1284b272c9223d4cc1f976ca4b5ff19df662c6d8e64428a12b69fadb66e14b,1,1,1,False,False,ethereum,0x439cac149b935ae1d726569800972e1669d17094,ca2-5675dfa92c14429a4b9f
metadata_stripped_bytecode,ca7817e4e76f5e48e6d9c7a296dd1a1c1c328e927b5a2a02042b10ccee41416e,1,1,1,False,False,bsc,0xee6de822159765daf0fd72d71529d7ab026ec2f2,ca2-9a214e9ce45a57c562e3
metadata_stripped_bytecode,caf0475926248ff4f6d3edfe51c1832397c25c5be73be2db52d627d1c8bd43f2,1,1,1,False,False,ethereum,0x05641e33fd15baf819729df55500b07b82eb8e89,ca2-b47e7dc1b2b6c8992cce
metadata_stripped_bytecode,cb5f85c1ac37b31ab8b532957f57ffabbe093a66744298b7a7a99f5ee1af7109,1,1,1,False,False,ethereum,0x879e993e2e37de3b47f38c13858e1f337d51448b,ca2-5600aac7a0790bee4d8c
metadata_stripped_bytecode,cc8e3afdfa2f07d19656ead5787424953d523ab1ebd18af1140c2e4e34fab3e7,2,1,1,False,False,ethereum,0x37e49bf3749513a02fa535f0cbc383796e8107e4,ca2-a8ad072cb3fd37a5cfca|ca2-fb44a0ed0d7b6f375c60
metadata_stripped_bytecode,cd34fe55ec67497814dbf1eff7f622d5ec2f9300d92e5d54b7c7c33114f54e64,1,1,1,False,False,bsc,0x27539b1dee647b38e1b987c41c5336b1a8dce663,ca2-60b7a39b3acbf3ed1937
metadata_stripped_bytecode,cd3eb32bf489102a58b35cb1b3b21e53be4f6935198b580b89b403e62f988eb4,1,1,1,False,False,ethereum,0xd3c41c85be295607e8ea5c58487ec5894300ee67,ca2-1579de76f9bed10399a7
metadata_stripped_bytecode,cd6bd670ef0823da63dd1c85fde3a838c03db8273cb324160d8b74d3e95ee042,1,1,1,False,False,ethereum,0xcb3b879ab11f825885d5add8bf3672596d35197c,ca2-0f2e70bb64b6ee9426eb
metadata_stripped_bytecode,cdd49111fc3990de4e1dce8b0309e131e91286b6383e5e4c7d44f1861ac84f79,1,1,1,False,False,ethereum,0xb91ae2c8365fd45030aba84a4666c4db074e53e7,ca2-c18bc2a1d0fa9e55db58
metadata_stripped_bytecode,ce30c4d194c5282a83e422b1727c610f1981b22ade100fcc00ba97bc67b3bb57,1,1,1,False,False,ethereum,0x46161158b1947d9149e066d6d31af1283b2d377c,ca2-7ab9ecf055348c803def
metadata_stripped_bytecode,cf552930f71b1fd768bbb7cb256f13016632a8df239689c3ff8ea0195896ad64,1,1,1,False,False,base,0xec942be8a8114bfd0396a5052c36027f2ca6a9d0,ca2-b4208a8c5bb1d965b99f
metadata_stripped_bytecode,cf6d34aba342588de66e2f6ba95a4ce2eb46f919adf64ab19c2b7a043c1da3ad,1,1,1,False,False,ethereum,0xf00a38376c8668fc1f3cd3daeef42e0e44a7fcdb,ca2-9f5117e07b7b2d16ed22
metadata_stripped_bytecode,d0af6f64e4e19fc4bb580800988885aed019c5aac18915dbff3eb91147a4c205,1,1,1,False,False,bsc,0x0fc91b6fea2e7a827a8c99c91101ed36c638521b,ca2-c5014cea82de5130aa96
metadata_stripped_bytecode,d10dd2fa2470942aa0c41df642d505feaecc335567b2f137e0197ce5f83525e5,1,1,1,False,False,ethereum,0x317aa10528ff675ef4c358ea6a5b7b5494325733,ca2-637d0856b7b1d9ca4dbd
metadata_stripped_bytecode,d1bfeb2f10bd9f3e873ae7a0f0bb64c1f6fd984f583ef00ae293b872bd511bb9,1,1,1,False,False,bsc,0x80df77b2ae5828ff499a735ee823d6cd7cf95f5a,ca2-42413804b9b826875275
metadata_stripped_bytecode,d20783f15f1c955f43d8505d2018712f608166ed47219286cef2278b3f318367,1,1,1,False,False,arbitrum,0xf7ca7384cc6619866749955065f17bedd3ed80bc,ca2-40ca8a9aca77ecfbfe71
metadata_stripped_bytecode,d31ee3b15ff62d88acc5a151dd3bca84fb8ac470a3013bd89c5b22348bd440c6,1,1,1,False,False,bsc,0x061944c0f3c2d7dabafb50813efb05c4e0c952e1,ca2-382283494db3462edcb4
metadata_stripped_bytecode,d401ebc8809503a4c44afd14b5ed29a12e574fd851031119e9bab76ae40d9bf7,1,1,1,False,False,ethereum,0xe38b72d6595fd3885d1d2f770aa23e94757f91a1,ca2-a675d1938359eba4234f
metadata_stripped_bytecode,d45092df32e2eb5fede974e5e03343b59ecd0b04ae68c7adb267a0db6e4f7739,2,1,1,False,False,bsc,0xae975a25646e6eb859615d0a147b909c13d31fed,ca2-96f365accfda88170b34|ca2-aa385c0e97d08a3f6364
metadata_stripped_bytecode,d4673b20980393bf9154b0ddc804257e26884510de5f120652fdabfb323d082a,2,1,1,False,False,bsc,0x4726010da871f4b57b5031e3ea48bde961f122aa,ca2-61379f018c08925d7ecc|ca2-87e3cee3e857278adb8f
metadata_stripped_bytecode,d4fede722e8ddab1b5b76f594f380dc0813919e04362e99ee5c699d83474fed4,1,1,1,False,False,ethereum,0x8390a1da07e376ef7add4be859ba74fb83aa02d5,ca2-e095e5dbb9687595e5ee
metadata_stripped_bytecode,d5d25c4631a9b7014a0bda430a4202c9215424d00c6bf802d282a28754f2e80c,1,1,1,False,False,bsc,0xce1b3e5087e8215876af976032382dd338cf8401,ca2-5ec981d26607ce3dec41
metadata_stripped_bytecode,d5e73ae065b83b7b9cbac221036539be63438bddf79fba6147a1fc66fd6b95fd,1,1,1,False,False,bsc,0xb7e1d1372f2880373d7c5a931cdbaa73c38663c6,ca2-a40aff558c4a5d19fdb1
metadata_stripped_bytecode,d8326f6d58ba0d4a0fbf4d7cfdbb29fe8a94a2ac3e2f88774694003f189e25a3,1,1,1,False,False,bsc,0xf887a2dac0dd432997c970bce597a94ead4a8c25,ca2-9ab8788d5d7ac2a3947b
metadata_stripped_bytecode,d863ee2961ec18f4626200616fbe06401a5a83b5891d0e00ec0ed35ec61d9e7f,1,1,1,False,False,bsc,0x633fa755a83b015cccdc451f82c57ea0bd32b4b4,ca2-ac986ab36ff83135b05f
metadata_stripped_bytecode,d937ffcb777dd0b2c68f1aee71e643c614e61cd4056803465bc2d3c832f69e67,1,1,1,False,False,bsc,0x26f1457f067bf26881f311833391b52ca871a4b5,ca2-cb9d62babfef067f9bc8
metadata_stripped_bytecode,d98cabdeec2c2ed001c1a4f97211e8bce6a99b5dd374c3e6b736e5cb40c412b9,1,1,1,False,False,bsc,0x62951cad7659393bf07fbe790cf898a3b6d317cb,ca2-f4a91ff1efea083dedab
metadata_stripped_bytecode,d9fd7ffff73b4031637c5e4f5d335e9e5f46942e2c3da8f1d41d8f0c8c7c4a4a,1,1,1,False,False,ethereum,0x2db6c82ce72c8d7d770ba1b5f5ed0b6e075066d6,ca2-8c56561fae063cde5971
metadata_stripped_bytecode,da57b27644dbbc089a8d6b16a814af8c0d53bd42ea4e561fc0e4785084ddd46a,1,1,1,False,False,ethereum,0xa62f9c5af106feee069f38de51098d9d81b90572,ca2-511b838cc3ae7420a912
metadata_stripped_bytecode,dc1c36a93acb2342d73d0e8cdd10a923dd5e746786ca9264eaf28bb9b7d8e377,1,1,1,False,False,ethereum,0x9210f1204b5a24742eba12f710636d76240df3d0,ca2-3049d2889726467cfdcb
metadata_stripped_bytecode,dd11d5255249ef7a593764fbddfe3e5b45d0855db11d23c71ce4ee90a157f7f5,1,1,1,False,False,bsc,0x84be9475051a08ee5364fba44de7fe83a5ecc4f1,ca2-b15231d961b437b62264
metadata_stripped_bytecode,dd3ec8099f848e2875c2cb8f9ba69dab18488590cde7823aa442aa1b7b41000f,1,1,1,False,False,bsc,0x32dffc3fe8e3ef3571bf8a72c0d0015c5373f41d,ca2-a517ebcd851bcd0a26cd
metadata_stripped_bytecode,dd5fd29a1a40da1005a9f26caed56d8896f1341bb776781d792e8441ef4ec1f0,1,1,1,False,False,bsc,0x495670e5a43ce393597952b2fe944036e6785baf,ca2-5015a9e901810cc6c613
metadata_stripped_bytecode,dde245c3fd81f5b36c8538b4677ae3117e2b514ddd74240f76e494348b19ea6b,1,1,1,False,False,bsc,0x2c25aee99ed08a61e7407a5674bc2d1a72b5d8e3,ca2-31fe70569e5c85e1450b
metadata_stripped_bytecode,de1bc08391adf60aa79c881f472ab4a984da09f02b2bb468ab397cf1cbac01ad,1,1,1,False,False,bsc,0xb3a636ac4c271e6cd962cad98eae9cf71f5a49c8,ca2-0d94b0dee68d0b41352e
metadata_stripped_bytecode,de29825107356eda0575b2bd60465eb36add96c9e676c0cdcf8d6682c35d37c3,2,1,2,False,True,ethereum,0x7fcb7dac61ee35b3d4a51117a7c58d53f0a8a670|0xe3334e66634acf17b2b97ab560ec92d6861b25fa,ca2-50a6237be75e1de28124|ca2-de6d0211681a69ea1f52
metadata_stripped_bytecode,e0197e8d96a3b8b32120aedd14315e74d71cfac0c06fd41a7edb03dd12ba0e8d,1,1,1,False,False,bsc,0x86e06eafa6a1ea631eab51de500e3d474933739f,ca2-b742b64a4c493234640e
metadata_stripped_bytecode,e034b691959cbb2514414b8fc11eb84deaf809c3d2d2a7ba6759854ef19af9f0,1,1,1,False,False,bsc,0xe65e970f065643ba80e5822edff483a1d75263e3,ca2-a13694fcc2f9f05dda72
metadata_stripped_bytecode,e0875b266e906378eb77616457b4d314ed854dc4199a642b97c2585fe053f9ab,1,1,1,False,False,bsc,0xb192d4a737430aa61cea4ce9bfb6432f7d42592f,ca2-8a1aed9c839187cc890c
metadata_stripped_bytecode,e13c48c098e5673bb235b456b806ae4b0c59952377821393c380211cbd7c35fc,1,1,1,False,False,ethereum,0xcc5fda5e3ca925bd0bb428c8b2669496ee43067e,ca2-220124d062a8c71c63c5
metadata_stripped_bytecode,e1747372888fc5785acfcee3631e533c08196bb1efe8f21b1ba9183a14c573be,1,1,1,False,False,ethereum,0x800cfd4a2ba8ce93ea2cc814fce26c3635169017,ca2-8f2514150efc980c9183
metadata_stripped_bytecode,e183c18190e3a533bb95dc9f2aa38996a68f75e5f6537a813d7b0da2527e1801,1,1,1,False,False,ethereum,0x6847259b2b3a4c17e7c43c54409810af48ba5210,ca2-3843aa138b13af762925
metadata_stripped_bytecode,e2a9a383f0d237595ab261e1deca56ab305225bccfc091f8b6a87c0ca1eba86f,1,1,1,False,False,ethereum,0x2405913d54fc46eeaf3fb092bfb099f46803872f,ca2-9653ab400e10fa0c044d
metadata_stripped_bytecode,e3042c195fd3bfd6c5ce2190f924d5e874e96f9aeb45eadba2e820fbe71003f3,1,1,1,False,False,ethereum,0xc310e760778ecbca4c65b6c559874757a4c4ece0,ca2-a9052dd43a76ce42a994
metadata_stripped_bytecode,e3e265573ae71cf116c3b0fd2a2640642d4801eb5baf7d470c8446812bd7f74a,1,1,1,False,False,ethereum,0x765277eebeca2e31912c9946eae1021199b39c61,ca2-759d84cb92c4b203c71e
metadata_stripped_bytecode,e44f909afd2ca33ebe9f565053f2dc70f778b01068dfa672709fb6e2d784a5bc,1,1,1,False,False,ethereum,0xe7597f774fd0a15a617894dc39d45a28b97afa4f,ca2-a6061f6cad3a5884d6d4
metadata_stripped_bytecode,e52d1dd3cb29f0a2abfdac020e44a88a4cae7f0eccb15d45855fb368b448be8a,1,1,1,False,False,ethereum,0x364f17a23ae4350319b7491224d10df5796190bc,ca2-dcbeec1a974442a079de
metadata_stripped_bytecode,e5c94cb0e80bb00adac4ef42af882d01c9e0f28c75fc80e333072519f7fe52a4,1,1,1,False,False,bsc,0x21125d94cfe886e7179c8d2fe8c1ea8d57c73e0e,ca2-56bcc5cdf2d34dd9c4fb
metadata_stripped_bytecode,e6ef3a9a29c6897f651f81c3e7b8cdc648fe8b77399173d975d47830c28033ff,1,1,1,False,False,ethereum,0xc9fa8f4cfd11559b50c5c7f6672b9eea2757e1bd,ca2-c5f9905c03ee273e260f
metadata_stripped_bytecode,e75ae6cdfd0b4e688605c1d0f512f0708f5ad816342c59ddcca1a90b3a22c251,1,1,1,False,False,bsc,0xa2268fcc2fe7a2bb755fbe5a7b3ac346ddfedb9b,ca2-196bde1bc084a841e794
metadata_stripped_bytecode,e78c434786f1962bef9c2a92eca769c33b00f2fefef9856122276d40f6bda5b0,1,1,1,False,False,bsc,0x80121da952a74c06adc1d7f85a237089b57af347,ca2-5d29f9c5eb314dcba612
metadata_stripped_bytecode,e7a7acd60eb7e65cad644807ded009fbfbcf6f91b13bf81ac7eef28fca0ca1b4,1,1,1,False,False,ethereum,0xde46fcf6ab7559e4355b8ee3d7fba0f2730cddd8,ca2-bd6decf7c8f8dfbaca40
metadata_stripped_bytecode,e8111f4f258ca7d3d7796a705719f331477e8c0ff28b8da9e072d56d2c301d51,1,1,1,False,False,ethereum,0x40c31236b228935b0329eff066b1ad96e319595e,ca2-f52d9b4393b86654cabd
metadata_stripped_bytecode,e81f4169c2d18c154e7c1046f559e5c8a2e80c40648642a3b5088b8da4818628,1,1,1,False,False,bsc,0x518281f34dbf5b76e6cdd3908a6972e8ec49e345,ca2-0062515827b6285930f2
metadata_stripped_bytecode,e8f94bcb6222ea5a3f9da37216fc93bfb828ed9e94309dd07e40dd0b88285180,1,1,1,False,False,ethereum,0x5d16b8ba2a9a4eca6126635a6ffbf05b52727d50,ca2-fdd7dce161154c375fb2
metadata_stripped_bytecode,e905a3c17c60f89f6bd64e4d0b5c24a9fa724dd30256ed130d1bb4f5a454c3a0,1,1,1,False,False,base,0xcfe0de4a50c80b434092f87e106dfa40b71a5563,ca2-73f336f589a36742aed4
metadata_stripped_bytecode,e95e8864c97c21f05aef0f4d13b4a81cc89b5252e280d8123b068d9cddf79068,1,1,1,False,False,ethereum,0x9c87a5726e98f2f404cdd8ac8968e9b2c80c0967,ca2-da248926cc32b52fc5ad
metadata_stripped_bytecode,ea7f9def11a87f16e60b2678d6e61475ba9f7a630d855dce73fa84f83bb5c154,1,1,1,False,False,bsc,0x8fd3d01cc65ea0e4dfffde7ec8159dc99a177f0a,ca2-95b35bd7c797a707a0fe
metadata_stripped_bytecode,eb4f5b219dd3bf4e28d92ab999e1e65d065f3f14e6dbcd04a275398d6b6f3216,1,1,1,False,False,bsc,0x1ac5fac863c0a026e029b173f2ae4d33938ab473,ca2-5293bf48f2bcc29baaff
metadata_stripped_bytecode,ec2ef6abe31b3d7c87498c7cbfabc0ad3b335302a6562fe471615a69f8a8e7b5,1,1,1,False,False,ethereum,0xbb02a884621fb8f5bfd263a67f58b65df5b090f3,ca2-2ba749707a4aa17e7fd0
metadata_stripped_bytecode,ecae0ff910f7c7402ece4b6b013fda30eff3a5385e4ed3d1f386efa509c61ac9,1,1,1,False,False,ethereum,0xb3fb1d01b07a706736ca175f827e4f56021b85de,ca2-e6ddbcb4d936397b6ffe
metadata_stripped_bytecode,ed1537b6430a613254af7c7459132739120806373578c475e5506b43a4b46813,1,1,1,False,False,ethereum,0xaf274e912243b19b882f02d731dacd7cd13072d0,ca2-8920d085a4a666414df5
metadata_stripped_bytecode,ee6b1a9579b3f1b669cddc34b8239c837ff08d24ca9d4b50ebaa31c04b15ce68,1,1,1,False,False,bsc,0x8b7218cf6ac641382d7c723de8aa173e98a80196,ca2-9975357170a08c396c9a
metadata_stripped_bytecode,ee9e00abc203ff23c17ae85b76c6811667b898f144a1065dea85b344d33b9a1c,1,1,1,False,False,ethereum,0x824dcd7b044d60df2e89b1bb888e66d8bcf41491,ca2-c9253cf4e2d235460157
metadata_stripped_bytecode,ef7921bd4e57c48df7f5df6f51624bf737fcb24ac7163f1cbce816af8adc9f9c,1,1,1,False,False,bsc,0xc54aaecf5fa1b6c007d019a9d14dfb4a77cc3039,ca2-fa0880968324b82371e6
metadata_stripped_bytecode,ef7ac5d67ee3cbeca495bd816fdc6e0754b30b3f3a829c177db213ef5c95bebc,2,1,2,False,True,bsc,0x633e538ecf0bee1a18c2edfe10c4da0d6e71e77b|0xe9d1d2a27458378dd6c6f0b2c390807aed2217ca,ca2-7c6082cada48d720f171|ca2-7d8bff5c879f84e09ee4
metadata_stripped_bytecode,eff47174a9d8fee3fc9e1627e79bb9206d4e8ab1136859eac65c74c7bb2e6b10,1,1,1,False,False,ethereum,0xa44e79a2c9a8965e7a6fa77bf0ca8faf50e6c73e,ca2-87c7a2d034157234fe09
metadata_stripped_bytecode,f245f01ad78a2e8130468281126caaa20ae727d13d5b4c128260b24700e96042,1,1,1,False,False,ethereum,0x1231deb6f5749ef6ce6943a275a1d3e7486f4eae,ca2-deb8f1653a1510fb4c48
metadata_stripped_bytecode,f31aaa5cd1af940ea3cdcdfc31120b0b8ed67bc1075bc6d79455f5021f8a6325,1,1,1,False,False,bsc,0xa608985f5b40cdf6862bec775207f84280a91e3a,ca2-b76182b1e2e51faa9428
metadata_stripped_bytecode,f394625ff33d4e1f285b78711104b428e744c06a30d4527eb62bc0c1a8f21dec,1,1,1,False,False,bsc,0xb000f121a173d7dd638bb080fee669a2f3af9760,ca2-a5caf2554c14b71cf9ef
metadata_stripped_bytecode,f43b2053c3fb9837b2b937bed129ffaa3eee766cb7ba37048b3577d64c96ffe3,1,1,1,False,False,bsc,0x9d6d817ea5d4a69ff4c4509bea8f9b2534cec108,ca2-59a1cba91e5790395c7b
metadata_stripped_bytecode,f4eae0ea38ef88e97ebc5aa7505700eca89d5225243c43e46d422d27078926b1,1,1,1,False,False,ethereum,0x765b8d7cd8ff304f796f4b6fb1bcf78698333f6d,ca2-2f764ff5c7c146ad35b3
metadata_stripped_bytecode,f6ad37be6e737ca8563a43122bfb26da044b509b99227ca370bbe438bdb864f4,1,1,1,False,False,bsc,0x8a6f7834a9d60090668f5db33fec353a7fb4704b,ca2-11258a259a94c2ae2ec5
metadata_stripped_bytecode,f710d73f4c63a24dbad8f6adc16aed15566f205fcc1c12dc057b537f25536e5b,1,1,1,False,False,ethereum,0x04c80bb477890f3021f03b068238836ee20aa0b8,ca2-4f5a0a76d69326e4c2cd
metadata_stripped_bytecode,f7ccd2878824ff6ea9b41c5d92864aa30ce9fc925d8d18db5ef1acca58809022,1,1,1,False,False,bsc,0x9cb928bf50ed220ac8f703bce35be5ce7f56c99c,ca2-8f02fa85c8202388bdf3
metadata_stripped_bytecode,f8d09a3b080898ef37d0b29b034a2264a4d812379034aafe71e4c2fa3c7a13bd,1,1,1,False,False,base,0x6a0b87d6b74f7d5c92722f6a11714dbeda9f3895,ca2-5b927b3791414bdc410e
metadata_stripped_bytecode,f922178e326381c2faadb0743d237fb36394cb4a88343f750c6dfc0333c4d313,1,1,1,False,False,bsc,0xd990094a611c3de34664dd3664ebf979a1230fc1,ca2-0bc1321f2d440dbae4b1
metadata_stripped_bytecode,f92d87edbd606258386a7c3b86d4ab7bdec5e6f5474b9ea45ddfa94299f96d88,1,1,1,False,False,ethereum,0x6883fe4d2ee50941b80b41b8f7f9bf2561d844cc,ca2-c8dbe37642fb49490307
metadata_stripped_bytecode,f93c61e8b3de6073221f7fd5f8d071204e4943bcc8b4f4150a9634aa79da21aa,1,1,1,False,False,bsc,0x977087422c008233615b572fbc3f209ed300063a,ca2-001b14467ef9b84b416a
metadata_stripped_bytecode,f9ff7ce56cdd21d72eaf487860b896c247b1d846b92e55c40376c8b5478ded5d,1,1,1,False,False,bsc,0x664201579057f50d23820d20558f4b61bd80bdda,ca2-fe0426b19503c34e1f18
metadata_stripped_bytecode,fb69849fbc221931c50be19c9d52035a5e7747bb0261b6dfdeb1599fb616ec62,1,1,1,False,False,bsc,0xa4f5d4afd6b9226b3004dd276a9f778eb75f2e9e,ca2-627fce499908ff82ad6d
metadata_stripped_bytecode,fb6b9610fa82511870638ddd5d9ab051cfbf3c9a6a80b288013748d789b1a6a4,1,1,1,False,False,bsc,0x8bfaa473a899439d8e07bf86a8c6ce5de42fe54b,ca2-ffbe4d4d4db010d46d01
metadata_stripped_bytecode,fbeeb80bc0fcd27ec64ff2c24ec410ade70d6b471d34418224dfb22e96e56b0c,1,1,1,False,False,bsc,0x5c9f1a9ced41ccc5dcecda5afc317b72f1e49636,ca2-e5a8dccafb3c4f63fdb2
metadata_stripped_bytecode,fc258b6a5f7e58d006327be1dc62908a9be9b72d121802a9dd3285d7d168e10b,1,1,1,False,False,bsc,0xb2b1dc3204ee8899d6575f419e72b53e370f6b20,ca2-d21da7d9fce0924660dc
metadata_stripped_bytecode,fc63ad62f4fc0a65f493ff0990ad3686f78d41a4660d939fb760b8473fe42408,1,1,1,False,False,bsc,0xb390b07fcf76678089cb12d8e615d5fe494b01fb,ca2-3d8e91015c9360a5a76f
metadata_stripped_bytecode,fd38c658f0388bcedf2d5f873c1d3290216c80584dae14290cc3f16b2fb5b16f,1,1,1,False,False,bsc,0x7057f3b0f4d0649b428f0d8378a8a0e7d21d36a7,ca2-9aabe02b00ee6b15427c
metadata_stripped_bytecode,fddcccd0cd2485138ac862077e69c60138e1be434fccd2d4ab7575d37dfe8931,1,1,1,False,False,ethereum,0xf0358e8c3cd5fa238a29301d0bea3d63a17bedbe,ca2-03a929a60d6ca387d4bb
metadata_stripped_bytecode,fe16067bb65c4fde5e8731043def08ed84e366882571cad50d3b587b647ab52a,1,1,1,False,False,bsc,0xb4e47c13db187d54839cd1e08422af57e5348fc1,ca2-0fab25d3b5b764c482c5
